"target_kind","issue","source","line","target","resolved_target","syntax","link_text_or_alt","mapped_from","candidates"
"markdown","missing same-page anchor","markdown/application-portfolio-management/application-portfolio-management-landing-page.md","35","#section_rts_qj4_dwb","markdown/application-portfolio-management/application-portfolio-management-landing-page.md#section_rts_qj4_dwb","markdown-link","Enterprise Modeling and Visualization","",""
"markdown","missing same-page anchor","markdown/servicenow-platform/servicenow-platform/Chunk770148849.md","29","#api-insights-sch-job-tag-reln","markdown/servicenow-platform/servicenow-platform/Chunk770148849.md#api-insights-sch-job-tag-reln","markdown-link","Schedule the tag-based mapping rule","",""
"markdown","missing target anchor","markdown/api-reference/rest-apis/bot-api.md","65","bot-api.md#vabot-ex-createconvo","markdown/api-reference/rest-apis/bot-api.md#vabot-ex-createconvo","markdown-link","CREATE_CONVERSATION","",""
"markdown","missing target anchor","markdown/api-reference/rest-apis/bot-api.md","68","bot-api.md#vabot-ex-sendhist","markdown/api-reference/rest-apis/bot-api.md#vabot-ex-sendhist","markdown-link","SEND_HISTORY","",""
"markdown","missing target anchor","markdown/api-reference/rest-apis/bot-api.md","77","bot-api.md#vabot-ex-updatemsg","markdown/api-reference/rest-apis/bot-api.md#vabot-ex-updatemsg","markdown-link","UPDATE_MESSAGES","",""
"markdown","missing target anchor","markdown/api-reference/rest-apis/Clotho-Time-Series-API.md","1032","Clotho-Time-Series-API.md#Supported_transforms","markdown/api-reference/rest-apis/Clotho-Time-Series-API.md#Supported_transforms","markdown-link","Supported Transforms","",""
"markdown","missing target anchor","markdown/api-reference/rest-apis/Clotho-Time-Series-API.md","1055","Clotho-Time-Series-API.md#Supported_transforms","markdown/api-reference/rest-apis/Clotho-Time-Series-API.md#Supported_transforms","markdown-link","Supported transforms","",""
"markdown","missing target anchor","markdown/api-reference/rest-apis/Clotho-Time-Series-API.md","1063","Clotho-Time-Series-API.md#Supported_transforms","markdown/api-reference/rest-apis/Clotho-Time-Series-API.md#Supported_transforms","markdown-link","Supported transforms","",""
"markdown","missing target anchor","markdown/api-reference/rest-apis/Clotho-Time-Series-API.md","2330","Clotho-Time-Series-API.md#Supported_transforms","markdown/api-reference/rest-apis/Clotho-Time-Series-API.md#Supported_transforms","markdown-link","Supported Transforms","",""
"markdown","missing target anchor","markdown/api-reference/rest-apis/Clotho-Time-Series-API.md","2353","Clotho-Time-Series-API.md#Supported_transforms","markdown/api-reference/rest-apis/Clotho-Time-Series-API.md#Supported_transforms","markdown-link","Supported transforms","",""
"markdown","missing target anchor","markdown/api-reference/rest-apis/Clotho-Time-Series-API.md","2361","Clotho-Time-Series-API.md#Supported_transforms","markdown/api-reference/rest-apis/Clotho-Time-Series-API.md#Supported_transforms","markdown-link","Supported transforms","",""
"markdown","missing target anchor","markdown/application-development/automated-test-framework-atf/atf-create-custom-step.md","64","atf-step-config-xmpls.md#qtf_33v_xw","markdown/application-development/automated-test-framework-atf/atf-step-config-xmpls.md#qtf_33v_xw","markdown-link",".","",""
"markdown","missing target anchor","markdown/application-development/automated-test-framework-atf/atf-step-categories.md","22","atf-create-custom-category.md#qlp_fw2_zw","markdown/application-development/automated-test-framework-atf/atf-create-custom-category.md#qlp_fw2_zw","markdown-link","Step Config Category Display name.","",""
"markdown","missing target anchor","markdown/application-development/now-assist-for-creator/generate-playbook-recommendations.md","43","generate-a-playbook-outline.md#configure-activity-inputs","markdown/application-development/now-assist-for-creator/generate-a-playbook-outline.md#configure-activity-inputs","markdown-link","11.e","",""
"markdown","missing target anchor","markdown/application-development/servicenow-ide-family-release/convert-application-servicenow-ide.md","46","../building-applications-source-code.md#application-structure","markdown/application-development/building-applications-source-code.md#application-structure","markdown-link","Application structure","",""
"markdown","missing target anchor","markdown/application-development/servicenow-ide-family-release/create-application-servicenow-ide.md","61","../building-applications-source-code.md#application-structure","markdown/application-development/building-applications-source-code.md#application-structure","markdown-link","Application structure","",""
"markdown","missing target anchor","markdown/application-development/servicenow-ide-family-release/servicenow-ide-user-interface.md","72","../building-applications-source-code.md#application-structure","markdown/application-development/building-applications-source-code.md#application-structure","markdown-link","Application structure","",""
"markdown","missing target anchor","markdown/application-development/servicenow-ide-family-release/tutorial-create-application-ide.md","90","../building-applications-source-code.md#application-structure","markdown/application-development/building-applications-source-code.md#application-structure","markdown-link","Application structure","",""
"markdown","missing target anchor","markdown/application-development/servicenow-sdk/convert-application-now-sdk.md","85","../building-applications-source-code.md#application-structure","markdown/application-development/building-applications-source-code.md#application-structure","markdown-link","Application structure","",""
"markdown","missing target anchor","markdown/application-development/servicenow-sdk/create-application-now-sdk.md","130","../building-applications-source-code.md#application-structure","markdown/application-development/building-applications-source-code.md#application-structure","markdown-link","Application structure","",""
"markdown","missing target anchor","markdown/application-development/servicenow-studio-classic/t_ResolveConflicts.md","46","t_ResolveConflicts.md#SelectAction","markdown/application-development/servicenow-studio-classic/t_ResolveConflicts.md#SelectAction","markdown-link","Step 3","",""
"markdown","missing target anchor","markdown/application-development/servicenow-studio-classic/t_ResolveConflicts.md","54","t_ResolveConflicts.md#Merge","markdown/application-development/servicenow-studio-classic/t_ResolveConflicts.md#Merge","markdown-link","Step 6","",""
"markdown","missing target anchor","markdown/application-development/team-development/t_DefineARemoteInstance.md","40","t_DefineARemoteInstance.md#step-1-add-exception","markdown/application-development/team-development/t_DefineARemoteInstance.md#step-1-add-exception","markdown-link","step 1","",""
"markdown","missing target anchor","markdown/application-development/team-development/t_DefineARemoteInstance.md","40","t_DefineARemoteInstance.md#step-5-submit","markdown/application-development/team-development/t_DefineARemoteInstance.md#step-5-submit","markdown-link","step 5","",""
"markdown","missing target anchor","markdown/application-development/team-development/t_PushAVersion.md","62","t_PushAVersion.md#step-2-queue-local-changes","markdown/application-development/team-development/t_PushAVersion.md#step-2-queue-local-changes","markdown-link","step 2","",""
"markdown","missing target anchor","markdown/application-development/team-development/t_PushAVersion.md","79","t_PushAVersion.md#step-3-pull-versions","markdown/application-development/team-development/t_PushAVersion.md#step-3-pull-versions","markdown-link","step 3","",""
"markdown","missing target anchor","markdown/application-development/team-development/t_SelectTheParentInstance.md","50","t_SelectTheParentInstance.md#step-1-navigate-team-dashboard","markdown/application-development/team-development/t_SelectTheParentInstance.md#step-1-navigate-team-dashboard","markdown-link","step 1","",""
"markdown","missing target anchor","markdown/application-development/team-development/t_SelectTheParentInstance.md","50","t_SelectTheParentInstance.md#step-2-click-link","markdown/application-development/team-development/t_SelectTheParentInstance.md#step-2-click-link","markdown-link","step 2","",""
"markdown","missing target anchor","markdown/application-development/ui-builder/bind-event-declarative-action.md","58","bind-event-declarative-action.md#step","markdown/application-development/ui-builder/bind-event-declarative-action.md#step","markdown-link","5","",""
"markdown","missing target anchor","markdown/application-development/ui-builder/workspace-side-navigation-settings.md","102","workspace-side-navigation-settings.md#step_edit-exp-settings","markdown/application-development/ui-builder/workspace-side-navigation-settings.md#step_edit-exp-settings","markdown-link","3","",""
"markdown","missing target anchor","markdown/application-development/ui-builder/workspace-side-navigation-settings.md","102","workspace-side-navigation-settings.md#step_side-nav","markdown/application-development/ui-builder/workspace-side-navigation-settings.md#step_side-nav","markdown-link","4","",""
"markdown","missing target anchor","markdown/build-workflows/workflow-studio/flow-triggers.md","422","flow-triggers.md#subflows-design-considerations","markdown/build-workflows/workflow-studio/flow-triggers.md#subflows-design-considerations","markdown-link","subflow","",""
"markdown","missing target anchor","markdown/build-workflows/workflow-studio/flows.md","154","flows.md#subflows-design-considerations","markdown/build-workflows/workflow-studio/flows.md#subflows-design-considerations","markdown-link","subflows","",""
"markdown","missing target anchor","markdown/build-workflows/workflow-studio/flows.md","164","flows.md#subflows-design-considerations","markdown/build-workflows/workflow-studio/flows.md#subflows-design-considerations","markdown-link","subflow","",""
"markdown","missing target anchor","markdown/build-workflows/workflow-studio/process-automation-designer-roles.md","137","content-filtering-playbooks.md#activity_def_req_roles","markdown/build-workflows/workflow-studio/content-filtering-playbooks.md#activity_def_req_roles","markdown-link","Required Roles","",""
"markdown","missing target anchor","markdown/build-workflows/workflow-studio/ssh-step-action-designer.md","153","jdbc-step.md#section_gqd_cy4_qhb","markdown/build-workflows/workflow-studio/jdbc-step.md#section_gqd_cy4_qhb","markdown-link","Sanitizing arguments using the escape class and function","",""
"markdown","missing target anchor","markdown/build-workflows/workflow-studio/user-access-playbooks.md","190","content-filtering-playbooks.md#activity_def_req_roles","markdown/build-workflows/workflow-studio/content-filtering-playbooks.md#activity_def_req_roles","markdown-link","Required Roles","",""
"markdown","missing target anchor","markdown/conversational-interfaces/ac-configure-chat-branding.md","144","ac-configure-chat-branding.md#ul_b3w_xsv_jvb","markdown/conversational-interfaces/ac-configure-chat-branding.md#ul_b3w_xsv_jvb","markdown-link","Change the color of items","",""
"markdown","missing target anchor","markdown/conversational-interfaces/ac-configure-chat-branding.md","145","ac-configure-chat-branding.md#customize-icons","markdown/conversational-interfaces/ac-configure-chat-branding.md#customize-icons","markdown-link","Customize the icons","",""
"markdown","missing target anchor","markdown/conversational-interfaces/ac-configure-chat-branding.md","146","ac-configure-chat-branding.md#customize-fonts","markdown/conversational-interfaces/ac-configure-chat-branding.md#customize-fonts","markdown-link","Customize the fonts used in the chat","",""
"markdown","missing target anchor","markdown/conversational-interfaces/virtual-agent/conversation-tab-pae.md","35","conversation-tab-pae.md#section_mdz_4f3_stb","markdown/conversational-interfaces/virtual-agent/conversation-tab-pae.md#section_mdz_4f3_stb","markdown-link","Download the conversation transcript","",""
"markdown","missing target anchor","markdown/conversational-interfaces/virtual-agent/link-msteams-bot-snow.md","27","create-msteams-bot-gcch.md#bot-details","markdown/conversational-interfaces/virtual-agent/create-msteams-bot-gcch.md#bot-details","markdown-link","Retrieve bot details","",""
"markdown","missing target anchor","markdown/conversational-interfaces/virtual-agent/messg-fbm-capture-info.md","73","messg-fbm-setup.md#time-zone","markdown/conversational-interfaces/virtual-agent/messg-fbm-setup.md#time-zone","markdown-link","1.f","",""
"markdown","missing target anchor","markdown/conversational-interfaces/virtual-agent/messg-whatsapp-setup.md","161","messg-whatsapp-setup.md#wa-hash","markdown/conversational-interfaces/virtual-agent/messg-whatsapp-setup.md#wa-hash","markdown-link","step 2","",""
"markdown","missing target anchor","markdown/conversational-interfaces/virtual-agent/messg-whatsapp-setup.md","169","messg-whatsapp-setup.md#wa-hash","markdown/conversational-interfaces/virtual-agent/messg-whatsapp-setup.md#wa-hash","markdown-link","step 2","",""
"markdown","missing target anchor","markdown/conversational-interfaces/virtual-agent/messg-whatsapp-setup.md","218","messg-whatsapp-setup.md#wa-auth-record","markdown/conversational-interfaces/virtual-agent/messg-whatsapp-setup.md#wa-auth-record","markdown-link","step 3","",""
"markdown","missing target anchor","markdown/conversational-interfaces/virtual-agent/teams-install-custom-app.md","33","create-bot-msteams.md#bot-details","markdown/conversational-interfaces/virtual-agent/create-bot-msteams.md#bot-details","markdown-link","Retrieve bot details","",""
"markdown","missing target anchor","markdown/conversational-interfaces/virtual-agent/va-interactions.md","148","va-interactions.md#section_vxj_vcq_b4b","markdown/conversational-interfaces/virtual-agent/va-interactions.md#section_vxj_vcq_b4b","markdown-link","Reasons for Closed Complete and Closed Abandoned states","",""
"markdown","missing target anchor","markdown/conversational-interfaces/virtual-agent/va-interactions.md","156","va-interactions.md#section_vxj_vcq_b4b","markdown/conversational-interfaces/virtual-agent/va-interactions.md#section_vxj_vcq_b4b","markdown-link","Reasons for Closed Complete and Closed Abandoned states","",""
"markdown","missing target anchor","markdown/customer-service-management/aem-style-components.md","107","aem-style-components.md#table_vhh_gjm_2mb","markdown/customer-service-management/aem-style-components.md#table_vhh_gjm_2mb","markdown-link","Color variable settings","",""
"markdown","missing target anchor","markdown/customer-service-management/c_OnScreenAlerts.md","26","c_OnScreenAlerts.md#section_why_gwg_scc","markdown/customer-service-management/c_OnScreenAlerts.md#section_why_gwg_scc","markdown-link","In a pop-up window that appears when a user accesses a form","",""
"markdown","missing target anchor","markdown/customer-service-management/c_OnScreenAlerts.md","27","c_OnScreenAlerts.md#section_myw_fwg_scc","markdown/customer-service-management/c_OnScreenAlerts.md#section_myw_fwg_scc","markdown-link","In an embedded list or a related list on a record form","",""
"markdown","missing target anchor","markdown/customer-service-management/case-categorization-components.md","81","case-categorization-components.md#table_njw_ztt_d1c","markdown/customer-service-management/case-categorization-components.md#table_njw_ztt_d1c","markdown-link","Logic for Skipped field values","",""
"markdown","missing target anchor","markdown/customer-service-management/csm-case-lines-case-line-page.md","25","csm-case-mgmt-case-lines-install-comp.md#section_owr_n1r_hfc","markdown/customer-service-management/csm-case-mgmt-case-lines-install-comp.md#section_owr_n1r_hfc","markdown-link","sn_customerservice.advanced_entitlements","",""
"markdown","missing target anchor","markdown/customer-service-management/csm-case-type-onboarding.md","67","csm-playbook-layout.md#section_oq5_3yw_5pb","markdown/customer-service-management/csm-playbook-layout.md#section_oq5_3yw_5pb","markdown-link","Focused activity view","",""
"markdown","missing target anchor","markdown/customer-service-management/csm-case-type-select-modals.md","24","csm-case-type-select-modals.md#section_p3t_k3f_svb","markdown/customer-service-management/csm-case-type-select-modals.md#section_p3t_k3f_svb","markdown-link","properties","",""
"markdown","missing target anchor","markdown/customer-service-management/csm-centered-chat-interaction-page.md","195","csm-centered-chat-interaction-page.md#section_imd_r1b_ldc","markdown/customer-service-management/csm-centered-chat-interaction-page.md#section_imd_r1b_ldc","markdown-link","Customer History component","",""
"markdown","missing target anchor","markdown/customer-service-management/csm-config-workspace-page-templates.md","73","csm-default-record-page.md#section_j3d_fyf_2xb","markdown/customer-service-management/csm-default-record-page.md#section_j3d_fyf_2xb","markdown-link","User presence component","",""
"markdown","missing target anchor","markdown/customer-service-management/csm-front-line-case-page.md","214","csm-front-line-case-page.md#section_urr_nrh_s1c","markdown/customer-service-management/csm-front-line-case-page.md#section_urr_nrh_s1c","markdown-link","Related lists component","",""
"markdown","missing target anchor","markdown/customer-service-management/csm-front-line-case-page.md","362","csm-front-line-case-page.md#section_j54_wlv_sdc","markdown/customer-service-management/csm-front-line-case-page.md#section_j54_wlv_sdc","markdown-link","Attach and share article","",""
"markdown","missing target anchor","markdown/customer-service-management/csm-front-line-case-page.md","432","csm-front-line-case-page.md#section_urr_nrh_s1c","markdown/customer-service-management/csm-front-line-case-page.md#section_urr_nrh_s1c","markdown-link","Related lists component","",""
"markdown","missing target anchor","markdown/customer-service-management/csm-invoice-operations.md","18","invoice-ops-installed-components.md#section_rvn_g3d_hdc","markdown/customer-service-management/invoice-ops-installed-components.md#section_rvn_g3d_hdc","markdown-link","Invoice case type","",""
"markdown","missing target anchor","markdown/customer-service-management/csm-native-voice-record-page.md","24","csm-native-voice-record-page.md#section_vx4_fzz_kdc","markdown/customer-service-management/csm-native-voice-record-page.md#section_vx4_fzz_kdc","markdown-link","OpenFrame configuration","",""
"markdown","missing target anchor","markdown/customer-service-management/csm-native-voice-record-page.md","33","csm-native-voice-record-page.md#section_vx4_fzz_kdc","markdown/customer-service-management/csm-native-voice-record-page.md#section_vx4_fzz_kdc","markdown-link","OpenFrame configuration","",""
"markdown","missing target anchor","markdown/customer-service-management/csm-native-voice-record-page.md","37","csm-native-voice-record-page.md#section_f2q_wcb_ldc","markdown/customer-service-management/csm-native-voice-record-page.md#section_f2q_wcb_ldc","markdown-link","Interaction Controls Component (ICC)","",""
"markdown","missing target anchor","markdown/customer-service-management/csm-native-voice-record-page.md","69","csm-native-voice-record-page.md#section_vx4_fzz_kdc","markdown/customer-service-management/csm-native-voice-record-page.md#section_vx4_fzz_kdc","markdown-link","OpenFrame configuration","",""
"markdown","missing target anchor","markdown/customer-service-management/csm-native-voice-record-page.md","106","csm-native-voice-record-page.md#section_vx4_fzz_kdc","markdown/customer-service-management/csm-native-voice-record-page.md#section_vx4_fzz_kdc","markdown-link","OpenFrame configuration","",""
"markdown","missing target anchor","markdown/customer-service-management/csm-native-voice-record-page.md","170","csm-native-voice-record-page.md#section_f2q_wcb_ldc","markdown/customer-service-management/csm-native-voice-record-page.md#section_f2q_wcb_ldc","markdown-link","Interaction Controls Component (ICC)","",""
"markdown","missing target anchor","markdown/customer-service-management/csm-native-voice-record-page.md","174","csm-native-voice-record-page.md#section_vx4_fzz_kdc","markdown/customer-service-management/csm-native-voice-record-page.md#section_vx4_fzz_kdc","markdown-link","OpenFrame configuration","",""
"markdown","missing target anchor","markdown/customer-service-management/csm-native-voice-record-page.md","243","csm-native-voice-record-page.md#section_vx4_fzz_kdc","markdown/customer-service-management/csm-native-voice-record-page.md#section_vx4_fzz_kdc","markdown-link","OpenFrame configuration","",""
"markdown","missing target anchor","markdown/customer-service-management/csm-order-ops-order-case-record-page.md","156","csm-front-line-case-page.md#section_urr_nrh_s1c","markdown/customer-service-management/csm-front-line-case-page.md#section_urr_nrh_s1c","markdown-link","Related Lists","",""
"markdown","missing target anchor","markdown/customer-service-management/csm-playbook-complaint-overview.md","67","csm-playbook-layout.md#section_oq5_3yw_5pb","markdown/customer-service-management/csm-playbook-layout.md#section_oq5_3yw_5pb","markdown-link","Focused activity view","",""
"markdown","missing target anchor","markdown/customer-service-management/csm-playbook-pages.md","174","csm-playbook-templates.md#section_uyk_sp3_cxb","markdown/customer-service-management/csm-playbook-templates.md#section_uyk_sp3_cxb","markdown-link","horizontal stage picker","",""
"markdown","missing target anchor","markdown/customer-service-management/csm-playbook-pages.md","175","csm-playbook-layout.md#section_oq5_3yw_5pb","markdown/customer-service-management/csm-playbook-layout.md#section_oq5_3yw_5pb","markdown-link","playbook activity view","",""
"markdown","missing target anchor","markdown/customer-service-management/csm-playbook-product-support.md","57","csm-playbook-layout.md#section_oq5_3yw_5pb","markdown/customer-service-management/csm-playbook-layout.md#section_oq5_3yw_5pb","markdown-link","Focused activity view","",""
"markdown","missing target anchor","markdown/customer-service-management/csm-workspace-chat-session-tabs.md","52","csm-workspace-chat-session-tabs.md#section_u4x_lgx_s2c","markdown/customer-service-management/csm-workspace-chat-session-tabs.md#section_u4x_lgx_s2c","markdown-link","SLA threshold timers","",""
"markdown","missing target anchor","markdown/customer-service-management/csm-workspace-form-headers.md","16","csm-front-line-case-page.md#section_nbp_lfh_zdc","markdown/customer-service-management/csm-front-line-case-page.md#section_nbp_lfh_zdc","markdown-link","record presence component","",""
"markdown","missing target anchor","markdown/customer-service-management/interaction-wrapup-modeless-dialog.md","29","interaction-wrapup-modeless-dialog.md#section_p2w_wj3_zdc","markdown/customer-service-management/interaction-wrapup-modeless-dialog.md#section_p2w_wj3_zdc","markdown-link","wrap-up segments","",""
"markdown","missing target anchor","markdown/customer-service-management/now-assist-for-csm/now-assist-csm-exploring.md","173","../../conversational-interfaces/now-assist-in-virtual-agent/using-now-assist-in-va.md#section_pl4_zjw_jzb","markdown/conversational-interfaces/now-assist-in-virtual-agent/using-now-assist-in-va.md#section_pl4_zjw_jzb","markdown-link","Multi-turn catalog ordering","",""
"markdown","missing target anchor","markdown/customer-service-management/playbook-select-activity-view.md","22","csm-playbook-layout.md#section_oq5_3yw_5pb","markdown/customer-service-management/csm-playbook-layout.md#section_oq5_3yw_5pb","markdown-link","playbook activity view","",""
"markdown","missing target anchor","markdown/customer-service-management/ra-csm-configure.md","37","ra-csm-custom-guidances.md#section_ny1_ccb_c2c","markdown/customer-service-management/ra-csm-custom-guidances.md#section_ny1_ccb_c2c","markdown-link","Incident","",""
"markdown","missing target anchor","markdown/customer-service-management/ra-csm-create-context-inputs.md","70","ra-csm-dynamic-context-inputs.md#section-config-ra-ci","markdown/customer-service-management/ra-csm-dynamic-context-inputs.md#section-config-ra-ci","markdown-link","Recommended Actions component on the record page in the UI Builder","",""
"markdown","missing target anchor","markdown/customer-service-management/ra-csm-guidances-attach-share-article.md","20","ra-csm-guidances-attach-share-article.md#section_yvx_rm4_cdc","markdown/customer-service-management/ra-csm-guidances-attach-share-article.md#section_yvx_rm4_cdc","markdown-link","Attach and add link in comment","",""
"markdown","missing target anchor","markdown/customer-service-management/ra-csm-guidances-attach-share-article.md","22","ra-csm-guidances-attach-share-article.md#section_qll_xm4_cdc","markdown/customer-service-management/ra-csm-guidances-attach-share-article.md#section_qll_xm4_cdc","markdown-link","Add link in work notes","",""
"markdown","missing target anchor","markdown/customer-service-management/ra-csm-guidances-attach-share-article.md","23","ra-csm-guidances-attach-share-article.md#section_bfj_1n4_cdc","markdown/customer-service-management/ra-csm-guidances-attach-share-article.md#section_bfj_1n4_cdc","markdown-link","Attach and add link in email","",""
"markdown","missing target anchor","markdown/customer-service-management/ra-csm-guidances-attach-share-article.md","25","ra-csm-guidances.md#section_d5n_l2f_ddc","markdown/customer-service-management/ra-csm-guidances.md#section_d5n_l2f_ddc","markdown-link","Configuring guidances in UI Builder","",""
"markdown","missing target anchor","markdown/customer-service-management/ra-csm-guidances-attach-share-article.md","36","ra-csm-guidances.md#section_d5n_l2f_ddc","markdown/customer-service-management/ra-csm-guidances.md#section_d5n_l2f_ddc","markdown-link","Configuring guidances in UI Builder","",""
"markdown","missing target anchor","markdown/customer-service-management/ra-csm-guidances-attach-share-article.md","131","ra-csm-guidances-attach-share-article.md#section_bfj_1n4_cdc","markdown/customer-service-management/ra-csm-guidances-attach-share-article.md#section_bfj_1n4_cdc","markdown-link","Attach and add link in email","",""
"markdown","missing target anchor","markdown/customer-service-management/ra-csm-guidances-attach-share-article.md","132","ra-csm-guidances-attach-share-article.md#section_yvx_rm4_cdc","markdown/customer-service-management/ra-csm-guidances-attach-share-article.md#section_yvx_rm4_cdc","markdown-link","Attach and add link in comment","",""
"markdown","missing target anchor","markdown/customer-service-management/ra-csm-guidances-attach-share-article.md","158","ra-csm-guidances-attach-share-article.md#section_bfj_1n4_cdc","markdown/customer-service-management/ra-csm-guidances-attach-share-article.md#section_bfj_1n4_cdc","markdown-link","Attach and add link in email","",""
"markdown","missing target anchor","markdown/customer-service-management/ra-csm-guidances-attach-share-article.md","159","ra-csm-guidances-attach-share-article.md#section_yvx_rm4_cdc","markdown/customer-service-management/ra-csm-guidances-attach-share-article.md#section_yvx_rm4_cdc","markdown-link","Attach and add link in comment","",""
"markdown","missing target anchor","markdown/customer-service-management/setting-up-csm-playbooks.md","32","setting-up-csm-playbooks.md#section_mvs_sqc_ybc","markdown/customer-service-management/setting-up-csm-playbooks.md#section_mvs_sqc_ybc","markdown-link","Configuring and configuring playbooks","",""
"markdown","missing target anchor","markdown/customer-service-management/setting-up-guided-decisions.md","49","components-installed-with-guided-decisions.md#section_jym_wrd_ywb","markdown/customer-service-management/components-installed-with-guided-decisions.md#section_jym_wrd_ywb","markdown-link","Assign roles to Guided Decisions users","",""
"markdown","missing target anchor","markdown/customer-service-management/workforce-optimization-for-customer-service/explore-demand-forecast-configurable-wfo-cs.md","79","components-installed-configurable-wfo-cs.md#forecast-properties","markdown/customer-service-management/workforce-optimization-for-customer-service/components-installed-configurable-wfo-cs.md#forecast-properties","markdown-link","Forecast properties","",""
"markdown","missing target anchor","markdown/customer-service-management/workforce-optimization-for-customer-service/explore-demand-forecast-configurable-wfo-cs.md","93","components-installed-configurable-wfo-cs.md#table_qtg_pwr_zmb","markdown/customer-service-management/workforce-optimization-for-customer-service/components-installed-configurable-wfo-cs.md#table_qtg_pwr_zmb","markdown-link","Formula parameters","",""
"markdown","missing target anchor","markdown/employee-service-management/contact-tracing/create-exposure-case.md","26","../emergency-self-report/emergency-self-report.md#section_tfx_xw5_1lb","markdown/employee-service-management/emergency-self-report/emergency-self-report.md#section_tfx_xw5_1lb","markdown-link","self-reporting option","",""
"markdown","missing target anchor","markdown/employee-service-management/contact-tracing/exposure-case-management.md","39","../emergency-self-report/emergency-self-report.md#section_tfx_xw5_1lb","markdown/employee-service-management/emergency-self-report/emergency-self-report.md#section_tfx_xw5_1lb","markdown-link","self-reporting option","",""
"markdown","missing target anchor","markdown/employee-service-management/employee-experience-foundation/ecpro-content-analytics-setup.md","93","ecpro-content-automation-analytics.md#section-collected-data","markdown/employee-service-management/employee-experience-foundation/ecpro-content-automation-analytics.md#section-collected-data","markdown-link","Collected data","",""
"markdown","missing target anchor","markdown/employee-service-management/employee-service-management/add-recommended-action-matter-task-1.md","31","../legal-investigations/legal-investigations-matter-task-form.md#p_recommaction_fields","markdown/employee-service-management/legal-investigations/legal-investigations-matter-task-form.md#p_recommaction_fields","markdown-link","fields specific to the recommended action","",""
"markdown","missing target anchor","markdown/employee-service-management/employee-service-management/add-recommended-action-matter-task.md","31","../legal-investigations/legal-investigations-matter-task-form.md#p_recommaction_fields","markdown/employee-service-management/legal-investigations/legal-investigations-matter-task-form.md#p_recommaction_fields","markdown-link","fields specific to the recommended action","",""
"markdown","missing target anchor","markdown/employee-service-management/legal-conflict-of-interest/approve-reject-coi-request.md","28","conflict-of-interest-overview.md#section_COI_Approal_Flow","markdown/employee-service-management/legal-conflict-of-interest/conflict-of-interest-overview.md#section_COI_Approal_Flow","markdown-link","Conflict of Interest – Approval flow","",""
"markdown","missing target anchor","markdown/employee-service-management/legal-investigations/add-interview-matter-task.md","34","legal-investigations-matter-task-form.md#p_interview_fields","markdown/employee-service-management/legal-investigations/legal-investigations-matter-task-form.md#p_interview_fields","markdown-link","fields specific to the interview","",""
"markdown","missing target anchor","markdown/employee-service-management/legal-investigations/submit-complaint-employee-center.md","114","integrate-lsd-hrsd.md#step_li_prop_group","markdown/employee-service-management/legal-investigations/integrate-lsd-hrsd.md#step_li_prop_group","markdown-link","the assignment group as configured","",""
"markdown","missing target anchor","markdown/employee-service-management/legal-request-management/close-legal-request.md","82","legal-properties.md#prop_lrm_request_open","markdown/employee-service-management/legal-request-management/legal-properties.md#prop_lrm_request_open","markdown-link","system property","",""
"markdown","missing target anchor","markdown/employee-service-management/legal-service-delivery/configure-legal-va.md","24","legal-va-conversations.md#section_legal_va_convo","markdown/employee-service-management/legal-service-delivery/legal-va-conversations.md#section_legal_va_convo","markdown-link","virtual agent conversation topics","",""
"markdown","missing target anchor","markdown/employee-service-management/legal-simple-contracts/schedule-import-sales-contract-crm.md","48","installed-with-legal-simple-contracts.md#section_scheduled_jobs","markdown/employee-service-management/legal-simple-contracts/installed-with-legal-simple-contracts.md#section_scheduled_jobs","markdown-link","Scheduled data imports","",""
"markdown","missing target anchor","markdown/employee-service-management/now-assist-for-wsd/maintenance-meeting-room-agent-ai.md","50","maintenance-meeting-room-agent-ai.md#section_bc5_ykn_x2c","markdown/employee-service-management/now-assist-for-wsd/maintenance-meeting-room-agent-ai.md#section_bc5_ykn_x2c","markdown-link","Select display","",""
"markdown","missing target anchor","markdown/employee-service-management/now-assist-for-wsd/manage-workplace-reservations-agent-ai.md","48","manage-workplace-reservations-agent-ai.md#section_bc5_ykn_x2c","markdown/employee-service-management/now-assist-for-wsd/manage-workplace-reservations-agent-ai.md#section_bc5_ykn_x2c","markdown-link","Select display","",""
"markdown","missing target anchor","markdown/field-service-management/work-order-management/t_CreateAWorkOrder.md","236","c_QualifyWorkOrders.md#AutomaticConfiguration","markdown/field-service-management/work-order-management/c_QualifyWorkOrders.md#AutomaticConfiguration","markdown-link","automatic qualification","",""
"markdown","missing target anchor","markdown/field-service-management/work-order-management/t_RequestAdditionalInformation.md","32","c_QualifyWorkOrders.md#AutomaticConfiguration","markdown/field-service-management/work-order-management/c_QualifyWorkOrders.md#AutomaticConfiguration","markdown-link","automatic qualification","",""
"markdown","missing target anchor","markdown/field-service-management/work-order-management/t_UseTheWorkOrderTemplate.md","30","c_QualifyWorkOrders.md#AutomaticConfiguration","markdown/field-service-management/work-order-management/c_QualifyWorkOrders.md#AutomaticConfiguration","markdown-link","automatic qualification","",""
"markdown","missing target anchor","markdown/financial-services-operations/configuring-fso-document-processor.md","16","components-installed-fso-document-processor.md#section_yj4_wgs_mhc","markdown/financial-services-operations/components-installed-fso-document-processor.md#section_yj4_wgs_mhc","markdown-link","UI Builder components","",""
"markdown","missing target anchor","markdown/financial-services-operations/fso-int_guide-table_defs.md","18","fso-int_guide-table_defs.md#sn_bom_credit_card","markdown/financial-services-operations/fso-int_guide-table_defs.md#sn_bom_credit_card","markdown-link","Credit Card [sn_bom_credit_card] table","",""
"markdown","missing target anchor","markdown/financial-services-operations/fso-int_guide-table_defs.md","19","fso-int_guide-table_defs.md#sn_bom_credit_card_service","markdown/financial-services-operations/fso-int_guide-table_defs.md#sn_bom_credit_card_service","markdown-link","Credit Card Service [sn_bom_credit_card_service] table","",""
"markdown","missing target anchor","markdown/financial-services-operations/fso-int_guide-table_defs.md","20","fso-int_guide-table_defs.md#sn_bom_document_inbound_document","markdown/financial-services-operations/fso-int_guide-table_defs.md#sn_bom_document_inbound_document","markdown-link","Inbound Document [sn_bom_document_inbound_document] table","",""
"markdown","missing target anchor","markdown/financial-services-operations/fso-int_guide-table_defs.md","21","fso-int_guide-table_defs.md#sn_bom_loan_service","markdown/financial-services-operations/fso-int_guide-table_defs.md#sn_bom_loan_service","markdown-link","Loan Service Case [sn_bom_loan_service] table","",""
"markdown","missing target anchor","markdown/financial-services-operations/fso-int_guide-table_defs.md","22","fso-int_guide-table_defs.md#sn_bom_mortgage","markdown/financial-services-operations/fso-int_guide-table_defs.md#sn_bom_mortgage","markdown-link","Mortgage [sn_bom_mortgage] table","",""
"markdown","missing target anchor","markdown/financial-services-operations/fso-int_guide-table_defs.md","23","fso-int_guide-table_defs.md#sn_bom_payment_inquiry","markdown/financial-services-operations/fso-int_guide-table_defs.md#sn_bom_payment_inquiry","markdown-link","Payment Inquiry Case [sn_bom_payment_inquiry] table","",""
"markdown","missing target anchor","markdown/financial-services-operations/fso-int_guide-table_defs.md","24","fso-int_guide-table_defs.md#sn_bom_checking_account","markdown/financial-services-operations/fso-int_guide-table_defs.md#sn_bom_checking_account","markdown-link","Personal Checking Account [sn_bom_checking_account] table","",""
"markdown","missing target anchor","markdown/financial-services-operations/fso-int_guide-table_defs.md","25","fso-int_guide-table_defs.md#sn_bom_personal_loan","markdown/financial-services-operations/fso-int_guide-table_defs.md#sn_bom_personal_loan","markdown-link","Personal Loan [sn_bom_personal_loan] table","",""
"markdown","missing target anchor","markdown/financial-services-operations/now-assist-for-financial-services-operations-fso/configure-customer-contextual-summarization-fso.md","22","supporting-information-for-now-assist-for-financial-services-operations-fso.md#section_ng1_bdj_mbc","markdown/financial-services-operations/now-assist-for-financial-services-operations-fso/supporting-information-for-now-assist-for-financial-services-operations-fso.md#section_ng1_bdj_mbc","markdown-link","Application information","",""
"markdown","missing target anchor","markdown/financial-services-operations/now-assist-for-financial-services-operations-fso/configure-customer-profile-summarization-fso.md","22","supporting-information-for-now-assist-for-financial-services-operations-fso.md#section_ng1_bdj_mbc","markdown/financial-services-operations/now-assist-for-financial-services-operations-fso/supporting-information-for-now-assist-for-financial-services-operations-fso.md#section_ng1_bdj_mbc","markdown-link","Application information","",""
"markdown","missing target anchor","markdown/financial-services-operations/now-assist-for-financial-services-operations-fso/configure-now-assist-for-fso.md","38","supporting-information-for-now-assist-for-financial-services-operations-fso.md#section_ng1_bdj_mbc","markdown/financial-services-operations/now-assist-for-financial-services-operations-fso/supporting-information-for-now-assist-for-financial-services-operations-fso.md#section_ng1_bdj_mbc","markdown-link","Application information","",""
"markdown","missing target anchor","markdown/financial-services-operations/now-assist-for-financial-services-operations-fso/configuring-disputes-intake-via-virtual-agent.md","36","supporting-information-for-now-assist-for-financial-services-operations-fso.md#section_ng1_bdj_mbc","markdown/financial-services-operations/now-assist-for-financial-services-operations-fso/supporting-information-for-now-assist-for-financial-services-operations-fso.md#section_ng1_bdj_mbc","markdown-link","Application information","",""
"markdown","missing target anchor","markdown/financial-services-operations/now-assist-for-financial-services-operations-fso/configuring-now-assist-skills-for-fso.md","47","now-assist-for-financial-services-operations.md#section_yvd_n43_qbc","markdown/financial-services-operations/now-assist-for-financial-services-operations-fso/now-assist-for-financial-services-operations.md#section_yvd_n43_qbc","markdown-link","Federal exclusion notice","",""
"markdown","missing target anchor","markdown/governance-risk-compliance/associate-plan-task-event.md","48","view-exercise-crisis-event-details.md#ref-calc-actual-dur","markdown/governance-risk-compliance/view-exercise-crisis-event-details.md#ref-calc-actual-dur","markdown-link","Calculation of actual duration and total effort to recover an event asset","",""
"markdown","missing target anchor","markdown/governance-risk-compliance/audit-management/create-observation-audit-task-auditor-ws.md","42","create-observation-audit-ws.md#create-observation-auditor-audit-ws","markdown/governance-risk-compliance/audit-management/create-observation-audit-ws.md#create-observation-auditor-audit-ws","markdown-link","Create New Observation","",""
"markdown","missing target anchor","markdown/governance-risk-compliance/audit-management/t_CreateAnIssue.md","28","../policy-and-compliance-management/r_InstallWPolAndCompl.md#acls-issue-busin-user","markdown/governance-risk-compliance/policy-and-compliance-management/r_InstallWPolAndCompl.md#acls-issue-busin-user","markdown-link","GRC business user role to control access and track usage of compliance tables","",""
"markdown","missing target anchor","markdown/governance-risk-compliance/grc-compliance-management-workspace/request-policy-exception-ws.md","404","../policy-and-compliance-management/request-policy-extension-platform.md#substeps_pol-ext-multi","markdown/governance-risk-compliance/policy-and-compliance-management/request-policy-extension-platform.md#substeps_pol-ext-multi","markdown-link","Configure the number of extensions allowed for a policy exception","",""
"markdown","missing target anchor","markdown/governance-risk-compliance/grc-compliance-management-workspace/request-policy-exception-ws.md","406","../policy-and-compliance-management/request-policy-extension-platform.md#request-exten-pol-excep","markdown/governance-risk-compliance/policy-and-compliance-management/request-policy-extension-platform.md#request-exten-pol-excep","markdown-link","enter the details in the Request extension pop-up","",""
"markdown","missing target anchor","markdown/governance-risk-compliance/policy-and-compliance-management/create-control-indicator-2.md","293","grc-assessments-employee-center.md#grc-tasks-bu-lite","markdown/governance-risk-compliance/policy-and-compliance-management/grc-assessments-employee-center.md#grc-tasks-bu-lite","markdown-link","GRC tasks in the employee center portal","",""
"markdown","missing target anchor","markdown/governance-risk-compliance/policy-and-compliance-management/remediate-issue.md","24","r_InstallWPolAndCompl.md#acls-remediation-busin-user","markdown/governance-risk-compliance/policy-and-compliance-management/r_InstallWPolAndCompl.md#acls-remediation-busin-user","markdown-link","GRC business user role to control access and track usage of compliance tables","",""
"markdown","missing target anchor","markdown/governance-risk-compliance/smart-assessment-engine/configure-scoring-for-assessments.md","57","scoring-forms.md#section_tpx_3bk_k3c","markdown/governance-risk-compliance/smart-assessment-engine/scoring-forms.md#section_tpx_3bk_k3c","markdown-link","Question scoring form","",""
"markdown","missing target anchor","markdown/governance-risk-compliance/smart-assessment-engine/configure-scoring-for-assessments.md","82","scoring-forms.md#section_xbl_4bk_k3c","markdown/governance-risk-compliance/smart-assessment-engine/scoring-forms.md#section_xbl_4bk_k3c","markdown-link","Section scoring form","",""
"markdown","missing target anchor","markdown/governance-risk-compliance/third-party-risk-management/tprm-ws-dd-mgt-pg-details-tab.md","102","tprm-workflow-in-workspace.md#def_contract_risk_process","markdown/governance-risk-compliance/third-party-risk-management/tprm-workflow-in-workspace.md#def_contract_risk_process","markdown-link","Contract Risk process","",""
"markdown","missing target anchor","markdown/governance-risk-compliance/view-recovery-task-self-service.md","40","view-exercise-crisis-event-details.md#rec-task-state-trans","markdown/governance-risk-compliance/view-exercise-crisis-event-details.md#rec-task-state-trans","markdown-link","State transitions of an event task","",""
"markdown","missing target anchor","markdown/government-industry/psds-explore-data-management.md","63","roles-installed-with-public-sector-digital-services.md#section_qmx_qfp_bvb","markdown/government-industry/roles-installed-with-public-sector-digital-services.md#section_qmx_qfp_bvb","markdown-link","Business Stakeholder for Public Sector Digital Services","",""
"markdown","missing target anchor","markdown/healthcare-life-sciences/healthcare-and-life-sciences-service-management-core/hcls-config-policy-consent.md","105","hcls-config-policy-consent.md#policy_type","markdown/healthcare-life-sciences/healthcare-and-life-sciences-service-management-core/hcls-config-policy-consent.md#policy_type","markdown-link","Policy type","",""
"markdown","missing target anchor","markdown/healthcare-life-sciences/healthcare-and-life-sciences-service-management-core/hcls-config-privacy-policy.md","105","hcls-config-privacy-policy.md#policy_type","markdown/healthcare-life-sciences/healthcare-and-life-sciences-service-management-core/hcls-config-privacy-policy.md#policy_type","markdown-link","Policy type","",""
"markdown","missing target anchor","markdown/healthcare-life-sciences/healthcare-and-life-sciences-service-management-core/hcls-policy-form.md","94","hcls-policy-form.md#policy_type","markdown/healthcare-life-sciences/healthcare-and-life-sciences-service-management-core/hcls-policy-form.md#policy_type","markdown-link","Policy type","",""
"markdown","missing target anchor","markdown/healthcare-life-sciences/healthcare-and-life-sciences-service-management-core/hcls-viewing-home-page.md","36","hcls-viewing-home-page.md#dlentry_cy2_pk4_dsb","markdown/healthcare-life-sciences/healthcare-and-life-sciences-service-management-core/hcls-viewing-home-page.md#dlentry_cy2_pk4_dsb","markdown-link","Important items","",""
"markdown","missing target anchor","markdown/healthcare-life-sciences/healthcare-and-life-sciences-service-management-core/hcls-viewing-home-page.md","38","hcls-viewing-home-page.md#dlentry_qcc_zvw_2qb","markdown/healthcare-life-sciences/healthcare-and-life-sciences-service-management-core/hcls-viewing-home-page.md#dlentry_qcc_zvw_2qb","markdown-link","My active cases","",""
"markdown","missing target anchor","markdown/healthcare-life-sciences/pre-visit-connector-contributor.md","27","pre-visit-connector-contributor.md#section_r5b_czw_ztb","markdown/healthcare-life-sciences/pre-visit-connector-contributor.md#section_r5b_czw_ztb","markdown-link","Contributor","",""
"markdown","missing target anchor","markdown/healthcare-life-sciences/pre-visit-playbook.md","38","pre-visit-playbook.md#section_r4f_qjv_2rb","markdown/healthcare-life-sciences/pre-visit-playbook.md#section_r4f_qjv_2rb","markdown-link","Intake","",""
"markdown","missing target anchor","markdown/healthcare-life-sciences/pre-visit-playbook.md","46","pre-visit-playbook.md#section_rwx_tjv_2rb","markdown/healthcare-life-sciences/pre-visit-playbook.md#section_rwx_tjv_2rb","markdown-link","Pre-authorizations","",""
"markdown","missing target anchor","markdown/healthcare-life-sciences/pre-visit-playbook.md","54","pre-visit-playbook.md#section_zzj_yjv_2rb","markdown/healthcare-life-sciences/pre-visit-playbook.md#section_zzj_yjv_2rb","markdown-link","Schedule procedure","",""
"markdown","missing target anchor","markdown/healthcare-life-sciences/pre-visit-playbook.md","62","pre-visit-playbook.md#section_azx_gkv_2rb","markdown/healthcare-life-sciences/pre-visit-playbook.md#section_azx_gkv_2rb","markdown-link","Resolve and close","",""
"markdown","missing target anchor","markdown/healthcare-life-sciences/pss-connector-contributor.md","27","pss-connector-contributor.md#section_wyb_lby_ztb","markdown/healthcare-life-sciences/pss-connector-contributor.md#section_wyb_lby_ztb","markdown-link","Contributor","",""
"markdown","missing target anchor","markdown/healthcare-life-sciences/pss-playbook.md","38","pss-playbook.md#section_o5n_czv_crb","markdown/healthcare-life-sciences/pss-playbook.md#section_o5n_czv_crb","markdown-link","Intake","",""
"markdown","missing target anchor","markdown/healthcare-life-sciences/pss-playbook.md","56","pss-playbook.md#section_scf_5xx_crb","markdown/healthcare-life-sciences/pss-playbook.md#section_scf_5xx_crb","markdown-link","Prescription details","",""
"markdown","missing target anchor","markdown/healthcare-life-sciences/pss-playbook.md","72","pss-playbook.md#section_efd_c1y_crb","markdown/healthcare-life-sciences/pss-playbook.md#section_efd_c1y_crb","markdown-link","Resolve and close","",""
"markdown","missing target anchor","markdown/healthcare-life-sciences/pss-viewing-training-page.md","44","pss-viewing-training-page.md#dlentry_ec4_35q_2rb","markdown/healthcare-life-sciences/pss-viewing-training-page.md#dlentry_ec4_35q_2rb","markdown-link","My Tasks","",""
"markdown","missing target anchor","markdown/healthcare-life-sciences/pss-viewing-training-page.md","45","pss-viewing-training-page.md#dlentry_o5w_pht_brb","markdown/healthcare-life-sciences/pss-viewing-training-page.md#dlentry_o5w_pht_brb","markdown-link","Tasks by State","",""
"markdown","missing target anchor","markdown/healthcare-life-sciences/pss-viewing-training-page.md","46","pss-viewing-training-page.md#dlentry_pqr_h5q_2rb","markdown/healthcare-life-sciences/pss-viewing-training-page.md#dlentry_pqr_h5q_2rb","markdown-link","My Team's tasks","",""
"markdown","missing target anchor","markdown/impact/accelerator-and-initiative-list/architecture-blueprint.md","42","architecture-blueprint.md#requested-info","markdown/impact/accelerator-and-initiative-list/architecture-blueprint.md#requested-info","markdown-link","Requested information/access","",""
"markdown","missing target anchor","markdown/impact/accelerator-and-initiative-list/architecture-blueprint.md","228","architecture-blueprint.md#requested-info","markdown/impact/accelerator-and-initiative-list/architecture-blueprint.md#requested-info","markdown-link","Requested information/access","",""
"markdown","missing target anchor","markdown/integrate-applications/connector-eventlog-methods.md","22","parameters-eventlog-methods.md#parameter-input-write-type","markdown/integrate-applications/parameters-eventlog-methods.md#parameter-input-write-type","markdown-link","Type","",""
"markdown","missing target anchor","markdown/integrate-applications/connector-eventlog-methods.md","24","parameters-eventlog-methods.md#parameter-input-write-source","markdown/integrate-applications/parameters-eventlog-methods.md#parameter-input-write-source","markdown-link","Source","",""
"markdown","missing target anchor","markdown/integrate-applications/connector-eventlog-methods.md","26","parameters-eventlog-methods.md#parameter-input-write-message","markdown/integrate-applications/parameters-eventlog-methods.md#parameter-input-write-message","markdown-link","Message","",""
"markdown","missing target anchor","markdown/integrate-applications/connector-eventlog-methods.md","35","parameters-eventlog-methods.md#parameter-input-write-type","markdown/integrate-applications/parameters-eventlog-methods.md#parameter-input-write-type","markdown-link","Type","",""
"markdown","missing target anchor","markdown/integrate-applications/connector-eventlog-methods.md","37","parameters-eventlog-methods.md#parameter-input-write-source","markdown/integrate-applications/parameters-eventlog-methods.md#parameter-input-write-source","markdown-link","Source","",""
"markdown","missing target anchor","markdown/integrate-applications/connector-eventlog-methods.md","39","parameters-eventlog-methods.md#parameter-input-write-message","markdown/integrate-applications/parameters-eventlog-methods.md#parameter-input-write-message","markdown-link","Message","",""
"markdown","missing target anchor","markdown/integrate-applications/connector-powershell-methods.md","28","parameters-powershell-connectors.md#parameter-powershell-method-commandstring","markdown/integrate-applications/parameters-powershell-connectors.md#parameter-powershell-method-commandstring","markdown-link","Command (String)","",""
"markdown","missing target anchor","markdown/integrate-applications/connector-powershell-methods.md","32","parameters-powershell-connectors.md#parameter-powershell-method-output-return","markdown/integrate-applications/parameters-powershell-connectors.md#parameter-powershell-method-output-return","markdown-link","Return","",""
"markdown","missing target anchor","markdown/integrate-applications/connector-powershell-methods.md","47","parameters-powershell-connectors.md#parameter-powershell-output-return","markdown/integrate-applications/parameters-powershell-connectors.md#parameter-powershell-output-return","markdown-link","Return","",""
"markdown","missing target anchor","markdown/integrate-applications/connector-powershell-methods.md","69","parameters-powershell-connectors.md#PSOBjectToString-output-return","markdown/integrate-applications/parameters-powershell-connectors.md#PSOBjectToString-output-return","markdown-link","Return (String)","",""
"markdown","missing target anchor","markdown/integrate-applications/connector-powershell-methods.md","82","parameters-powershell-connectors.md#Serialize-input-PSObject","markdown/integrate-applications/parameters-powershell-connectors.md#Serialize-input-PSObject","markdown-link","PSObject","",""
"markdown","missing target anchor","markdown/integrate-applications/connector-powershell-methods.md","86","parameters-powershell-connectors.md#Serialize-output-Return","markdown/integrate-applications/parameters-powershell-connectors.md#Serialize-output-Return","markdown-link","Return (String)","",""
"markdown","missing target anchor","markdown/integrate-applications/connector-wmi-methods.md","35","connector-wmi-method-parameters.md#parameter-wmi-getdiskdetails-output-hashtable","markdown/integrate-applications/connector-wmi-method-parameters.md#parameter-wmi-getdiskdetails-output-hashtable","markdown-link","Hashtable","",""
"markdown","missing target anchor","markdown/integrate-applications/connector-wmi-methods.md","48","connector-wmi-method-parameters.md#parameter-wmi-GetEnvironmentValue-output-returns","markdown/integrate-applications/connector-wmi-method-parameters.md#parameter-wmi-GetEnvironmentValue-output-returns","markdown-link","Return","",""
"markdown","missing target anchor","markdown/integrate-applications/connector-wmi-methods.md","57","connector-wmi-method-parameters.md#GetProcessesByCpuUsage-input-return","markdown/integrate-applications/connector-wmi-method-parameters.md#GetProcessesByCpuUsage-input-return","markdown-link","Return (Sorted Dictionary)","",""
"markdown","missing target anchor","markdown/integrate-applications/connector-wmi-methods.md","66","connector-wmi-method-parameters.md#GetProcessesByMemUsage-output-return","markdown/integrate-applications/connector-wmi-method-parameters.md#GetProcessesByMemUsage-output-return","markdown-link","Return (Sorted Dictionary)","",""
"markdown","missing target anchor","markdown/integrate-applications/connector-wmi-methods.md","75","connector-wmi-method-parameters.md#PageFaultsPerSecond-output-return","markdown/integrate-applications/connector-wmi-method-parameters.md#PageFaultsPerSecond-output-return","markdown-link","Return","",""
"markdown","missing target anchor","markdown/integrate-applications/connector-wmi-methods.md","84","connector-wmi-method-parameters.md#PageFilePercentUsage-output-return","markdown/integrate-applications/connector-wmi-method-parameters.md#PageFilePercentUsage-output-return","markdown-link","Return","",""
"markdown","missing target anchor","markdown/integrate-applications/connector-wmi-methods.md","93","connector-wmi-method-parameters.md#PercentMemoryUsage-output-return","markdown/integrate-applications/connector-wmi-method-parameters.md#PercentMemoryUsage-output-return","markdown-link","Return","",""
"markdown","missing target anchor","markdown/integrate-applications/connector-wmi-methods.md","102","connector-wmi-method-parameters.md#PercentProcessorUsage-output-return","markdown/integrate-applications/connector-wmi-method-parameters.md#PercentProcessorUsage-output-return","markdown-link","Return","",""
"markdown","missing target anchor","markdown/integrate-applications/connector-wmi-methods.md","117","connector-wmi-method-parameters.md#parameter-wmi-query-output-return","markdown/integrate-applications/connector-wmi-method-parameters.md#parameter-wmi-query-output-return","markdown-link","Return","",""
"markdown","missing target anchor","markdown/integrate-applications/connector-wmi-methods.md","130","connector-wmi-method-parameters.md#AvailableMBytes-output-return","markdown/integrate-applications/connector-wmi-method-parameters.md#AvailableMBytes-output-return","markdown-link","Return","",""
"markdown","missing target anchor","markdown/integrate-applications/connector-xmlTemplate-methods.md","28","parameters-xmlTemplate-methods.md#parameter-input-clasify-filepath","markdown/integrate-applications/parameters-xmlTemplate-methods.md#parameter-input-clasify-filepath","markdown-link","FilePath","",""
"markdown","missing target anchor","markdown/integrate-applications/connector-xmlTemplate-methods.md","30","parameters-xmlTemplate-methods.md#parameter-input-clasify-status","markdown/integrate-applications/parameters-xmlTemplate-methods.md#parameter-input-clasify-status","markdown-link","Status","",""
"markdown","missing target anchor","markdown/integrate-applications/connectors-chrome-methods.md","319","element-level-method-parameters.md#parameters-common-input-clearexistingvalue","markdown/integrate-applications/element-level-method-parameters.md#parameters-common-input-clearexistingvalue","markdown-link","ClearExistingValue","",""
"markdown","missing target anchor","markdown/integrate-applications/connectors-chrome-methods.md","321","element-level-method-parameters.md#parameters-common-input-typedelay","markdown/integrate-applications/element-level-method-parameters.md#parameters-common-input-typedelay","markdown-link","TypeDelay","",""
"markdown","missing target anchor","markdown/integrate-applications/connectors-ie-methods.md","32","method-parameter-ie.md#URL-IE","markdown/integrate-applications/method-parameter-ie.md#URL-IE","markdown-link","URL","",""
"markdown","missing target anchor","markdown/integrate-applications/connectors-ie-methods.md","36","method-parameter-ie.md#navigate-output-return-boolean","markdown/integrate-applications/method-parameter-ie.md#navigate-output-return-boolean","markdown-link","Return (Boolean)","",""
"markdown","missing target anchor","markdown/integrate-applications/connectors-ie-methods.md","45","method-parameter-ie.md#MatchAllChildren","markdown/integrate-applications/method-parameter-ie.md#MatchAllChildren","markdown-link","MatchAllChildren","",""
"markdown","missing target anchor","markdown/integrate-applications/connectors-ie-methods.md","47","method-parameter-ie.md#Timeout-ie","markdown/integrate-applications/method-parameter-ie.md#Timeout-ie","markdown-link","Timeout","",""
"markdown","missing target anchor","markdown/integrate-applications/connectors-ie-methods.md","57","method-parameter-ie.md#downloadfile-input-url","markdown/integrate-applications/method-parameter-ie.md#downloadfile-input-url","markdown-link","Url","",""
"markdown","missing target anchor","markdown/integrate-applications/connectors-ie-methods.md","59","method-parameter-ie.md#downloadfile-input-filename","markdown/integrate-applications/method-parameter-ie.md#downloadfile-input-filename","markdown-link","fileName","",""
"markdown","missing target anchor","markdown/integrate-applications/connectors-ie-methods.md","63","method-parameter-ie.md#downloadfile-output-return-boolean","markdown/integrate-applications/method-parameter-ie.md#downloadfile-output-return-boolean","markdown-link","Return (Boolean)","",""
"markdown","missing target anchor","markdown/integrate-applications/connectors-ie-methods.md","86","method-parameter-ie.md#executejavascript-output-return-object","markdown/integrate-applications/method-parameter-ie.md#executejavascript-output-return-object","markdown-link","Return (Object)","",""
"markdown","missing target anchor","markdown/integrate-applications/connectors-ie-methods.md","95","method-parameter-ie.md#getvaluebyxpath-input-xpath","markdown/integrate-applications/method-parameter-ie.md#getvaluebyxpath-input-xpath","markdown-link","XPath (String)","",""
"markdown","missing target anchor","markdown/integrate-applications/connectors-ie-methods.md","99","method-parameter-ie.md#getvaluebyxpath-output-return","markdown/integrate-applications/method-parameter-ie.md#getvaluebyxpath-output-return","markdown-link","Return (String)","",""
"markdown","missing target anchor","markdown/integrate-applications/connectors-ie-methods.md","133","method-parameter-ie.md#geturl-output-return","markdown/integrate-applications/method-parameter-ie.md#geturl-output-return","markdown-link","Return (String)","",""
"markdown","missing target anchor","markdown/integrate-applications/connectors-ie-methods.md","141","method-parameter-ie.md#waitforcreate-input-timeoutinseconds","markdown/integrate-applications/method-parameter-ie.md#waitforcreate-input-timeoutinseconds","markdown-link","timeoutInSeconds","",""
"markdown","missing target anchor","markdown/integrate-applications/connectors-ie-methods.md","143","method-parameter-ie.md#MatchAllChildren","markdown/integrate-applications/method-parameter-ie.md#MatchAllChildren","markdown-link","MatchAllChildren","",""
"markdown","missing target anchor","markdown/integrate-applications/connectors-ie-methods.md","147","method-parameter-ie.md#waitforcreate-output-return-boolean","markdown/integrate-applications/method-parameter-ie.md#waitforcreate-output-return-boolean","markdown-link","Return (Boolean)","",""
"markdown","missing target anchor","markdown/integrate-applications/connectors-ie-methods.md","159","method-parameter-ie.md#sendkeys-input-keys","markdown/integrate-applications/method-parameter-ie.md#sendkeys-input-keys","markdown-link","Keys","",""
"markdown","missing target anchor","markdown/integrate-applications/connectors-ie-methods.md","161","method-parameter-ie.md#sendkeys-input-matchallchildren","markdown/integrate-applications/method-parameter-ie.md#sendkeys-input-matchallchildren","markdown-link","MatchAllChildren","",""
"markdown","missing target anchor","markdown/integrate-applications/connectors-ie-methods.md","163","method-parameter-ie.md#sendkeys-input-TypeDelay","markdown/integrate-applications/method-parameter-ie.md#sendkeys-input-TypeDelay","markdown-link","TypeDelay","",""
"markdown","missing target anchor","markdown/integrate-applications/connectors-ie-methods.md","179","method-parameter-ie.md#isready-output-return-boolean","markdown/integrate-applications/method-parameter-ie.md#isready-output-return-boolean","markdown-link","Return (Boolean)","",""
"markdown","missing target anchor","markdown/integrate-applications/connectors-ie-methods.md","187","method-parameter-ie.md#matchallchildren-input-matchAllChildren","markdown/integrate-applications/method-parameter-ie.md#matchallchildren-input-matchAllChildren","markdown-link","matchAllChildren","",""
"markdown","missing target anchor","markdown/integrate-applications/connectors-ie-methods.md","191","method-parameter-ie.md#matchallchildren-output-return-boolean","markdown/integrate-applications/method-parameter-ie.md#matchallchildren-output-return-boolean","markdown-link","Return (Boolean)","",""
"markdown","missing target anchor","markdown/integrate-applications/connectors-ie-methods.md","199","method-parameter-ie.md#MatchAllChildren","markdown/integrate-applications/method-parameter-ie.md#MatchAllChildren","markdown-link","MatchAllChildren","",""
"markdown","missing target anchor","markdown/integrate-applications/connectors-ie-methods.md","203","method-parameter-ie.md#iscreated-output-boolean","markdown/integrate-applications/method-parameter-ie.md#iscreated-output-boolean","markdown-link","Return (Boolean)","",""
"markdown","missing target anchor","markdown/integrate-applications/connectors-ie-methods.md","220","method-parameter-ie.md#print-input-noprompt","markdown/integrate-applications/method-parameter-ie.md#print-input-noprompt","markdown-link","NoPrompt","",""
"markdown","missing target anchor","markdown/integrate-applications/connectors-ie-methods.md","228","method-parameter-ie.md#getpagesource-output-return","markdown/integrate-applications/method-parameter-ie.md#getpagesource-output-return","markdown-link","Return (String)","",""
"markdown","missing target anchor","markdown/integrate-applications/connectors-ie-methods.md","236","method-parameter-ie.md#getscreenshot-output-return-bitmap","markdown/integrate-applications/method-parameter-ie.md#getscreenshot-output-return-bitmap","markdown-link","Return (Bitmap)","",""
"markdown","missing target anchor","markdown/integrate-applications/connectors-ie-methods.md","244","method-parameter-ie.md#gettitle-output-string","markdown/integrate-applications/method-parameter-ie.md#gettitle-output-string","markdown-link","Return (String)","",""
"markdown","missing target anchor","markdown/integrate-applications/connectors-ie-methods.md","259","method-parameter-ie.md#getfields-output-formfield","markdown/integrate-applications/method-parameter-ie.md#getfields-output-formfield","markdown-link","Form field","",""
"markdown","missing target anchor","markdown/integrate-applications/connectors-ie-methods.md","267","method-parameter-ie.md#focus-output-return-boolean","markdown/integrate-applications/method-parameter-ie.md#focus-output-return-boolean","markdown-link","Return (Boolean)","",""
"markdown","missing target anchor","markdown/integrate-applications/connectors-ie-methods.md","287","method-parameter-ie.md#GetInnerHTML-output-return-string","markdown/integrate-applications/method-parameter-ie.md#GetInnerHTML-output-return-string","markdown-link","Return (String)","",""
"markdown","missing target anchor","markdown/integrate-applications/connectors-ie-methods.md","295","method-parameter-ie.md#GetInnerText-output-return-string","markdown/integrate-applications/method-parameter-ie.md#GetInnerText-output-return-string","markdown-link","Return (String)","",""
"markdown","missing target anchor","markdown/integrate-applications/connectors-ie-methods.md","303","method-parameter-ie.md#GetOuterHTML-output-return-string","markdown/integrate-applications/method-parameter-ie.md#GetOuterHTML-output-return-string","markdown-link","Return (String)","",""
"markdown","missing target anchor","markdown/integrate-applications/connectors-ie-methods.md","311","method-parameter-ie.md#GetURL-output-return-string","markdown/integrate-applications/method-parameter-ie.md#GetURL-output-return-string","markdown-link","Return (String)","",""
"markdown","missing target anchor","markdown/integrate-applications/connectors-msword-methods.md","693","method-parameter-msword.md#RowIndex","markdown/integrate-applications/method-parameter-msword.md#RowIndex","markdown-link","RowIndex","",""
"markdown","missing target anchor","markdown/integrate-applications/connectors-queues-methods.md","34","queue-connector-method-parameters.md#parameter-input-createjsonworkitem-name","markdown/integrate-applications/queue-connector-method-parameters.md#parameter-input-createjsonworkitem-name","markdown-link","Name","",""
"markdown","missing target anchor","markdown/integrate-applications/connectors-queues-methods.md","36","queue-connector-method-parameters.md#parameter-input-createjsonworkitem-priority","markdown/integrate-applications/queue-connector-method-parameters.md#parameter-input-createjsonworkitem-priority","markdown-link","Priority","",""
"markdown","missing target anchor","markdown/integrate-applications/connectors-queues-methods.md","40","queue-connector-method-parameters.md#parameter-output-createjsonworkitem-workitemid","markdown/integrate-applications/queue-connector-method-parameters.md#parameter-output-createjsonworkitem-workitemid","markdown-link","WorkItemId","",""
"markdown","missing target anchor","markdown/integrate-applications/connectors-queues-methods.md","42","queue-connector-method-parameters.md#parameter-output-createjsonworkitem-isnameexists","markdown/integrate-applications/queue-connector-method-parameters.md#parameter-output-createjsonworkitem-isnameexists","markdown-link","IsNameExists","",""
"markdown","missing target anchor","markdown/integrate-applications/connectors-queues-methods.md","135","queue-connector-method-parameters.md#paramater-input-CreateStringWorkItem-requestcontent","markdown/integrate-applications/queue-connector-method-parameters.md#paramater-input-CreateStringWorkItem-requestcontent","markdown-link","RequestContent","",""
"markdown","missing target anchor","markdown/integrate-applications/connectors-queues-methods.md","137","queue-connector-method-parameters.md#parameter-input-createjsonworkitem-name","markdown/integrate-applications/queue-connector-method-parameters.md#parameter-input-createjsonworkitem-name","markdown-link","Name","",""
"markdown","missing target anchor","markdown/integrate-applications/connectors-queues-methods.md","141","queue-connector-method-parameters.md#parameter-output-createjsonworkitem-workitemid","markdown/integrate-applications/queue-connector-method-parameters.md#parameter-output-createjsonworkitem-workitemid","markdown-link","WorkItemId","",""
"markdown","missing target anchor","markdown/integrate-applications/connectors-queues-methods.md","143","queue-connector-method-parameters.md#parameter-output-createjsonworkitem-isnameexists","markdown/integrate-applications/queue-connector-method-parameters.md#parameter-output-createjsonworkitem-isnameexists","markdown-link","IsNameExists","",""
"markdown","missing target anchor","markdown/integrate-applications/connectors-queues-methods.md","210","queue-connector-method-parameters.md#parameter-input-getworkitem-limit","markdown/integrate-applications/queue-connector-method-parameters.md#parameter-input-getworkitem-limit","markdown-link","Limit","",""
"markdown","missing target anchor","markdown/integrate-applications/connectors-queues-methods.md","214","queue-connector-method-parameters.md#parameter-output-getworkitem-totalcount","markdown/integrate-applications/queue-connector-method-parameters.md#parameter-output-getworkitem-totalcount","markdown-link","TotalCount","",""
"markdown","missing target anchor","markdown/integrate-applications/connectors-queues-methods.md","344","queue-connector-method-parameters.md#parameter-input-createjsonworkitem-priority","markdown/integrate-applications/queue-connector-method-parameters.md#parameter-input-createjsonworkitem-priority","markdown-link","Priority","",""
"markdown","missing target anchor","markdown/integrate-applications/connectors-queues-methods.md","348","queue-connector-method-parameters.md#parameter-output-createjsonworkitem-workitemid","markdown/integrate-applications/queue-connector-method-parameters.md#parameter-output-createjsonworkitem-workitemid","markdown-link","WorkItemId","",""
"markdown","missing target anchor","markdown/integrate-applications/connectors-queues-methods.md","350","queue-connector-method-parameters.md#paramater-input-CreateStringWorkItem-requestcontent","markdown/integrate-applications/queue-connector-method-parameters.md#paramater-input-CreateStringWorkItem-requestcontent","markdown-link","RequestContent","",""
"markdown","missing target anchor","markdown/integrate-applications/connectors-queues-methods.md","495","queue-connector-method-parameters.md#parameter-output-createjsonworkitem-workitemid","markdown/integrate-applications/queue-connector-method-parameters.md#parameter-output-createjsonworkitem-workitemid","markdown-link","WorkItemId","",""
"markdown","missing target anchor","markdown/integrate-applications/connectors-queues-methods.md","499","queue-connector-method-parameters.md#parameter-output-releaseworkitem-return","markdown/integrate-applications/queue-connector-method-parameters.md#parameter-output-releaseworkitem-return","markdown-link","Return","",""
"markdown","missing target anchor","markdown/integrate-applications/connectors-queues-methods.md","508","queue-connector-method-parameters.md#parameter-output-createjsonworkitem-workitemid","markdown/integrate-applications/queue-connector-method-parameters.md#parameter-output-createjsonworkitem-workitemid","markdown-link","WorkItemId","",""
"markdown","missing target anchor","markdown/integrate-applications/connectors-queues-methods.md","510","queue-connector-method-parameters.md#paramater-input-CreateStringWorkItem-requestcontent","markdown/integrate-applications/queue-connector-method-parameters.md#paramater-input-CreateStringWorkItem-requestcontent","markdown-link","RequestContent","",""
"markdown","missing target anchor","markdown/integrate-applications/connectors-queues-methods.md","512","queue-connector-method-parameters.md#parameter-input-updateworkitem-releasemode","markdown/integrate-applications/queue-connector-method-parameters.md#parameter-input-updateworkitem-releasemode","markdown-link","ReleaseMode","",""
"markdown","missing target anchor","markdown/integrate-applications/connectors-queues-methods.md","514","queue-connector-method-parameters.md#parameter-input-createjsonworkitem-priority","markdown/integrate-applications/queue-connector-method-parameters.md#parameter-input-createjsonworkitem-priority","markdown-link","Priority","",""
"markdown","missing target anchor","markdown/integrate-applications/connectors-queues-methods.md","516","queue-connector-method-parameters.md#parameter-input-pickworkitem-status","markdown/integrate-applications/queue-connector-method-parameters.md#parameter-input-pickworkitem-status","markdown-link","Status","",""
"markdown","missing target anchor","markdown/integrate-applications/connectors-queues-methods.md","518","queue-connector-method-parameters.md#parameter-input-exception-type","markdown/integrate-applications/queue-connector-method-parameters.md#parameter-input-exception-type","markdown-link","Exception Type","",""
"markdown","missing target anchor","markdown/integrate-applications/connectors-systemevents-methods.md","106","parameters-systemevents-methods.md#watchfilesystem-input-filepath","markdown/integrate-applications/parameters-systemevents-methods.md#watchfilesystem-input-filepath","markdown-link","Path","",""
"markdown","missing target anchor","markdown/integrate-applications/connectors-systemevents-methods.md","108","parameters-systemevents-methods.md#watchfilesystem-input-filetypes","markdown/integrate-applications/parameters-systemevents-methods.md#watchfilesystem-input-filetypes","markdown-link","FileTypes","",""
"markdown","missing target anchor","markdown/integrate-applications/connectors-systemevents-methods.md","110","parameters-systemevents-methods.md#watchfilesystem-input-subdirectories","markdown/integrate-applications/parameters-systemevents-methods.md#watchfilesystem-input-subdirectories","markdown-link","SubDirectories (Boolean)","",""
"markdown","missing target anchor","markdown/integrate-applications/connectors-windows-methods.md","44","method-parameter-windows.md#Path-windows","markdown/integrate-applications/method-parameter-windows.md#Path-windows","markdown-link","Path","",""
"markdown","missing target anchor","markdown/integrate-applications/connectors-windows-methods.md","53","method-parameter-windows.md#Args-windows","markdown/integrate-applications/method-parameter-windows.md#Args-windows","markdown-link","Args","",""
"markdown","missing target anchor","markdown/integrate-applications/connectors-windows-methods.md","53","method-parameter-windows.md#Path-windows","markdown/integrate-applications/method-parameter-windows.md#Path-windows","markdown-link","Path","",""
"markdown","missing target anchor","markdown/integrate-applications/connectors-windows-methods.md","79","method-parameter-windows.md#GetFields-output-formelementdata","markdown/integrate-applications/method-parameter-windows.md#GetFields-output-formelementdata","markdown-link","Form element data","",""
"markdown","missing target anchor","markdown/integrate-applications/connectors-windows-methods.md","88","method-parameter-windows.md#GetScreenShot-return-Bitmap","markdown/integrate-applications/method-parameter-windows.md#GetScreenShot-return-Bitmap","markdown-link","Return (Bitmap)","",""
"markdown","missing target anchor","markdown/integrate-applications/connectors-windows-methods.md","97","application-level-method-parameters.md#common-parameter-input-matchallchildren","markdown/integrate-applications/application-level-method-parameters.md#common-parameter-input-matchallchildren","markdown-link","MatchAllChildren","",""
"markdown","missing target anchor","markdown/integrate-applications/connectors-windows-methods.md","101","application-level-method-parameters.md#common-parameter-output-return-boolean-iscreated","markdown/integrate-applications/application-level-method-parameters.md#common-parameter-output-return-boolean-iscreated","markdown-link","Return (Boolean)","",""
"markdown","missing target anchor","markdown/integrate-applications/connectors-windows-methods.md","118","application-level-method-parameters.md#common-parameter-inputs-keys","markdown/integrate-applications/application-level-method-parameters.md#common-parameter-inputs-keys","markdown-link","Keys","",""
"markdown","missing target anchor","markdown/integrate-applications/connectors-windows-methods.md","120","application-level-method-parameters.md#common-parameter-input-ClearExistingValue","markdown/integrate-applications/application-level-method-parameters.md#common-parameter-input-ClearExistingValue","markdown-link","ClearExistingValue (Boolean)","",""
"markdown","missing target anchor","markdown/integrate-applications/connectors-windows-methods.md","122","application-level-method-parameters.md#common-parameter-input-typedelay","markdown/integrate-applications/application-level-method-parameters.md#common-parameter-input-typedelay","markdown-link","TypeDelay","",""
"markdown","missing target anchor","markdown/integrate-applications/connectors-windows-methods.md","136","method-parameter-windows.md#setfields-input-Formdatafield","markdown/integrate-applications/method-parameter-windows.md#setfields-input-Formdatafield","markdown-link","Form data field","",""
"markdown","missing target anchor","markdown/integrate-applications/connectors-windows-methods.md","145","application-level-method-parameters.md#common-parameter-input-timeoutInSeconds","markdown/integrate-applications/application-level-method-parameters.md#common-parameter-input-timeoutInSeconds","markdown-link","timeoutInSeconds","",""
"markdown","missing target anchor","markdown/integrate-applications/connectors-windows-methods.md","147","application-level-method-parameters.md#common-parameter-input-matchallchildren","markdown/integrate-applications/application-level-method-parameters.md#common-parameter-input-matchallchildren","markdown-link","MatchAllChildren","",""
"markdown","missing target anchor","markdown/integrate-applications/connectors-windows-methods.md","151","application-level-method-parameters.md#common-parameter-output-Return-Boolean-waitforcreate","markdown/integrate-applications/application-level-method-parameters.md#common-parameter-output-Return-Boolean-waitforcreate","markdown-link","Return (Boolean)","",""
"markdown","missing target anchor","markdown/integrate-applications/connectors-windows-methods.md","168","element-level-method-parameters.md#parameter-common-output-iscreated","markdown/integrate-applications/element-level-method-parameters.md#parameter-common-output-iscreated","markdown-link","Return (Boolean)","",""
"markdown","missing target anchor","markdown/integrate-applications/connectors-windows-methods.md","177","element-level-method-parameters.md#parameter-common-sendkeys-keys-string","markdown/integrate-applications/element-level-method-parameters.md#parameter-common-sendkeys-keys-string","markdown-link","Keys (String)","",""
"markdown","missing target anchor","markdown/integrate-applications/connectors-windows-methods.md","179","element-level-method-parameters.md#parameters-common-input-clearexistingvalue","markdown/integrate-applications/element-level-method-parameters.md#parameters-common-input-clearexistingvalue","markdown-link","ClearExistingValue","",""
"markdown","missing target anchor","markdown/integrate-applications/connectors-windows-methods.md","181","element-level-method-parameters.md#parameters-common-input-typedelay","markdown/integrate-applications/element-level-method-parameters.md#parameters-common-input-typedelay","markdown-link","TypeDelay (Double)","",""
"markdown","missing target anchor","markdown/integrate-applications/integration-hub-remote-process-sync/getting-started-with-remote-process-sync.md","369","getting-started-with-remote-process-sync.md#remote-systems","markdown/integrate-applications/integration-hub-remote-process-sync/getting-started-with-remote-process-sync.md#remote-systems","markdown-link","Remote System","",""
"markdown","missing target anchor","markdown/integrate-applications/integration-hub-remote-process-sync/getting-started-with-remote-process-sync.md","501","getting-started-with-remote-process-sync.md#remote-systems","markdown/integrate-applications/integration-hub-remote-process-sync/getting-started-with-remote-process-sync.md#remote-systems","markdown-link","Remote System","",""
"markdown","missing target anchor","markdown/integrate-applications/integration-hub/aha-ext-triggers.md","79","aha-spoke.md#section_wjk_vm2_t3c","markdown/integrate-applications/integration-hub/aha-spoke.md#section_wjk_vm2_t3c","markdown-link","Spoke triggers","",""
"markdown","missing target anchor","markdown/integrate-applications/integration-hub/ssh-step-action-designer.md","153","jdbc-step.md#section_gqd_cy4_qhb","markdown/integrate-applications/integration-hub/jdbc-step.md#section_gqd_cy4_qhb","markdown-link","Sanitizing arguments using the escape class and function","",""
"markdown","missing target anchor","markdown/integrate-applications/sap-connector-methods.md","202","sap-element-methods.md#dlentry_owc_313_12c","markdown/integrate-applications/sap-element-methods.md#dlentry_owc_313_12c","markdown-link","Click","",""
"markdown","missing target anchor","markdown/integrate-applications/sap-connector-methods.md","203","sap-element-methods.md#dlentry_ks3_jlk_q1c","markdown/integrate-applications/sap-element-methods.md#dlentry_ks3_jlk_q1c","markdown-link","Highlight","",""
"markdown","missing target anchor","markdown/integrate-applications/sap-connector-methods.md","204","sap-element-methods.md#dlentry_l11_llk_q1c","markdown/integrate-applications/sap-element-methods.md#dlentry_l11_llk_q1c","markdown-link","IsCreated","",""
"markdown","missing target anchor","markdown/integrate-applications/sap-connector-methods.md","205","sap-element-methods.md#dlentry_a5s_qlk_q1c","markdown/integrate-applications/sap-element-methods.md#dlentry_a5s_qlk_q1c","markdown-link","MouseClick","",""
"markdown","missing target anchor","markdown/integrate-applications/sap-connector-methods.md","206","sap-element-methods.md#dlentry_jnx_rjl_zdc","markdown/integrate-applications/sap-element-methods.md#dlentry_jnx_rjl_zdc","markdown-link","SendKeys","",""
"markdown","missing target anchor","markdown/integrate-applications/sap-connector-methods.md","207","sap-element-methods.md#dlentry_j5g_nlk_q1c","markdown/integrate-applications/sap-element-methods.md#dlentry_j5g_nlk_q1c","markdown-link","SetFocus","",""
"markdown","missing target anchor","markdown/integrate-applications/sap-connector-methods.md","208","sap-element-methods.md#dlentry_lvb_5lk_q1c","markdown/integrate-applications/sap-element-methods.md#dlentry_lvb_5lk_q1c","markdown-link","WaitForCreate","",""
"markdown","missing target anchor","markdown/integrate-applications/sap-connector-methods.md","213","sap-element-methods.md#dlentry_ks3_jlk_q1c","markdown/integrate-applications/sap-element-methods.md#dlentry_ks3_jlk_q1c","markdown-link","Highlight","",""
"markdown","missing target anchor","markdown/integrate-applications/sap-connector-methods.md","214","sap-element-methods.md#dlentry_nhz_grc_s1c","markdown/integrate-applications/sap-element-methods.md#dlentry_nhz_grc_s1c","markdown-link","IsChecked","",""
"markdown","missing target anchor","markdown/integrate-applications/sap-connector-methods.md","215","sap-element-methods.md#dlentry_l11_llk_q1c","markdown/integrate-applications/sap-element-methods.md#dlentry_l11_llk_q1c","markdown-link","IsCreated","",""
"markdown","missing target anchor","markdown/integrate-applications/sap-connector-methods.md","216","sap-element-methods.md#dlentry_jnx_rjl_zdc","markdown/integrate-applications/sap-element-methods.md#dlentry_jnx_rjl_zdc","markdown-link","SendKeys","",""
"markdown","missing target anchor","markdown/integrate-applications/sap-connector-methods.md","217","sap-element-methods.md#dlentry_j5g_nlk_q1c","markdown/integrate-applications/sap-element-methods.md#dlentry_j5g_nlk_q1c","markdown-link","SetFocus","",""
"markdown","missing target anchor","markdown/integrate-applications/sap-connector-methods.md","218","sap-element-methods.md#dlentry_mkk_hsb_s1c","markdown/integrate-applications/sap-element-methods.md#dlentry_mkk_hsb_s1c","markdown-link","Uncheck","",""
"markdown","missing target anchor","markdown/integrate-applications/sap-connector-methods.md","219","sap-element-methods.md#dlentry_a5s_qlk_q1c","markdown/integrate-applications/sap-element-methods.md#dlentry_a5s_qlk_q1c","markdown-link","MouseClick","",""
"markdown","missing target anchor","markdown/integrate-applications/sap-connector-methods.md","220","sap-element-methods.md#dlentry_lvb_5lk_q1c","markdown/integrate-applications/sap-element-methods.md#dlentry_lvb_5lk_q1c","markdown-link","WaitForCreate","",""
"markdown","missing target anchor","markdown/integrate-applications/sap-connector-methods.md","224","sap-element-methods.md#dlentry_ufs_xgl_q1c","markdown/integrate-applications/sap-element-methods.md#dlentry_ufs_xgl_q1c","markdown-link","Get","",""
"markdown","missing target anchor","markdown/integrate-applications/sap-connector-methods.md","225","sap-element-methods.md#dlentry_sqn_phl_q1c","markdown/integrate-applications/sap-element-methods.md#dlentry_sqn_phl_q1c","markdown-link","GetIconName","",""
"markdown","missing target anchor","markdown/integrate-applications/sap-connector-methods.md","226","sap-element-methods.md#dlentry_as5_ygl_q1c","markdown/integrate-applications/sap-element-methods.md#dlentry_as5_ygl_q1c","markdown-link","GetList","",""
"markdown","missing target anchor","markdown/integrate-applications/sap-connector-methods.md","227","sap-element-methods.md#dlentry_ks3_jlk_q1c","markdown/integrate-applications/sap-element-methods.md#dlentry_ks3_jlk_q1c","markdown-link","Highlight","",""
"markdown","missing target anchor","markdown/integrate-applications/sap-connector-methods.md","228","sap-element-methods.md#dlentry_l11_llk_q1c","markdown/integrate-applications/sap-element-methods.md#dlentry_l11_llk_q1c","markdown-link","IsCreated","",""
"markdown","missing target anchor","markdown/integrate-applications/sap-connector-methods.md","229","sap-element-methods.md#dlentry_jnx_rjl_zdc","markdown/integrate-applications/sap-element-methods.md#dlentry_jnx_rjl_zdc","markdown-link","SendKeys","",""
"markdown","missing target anchor","markdown/integrate-applications/sap-connector-methods.md","230","sap-element-methods.md#dlentry_gcm_hhl_q1c","markdown/integrate-applications/sap-element-methods.md#dlentry_gcm_hhl_q1c","markdown-link","Set","",""
"markdown","missing target anchor","markdown/integrate-applications/sap-connector-methods.md","231","sap-element-methods.md#dlentry_j5g_nlk_q1c","markdown/integrate-applications/sap-element-methods.md#dlentry_j5g_nlk_q1c","markdown-link","SetFocus","",""
"markdown","missing target anchor","markdown/integrate-applications/sap-connector-methods.md","232","sap-element-methods.md#dlentry_a5s_qlk_q1c","markdown/integrate-applications/sap-element-methods.md#dlentry_a5s_qlk_q1c","markdown-link","MouseClick","",""
"markdown","missing target anchor","markdown/integrate-applications/sap-connector-methods.md","233","sap-element-methods.md#dlentry_lvb_5lk_q1c","markdown/integrate-applications/sap-element-methods.md#dlentry_lvb_5lk_q1c","markdown-link","WaitForCreate","",""
"markdown","missing target anchor","markdown/integrate-applications/sap-connector-methods.md","237","sap-element-methods.md#dlentry_jgp_njc_b2c","markdown/integrate-applications/sap-element-methods.md#dlentry_jgp_njc_b2c","markdown-link","ClickButtonCell","",""
"markdown","missing target anchor","markdown/integrate-applications/sap-connector-methods.md","238","sap-element-methods.md#dlentry_u1t_z3c_b2c","markdown/integrate-applications/sap-element-methods.md#dlentry_u1t_z3c_b2c","markdown-link","ClickCell","",""
"markdown","missing target anchor","markdown/integrate-applications/sap-connector-methods.md","239","sap-element-methods.md#dlentry_bkz_z3c_b2c","markdown/integrate-applications/sap-element-methods.md#dlentry_bkz_z3c_b2c","markdown-link","DeselectAllRows","",""
"markdown","missing target anchor","markdown/integrate-applications/sap-connector-methods.md","240","sap-element-methods.md#dlentry_tlf_1jc_b2c","markdown/integrate-applications/sap-element-methods.md#dlentry_tlf_1jc_b2c","markdown-link","GetCellType","",""
"markdown","missing target anchor","markdown/integrate-applications/sap-connector-methods.md","241","sap-element-methods.md#dlentry_vdm_1jc_b2c","markdown/integrate-applications/sap-element-methods.md#dlentry_vdm_1jc_b2c","markdown-link","GetCellValue","",""
"markdown","missing target anchor","markdown/integrate-applications/sap-connector-methods.md","242","sap-element-methods.md#dlentry_sns_1jc_b2c","markdown/integrate-applications/sap-element-methods.md#dlentry_sns_1jc_b2c","markdown-link","GetColumns","",""
"markdown","missing target anchor","markdown/integrate-applications/sap-connector-methods.md","243","sap-element-methods.md#dlentry_pdz_1jc_b2c","markdown/integrate-applications/sap-element-methods.md#dlentry_pdz_1jc_b2c","markdown-link","GetColumnsKeyValuePair","",""
"markdown","missing target anchor","markdown/integrate-applications/sap-connector-methods.md","244","sap-element-methods.md#dlentry_c5g_bjc_b2c","markdown/integrate-applications/sap-element-methods.md#dlentry_c5g_bjc_b2c","markdown-link","GetRowCount","",""
"markdown","missing target anchor","markdown/integrate-applications/sap-connector-methods.md","245","sap-element-methods.md#dlentry_dkr_bjc_b2c","markdown/integrate-applications/sap-element-methods.md#dlentry_dkr_bjc_b2c","markdown-link","GetRows","",""
"markdown","missing target anchor","markdown/integrate-applications/sap-connector-methods.md","246","sap-element-methods.md#dlentry_o3z_bjc_b2c","markdown/integrate-applications/sap-element-methods.md#dlentry_o3z_bjc_b2c","markdown-link","GetRowsByColumn","",""
"markdown","missing target anchor","markdown/integrate-applications/sap-connector-methods.md","247","sap-element-methods.md#dlentry_g2g_cjc_b2c","markdown/integrate-applications/sap-element-methods.md#dlentry_g2g_cjc_b2c","markdown-link","GetSelectedColumns","",""
"markdown","missing target anchor","markdown/integrate-applications/sap-connector-methods.md","248","sap-element-methods.md#dlentry_m5n_cjc_b2c","markdown/integrate-applications/sap-element-methods.md#dlentry_m5n_cjc_b2c","markdown-link","GetSelectedRows","",""
"markdown","missing target anchor","markdown/integrate-applications/sap-connector-methods.md","249","sap-element-methods.md#dlentry_sm5_cjc_b2c","markdown/integrate-applications/sap-element-methods.md#dlentry_sm5_cjc_b2c","markdown-link","GetSingleRow","",""
"markdown","missing target anchor","markdown/integrate-applications/sap-connector-methods.md","250","sap-element-methods.md#dlentry_vwb_djc_b2c","markdown/integrate-applications/sap-element-methods.md#dlentry_vwb_djc_b2c","markdown-link","GetVisibleRows","",""
"markdown","missing target anchor","markdown/integrate-applications/sap-connector-methods.md","251","sap-element-methods.md#dlentry_ks3_jlk_q1c","markdown/integrate-applications/sap-element-methods.md#dlentry_ks3_jlk_q1c","markdown-link","Highlight","",""
"markdown","missing target anchor","markdown/integrate-applications/sap-connector-methods.md","252","sap-element-methods.md#dlentry_l11_llk_q1c","markdown/integrate-applications/sap-element-methods.md#dlentry_l11_llk_q1c","markdown-link","IsCreated","",""
"markdown","missing target anchor","markdown/integrate-applications/sap-connector-methods.md","253","sap-element-methods.md#dlentry_a5s_qlk_q1c","markdown/integrate-applications/sap-element-methods.md#dlentry_a5s_qlk_q1c","markdown-link","MouseClick","",""
"markdown","missing target anchor","markdown/integrate-applications/sap-connector-methods.md","254","sap-element-methods.md#dlentry_jnx_rjl_zdc","markdown/integrate-applications/sap-element-methods.md#dlentry_jnx_rjl_zdc","markdown-link","SendKeys","",""
"markdown","missing target anchor","markdown/integrate-applications/sap-connector-methods.md","255","sap-element-methods.md#dlentry_j5g_nlk_q1c","markdown/integrate-applications/sap-element-methods.md#dlentry_j5g_nlk_q1c","markdown-link","SetFocus","",""
"markdown","missing target anchor","markdown/integrate-applications/sap-connector-methods.md","256","sap-element-methods.md#dlentry_nfj_djc_b2c","markdown/integrate-applications/sap-element-methods.md#dlentry_nfj_djc_b2c","markdown-link","SelectAllRows","",""
"markdown","missing target anchor","markdown/integrate-applications/sap-connector-methods.md","257","sap-element-methods.md#dlentry_mlv_djc_b2c","markdown/integrate-applications/sap-element-methods.md#dlentry_mlv_djc_b2c","markdown-link","SelectCell","",""
"markdown","missing target anchor","markdown/integrate-applications/sap-connector-methods.md","258","sap-element-methods.md#dlentry_d52_2jc_b2c","markdown/integrate-applications/sap-element-methods.md#dlentry_d52_2jc_b2c","markdown-link","SelectContextMenuItemById","",""
"markdown","missing target anchor","markdown/integrate-applications/sap-connector-methods.md","259","sap-element-methods.md#dlentry_cpl_2jc_b2c","markdown/integrate-applications/sap-element-methods.md#dlentry_cpl_2jc_b2c","markdown-link","SelectContextMenuItemByPosition","",""
"markdown","missing target anchor","markdown/integrate-applications/sap-connector-methods.md","260","sap-element-methods.md#dlentry_zqs_2jc_b2c","markdown/integrate-applications/sap-element-methods.md#dlentry_zqs_2jc_b2c","markdown-link","SelectContextMenuItemByText","",""
"markdown","missing target anchor","markdown/integrate-applications/sap-connector-methods.md","261","sap-element-methods.md#dlentry_unz_2jc_b2c","markdown/integrate-applications/sap-element-methods.md#dlentry_unz_2jc_b2c","markdown-link","SelectSingleRow","",""
"markdown","missing target anchor","markdown/integrate-applications/sap-connector-methods.md","262","sap-element-methods.md#dlentry_w1g_fjc_b2c","markdown/integrate-applications/sap-element-methods.md#dlentry_w1g_fjc_b2c","markdown-link","SelectToolbarMenuItemById","",""
"markdown","missing target anchor","markdown/integrate-applications/sap-connector-methods.md","263","sap-element-methods.md#dlentry_h14_fjc_b2c","markdown/integrate-applications/sap-element-methods.md#dlentry_h14_fjc_b2c","markdown-link","SelectToolbarMenuItemByPosition","",""
"markdown","missing target anchor","markdown/integrate-applications/sap-connector-methods.md","264","sap-element-methods.md#dlentry_cfv_fjc_b2c","markdown/integrate-applications/sap-element-methods.md#dlentry_cfv_fjc_b2c","markdown-link","SelectToolbarMenuItemByText","",""
"markdown","missing target anchor","markdown/integrate-applications/sap-connector-methods.md","265","sap-element-methods.md#dlentry_qxb_gjc_b2c","markdown/integrate-applications/sap-element-methods.md#dlentry_qxb_gjc_b2c","markdown-link","SetCellValue","",""
"markdown","missing target anchor","markdown/integrate-applications/sap-connector-methods.md","266","sap-element-methods.md#dlentry_lvb_5lk_q1c","markdown/integrate-applications/sap-element-methods.md#dlentry_lvb_5lk_q1c","markdown-link","WaitForCreate","",""
"markdown","missing target anchor","markdown/integrate-applications/sap-connector-methods.md","270","sap-element-methods.md#dlentry_ess_zzb_s1c","markdown/integrate-applications/sap-element-methods.md#dlentry_ess_zzb_s1c","markdown-link","GetText","",""
"markdown","missing target anchor","markdown/integrate-applications/sap-connector-methods.md","271","sap-element-methods.md#dlentry_ks3_jlk_q1c","markdown/integrate-applications/sap-element-methods.md#dlentry_ks3_jlk_q1c","markdown-link","Highlight","",""
"markdown","missing target anchor","markdown/integrate-applications/sap-connector-methods.md","272","sap-element-methods.md#dlentry_l11_llk_q1c","markdown/integrate-applications/sap-element-methods.md#dlentry_l11_llk_q1c","markdown-link","IsCreated","",""
"markdown","missing target anchor","markdown/integrate-applications/sap-connector-methods.md","273","sap-element-methods.md#dlentry_a5s_qlk_q1c","markdown/integrate-applications/sap-element-methods.md#dlentry_a5s_qlk_q1c","markdown-link","MouseClick","",""
"markdown","missing target anchor","markdown/integrate-applications/sap-connector-methods.md","274","sap-element-methods.md#dlentry_jnx_rjl_zdc","markdown/integrate-applications/sap-element-methods.md#dlentry_jnx_rjl_zdc","markdown-link","SendKeys","",""
"markdown","missing target anchor","markdown/integrate-applications/sap-connector-methods.md","275","sap-element-methods.md#dlentry_j5g_nlk_q1c","markdown/integrate-applications/sap-element-methods.md#dlentry_j5g_nlk_q1c","markdown-link","SetFocus","",""
"markdown","missing target anchor","markdown/integrate-applications/sap-connector-methods.md","276","sap-element-methods.md#dlentry_lvb_5lk_q1c","markdown/integrate-applications/sap-element-methods.md#dlentry_lvb_5lk_q1c","markdown-link","WaitForCreate","",""
"markdown","missing target anchor","markdown/integrate-applications/sap-connector-methods.md","280","sap-element-methods.md#dlentry_ks3_jlk_q1c","markdown/integrate-applications/sap-element-methods.md#dlentry_ks3_jlk_q1c","markdown-link","Highlight","",""
"markdown","missing target anchor","markdown/integrate-applications/sap-connector-methods.md","281","sap-element-methods.md#dlentry_l11_llk_q1c","markdown/integrate-applications/sap-element-methods.md#dlentry_l11_llk_q1c","markdown-link","IsCreated","",""
"markdown","missing target anchor","markdown/integrate-applications/sap-connector-methods.md","282","sap-element-methods.md#dlentry_jnx_rjl_zdc","markdown/integrate-applications/sap-element-methods.md#dlentry_jnx_rjl_zdc","markdown-link","SendKeys","",""
"markdown","missing target anchor","markdown/integrate-applications/sap-connector-methods.md","283","sap-element-methods.md#dlentry_k53_c1c_s1c","markdown/integrate-applications/sap-element-methods.md#dlentry_k53_c1c_s1c","markdown-link","SetCaretPosition","",""
"markdown","missing target anchor","markdown/integrate-applications/sap-connector-methods.md","284","sap-element-methods.md#dlentry_j5g_nlk_q1c","markdown/integrate-applications/sap-element-methods.md#dlentry_j5g_nlk_q1c","markdown-link","SetFocus","",""
"markdown","missing target anchor","markdown/integrate-applications/sap-connector-methods.md","285","sap-element-methods.md#dlentry_mwk_b1c_s1c","markdown/integrate-applications/sap-element-methods.md#dlentry_mwk_b1c_s1c","markdown-link","SetText","",""
"markdown","missing target anchor","markdown/integrate-applications/sap-connector-methods.md","286","sap-element-methods.md#dlentry_a5s_qlk_q1c","markdown/integrate-applications/sap-element-methods.md#dlentry_a5s_qlk_q1c","markdown-link","MouseClick","",""
"markdown","missing target anchor","markdown/integrate-applications/sap-connector-methods.md","287","sap-element-methods.md#dlentry_lvb_5lk_q1c","markdown/integrate-applications/sap-element-methods.md#dlentry_lvb_5lk_q1c","markdown-link","WaitForCreate","",""
"markdown","missing target anchor","markdown/integrate-applications/sap-connector-methods.md","291","sap-element-methods.md#dlentry_ks3_jlk_q1c","markdown/integrate-applications/sap-element-methods.md#dlentry_ks3_jlk_q1c","markdown-link","Highlight","",""
"markdown","missing target anchor","markdown/integrate-applications/sap-connector-methods.md","292","sap-element-methods.md#dlentry_nhz_grc_s1c","markdown/integrate-applications/sap-element-methods.md#dlentry_nhz_grc_s1c","markdown-link","IsChecked","",""
"markdown","missing target anchor","markdown/integrate-applications/sap-connector-methods.md","293","sap-element-methods.md#dlentry_l11_llk_q1c","markdown/integrate-applications/sap-element-methods.md#dlentry_l11_llk_q1c","markdown-link","IsCreated","",""
"markdown","missing target anchor","markdown/integrate-applications/sap-connector-methods.md","294","sap-element-methods.md#dlentry_f5z_pqc_s1c","markdown/integrate-applications/sap-element-methods.md#dlentry_f5z_pqc_s1c","markdown-link","Select","",""
"markdown","missing target anchor","markdown/integrate-applications/sap-connector-methods.md","295","sap-element-methods.md#dlentry_jnx_rjl_zdc","markdown/integrate-applications/sap-element-methods.md#dlentry_jnx_rjl_zdc","markdown-link","SendKeys","",""
"markdown","missing target anchor","markdown/integrate-applications/sap-connector-methods.md","296","sap-element-methods.md#dlentry_j5g_nlk_q1c","markdown/integrate-applications/sap-element-methods.md#dlentry_j5g_nlk_q1c","markdown-link","SetFocus","",""
"markdown","missing target anchor","markdown/integrate-applications/sap-connector-methods.md","297","sap-element-methods.md#dlentry_a5s_qlk_q1c","markdown/integrate-applications/sap-element-methods.md#dlentry_a5s_qlk_q1c","markdown-link","MouseClick","",""
"markdown","missing target anchor","markdown/integrate-applications/sap-connector-methods.md","298","sap-element-methods.md#dlentry_lvb_5lk_q1c","markdown/integrate-applications/sap-element-methods.md#dlentry_lvb_5lk_q1c","markdown-link","WaitForCreate","",""
"markdown","missing target anchor","markdown/integrate-applications/sap-connector-methods.md","302","sap-element-methods.md#dlentry_hmv_glk_q1c","markdown/integrate-applications/sap-element-methods.md#dlentry_hmv_glk_q1c","markdown-link","GetStatus","",""
"markdown","missing target anchor","markdown/integrate-applications/sap-connector-methods.md","303","sap-element-methods.md#dlentry_ks3_jlk_q1c","markdown/integrate-applications/sap-element-methods.md#dlentry_ks3_jlk_q1c","markdown-link","Highlight","",""
"markdown","missing target anchor","markdown/integrate-applications/sap-connector-methods.md","304","sap-element-methods.md#dlentry_l11_llk_q1c","markdown/integrate-applications/sap-element-methods.md#dlentry_l11_llk_q1c","markdown-link","IsCreated","",""
"markdown","missing target anchor","markdown/integrate-applications/sap-connector-methods.md","305","sap-element-methods.md#dlentry_a5s_qlk_q1c","markdown/integrate-applications/sap-element-methods.md#dlentry_a5s_qlk_q1c","markdown-link","MouseClick","",""
"markdown","missing target anchor","markdown/integrate-applications/sap-connector-methods.md","306","sap-element-methods.md#dlentry_jnx_rjl_zdc","markdown/integrate-applications/sap-element-methods.md#dlentry_jnx_rjl_zdc","markdown-link","SendKeys","",""
"markdown","missing target anchor","markdown/integrate-applications/sap-connector-methods.md","307","sap-element-methods.md#dlentry_j5g_nlk_q1c","markdown/integrate-applications/sap-element-methods.md#dlentry_j5g_nlk_q1c","markdown-link","SetFocus","",""
"markdown","missing target anchor","markdown/integrate-applications/sap-connector-methods.md","308","sap-element-methods.md#dlentry_lvb_5lk_q1c","markdown/integrate-applications/sap-element-methods.md#dlentry_lvb_5lk_q1c","markdown-link","WaitForCreate","",""
"markdown","missing target anchor","markdown/integrate-applications/sap-connector-methods.md","312","sap-element-methods.md#dlentry_ks3_jlk_q1c","markdown/integrate-applications/sap-element-methods.md#dlentry_ks3_jlk_q1c","markdown-link","Highlight","",""
"markdown","missing target anchor","markdown/integrate-applications/sap-connector-methods.md","313","sap-element-methods.md#dlentry_l11_llk_q1c","markdown/integrate-applications/sap-element-methods.md#dlentry_l11_llk_q1c","markdown-link","IsCreated","",""
"markdown","missing target anchor","markdown/integrate-applications/sap-connector-methods.md","314","sap-element-methods.md#dlentry_orm_thd_s1c","markdown/integrate-applications/sap-element-methods.md#dlentry_orm_thd_s1c","markdown-link","SelectTab","",""
"markdown","missing target anchor","markdown/integrate-applications/sap-connector-methods.md","315","sap-element-methods.md#dlentry_jnx_rjl_zdc","markdown/integrate-applications/sap-element-methods.md#dlentry_jnx_rjl_zdc","markdown-link","SendKeys","",""
"markdown","missing target anchor","markdown/integrate-applications/sap-connector-methods.md","316","sap-element-methods.md#dlentry_j5g_nlk_q1c","markdown/integrate-applications/sap-element-methods.md#dlentry_j5g_nlk_q1c","markdown-link","SetFocus","",""
"markdown","missing target anchor","markdown/integrate-applications/sap-connector-methods.md","317","sap-element-methods.md#dlentry_a5s_qlk_q1c","markdown/integrate-applications/sap-element-methods.md#dlentry_a5s_qlk_q1c","markdown-link","MouseClick","",""
"markdown","missing target anchor","markdown/integrate-applications/sap-connector-methods.md","318","sap-element-methods.md#dlentry_lvb_5lk_q1c","markdown/integrate-applications/sap-element-methods.md#dlentry_lvb_5lk_q1c","markdown-link","WaitForCreate","",""
"markdown","missing target anchor","markdown/integrate-applications/sap-connector-methods.md","322","sap-element-methods.md#dlentry_gzn_rvs_q1c","markdown/integrate-applications/sap-element-methods.md#dlentry_gzn_rvs_q1c","markdown-link","DeselectAllVisibleRows","",""
"markdown","missing target anchor","markdown/integrate-applications/sap-connector-methods.md","323","sap-element-methods.md#dlentry_nbh_5vs_q1c","markdown/integrate-applications/sap-element-methods.md#dlentry_nbh_5vs_q1c","markdown-link","DeselectRow","",""
"markdown","missing target anchor","markdown/integrate-applications/sap-connector-methods.md","324","sap-element-methods.md#dlentry_zm1_tvs_q1c","markdown/integrate-applications/sap-element-methods.md#dlentry_zm1_tvs_q1c","markdown-link","DeselectVisibleRow","",""
"markdown","missing target anchor","markdown/integrate-applications/sap-connector-methods.md","325","sap-element-methods.md#dlentry_a33_1ws_q1c","markdown/integrate-applications/sap-element-methods.md#dlentry_a33_1ws_q1c","markdown-link","GetAllVisibleRows","",""
"markdown","missing target anchor","markdown/integrate-applications/sap-connector-methods.md","326","sap-element-methods.md#dlentry_h4m_fws_q1c","markdown/integrate-applications/sap-element-methods.md#dlentry_h4m_fws_q1c","markdown-link","GetColumnNames","",""
"markdown","missing target anchor","markdown/integrate-applications/sap-connector-methods.md","327","sap-element-methods.md#dlentry_qbs_mws_q1c","markdown/integrate-applications/sap-element-methods.md#dlentry_qbs_mws_q1c","markdown-link","GetMaximumScrollOffset","",""
"markdown","missing target anchor","markdown/integrate-applications/sap-connector-methods.md","328","sap-element-methods.md#dlentry_str_rys_q1c","markdown/integrate-applications/sap-element-methods.md#dlentry_str_rys_q1c","markdown-link","GetScrollPosition","",""
"markdown","missing target anchor","markdown/integrate-applications/sap-connector-methods.md","329","sap-element-methods.md#dlentry_kdv_gws_q1c","markdown/integrate-applications/sap-element-methods.md#dlentry_kdv_gws_q1c","markdown-link","GetSingleRow","",""
"markdown","missing target anchor","markdown/integrate-applications/sap-connector-methods.md","330","sap-element-methods.md#dlentry_hsp_kws_q1c","markdown/integrate-applications/sap-element-methods.md#dlentry_hsp_kws_q1c","markdown-link","GetTable","",""
"markdown","missing target anchor","markdown/integrate-applications/sap-connector-methods.md","331","sap-element-methods.md#dlentry_zg5_cws_q1c","markdown/integrate-applications/sap-element-methods.md#dlentry_zg5_cws_q1c","markdown-link","GetVisibleRowCount","",""
"markdown","missing target anchor","markdown/integrate-applications/sap-connector-methods.md","332","sap-element-methods.md#dlentry_ks3_jlk_q1c","markdown/integrate-applications/sap-element-methods.md#dlentry_ks3_jlk_q1c","markdown-link","Highlight","",""
"markdown","missing target anchor","markdown/integrate-applications/sap-connector-methods.md","333","sap-element-methods.md#dlentry_l11_llk_q1c","markdown/integrate-applications/sap-element-methods.md#dlentry_l11_llk_q1c","markdown-link","IsCreated","",""
"markdown","missing target anchor","markdown/integrate-applications/sap-connector-methods.md","334","sap-element-methods.md#dlentry_a5s_qlk_q1c","markdown/integrate-applications/sap-element-methods.md#dlentry_a5s_qlk_q1c","markdown-link","MouseClick","",""
"markdown","missing target anchor","markdown/integrate-applications/sap-connector-methods.md","335","sap-element-methods.md#dlentry_ojz_1zs_q1c","markdown/integrate-applications/sap-element-methods.md#dlentry_ojz_1zs_q1c","markdown-link","ScrollDownByOneRow","",""
"markdown","missing target anchor","markdown/integrate-applications/sap-connector-methods.md","336","sap-element-methods.md#dlentry_f3x_bzs_q1c","markdown/integrate-applications/sap-element-methods.md#dlentry_f3x_bzs_q1c","markdown-link","ScrollToHorizontalPosition","",""
"markdown","missing target anchor","markdown/integrate-applications/sap-connector-methods.md","337","sap-element-methods.md#dlentry_wm1_5gw_12c","markdown/integrate-applications/sap-element-methods.md#dlentry_wm1_5gw_12c","markdown-link","ScrollToNextPage","",""
"markdown","missing target anchor","markdown/integrate-applications/sap-connector-methods.md","338","sap-element-methods.md#dlentry_xm1_5gw_12c","markdown/integrate-applications/sap-element-methods.md#dlentry_xm1_5gw_12c","markdown-link","ScrollToPreviousPage","",""
"markdown","missing target anchor","markdown/integrate-applications/sap-connector-methods.md","339","sap-element-methods.md#dlentry_lqf_dzs_q1c","markdown/integrate-applications/sap-element-methods.md#dlentry_lqf_dzs_q1c","markdown-link","ScrollToVerticalPosition","",""
"markdown","missing target anchor","markdown/integrate-applications/sap-connector-methods.md","340","sap-element-methods.md#dlentry_gcb_zys_q1c","markdown/integrate-applications/sap-element-methods.md#dlentry_gcb_zys_q1c","markdown-link","ScrollUpByOneRow","",""
"markdown","missing target anchor","markdown/integrate-applications/sap-connector-methods.md","341","sap-element-methods.md#dlentry_cnl_pvs_q1c","markdown/integrate-applications/sap-element-methods.md#dlentry_cnl_pvs_q1c","markdown-link","SelectAllRows","",""
"markdown","missing target anchor","markdown/integrate-applications/sap-connector-methods.md","342","sap-element-methods.md#dlentry_gq5_xqs_q1c","markdown/integrate-applications/sap-element-methods.md#dlentry_gq5_xqs_q1c","markdown-link","SelectSingleRow","",""
"markdown","missing target anchor","markdown/integrate-applications/sap-connector-methods.md","343","sap-element-methods.md#dlentry_d2y_mvs_q1c","markdown/integrate-applications/sap-element-methods.md#dlentry_d2y_mvs_q1c","markdown-link","SelectVisibleRow","",""
"markdown","missing target anchor","markdown/integrate-applications/sap-connector-methods.md","344","sap-element-methods.md#dlentry_jnx_rjl_zdc","markdown/integrate-applications/sap-element-methods.md#dlentry_jnx_rjl_zdc","markdown-link","SendKeys","",""
"markdown","missing target anchor","markdown/integrate-applications/sap-connector-methods.md","345","sap-element-methods.md#dlentry_j5g_nlk_q1c","markdown/integrate-applications/sap-element-methods.md#dlentry_j5g_nlk_q1c","markdown-link","SetFocus","",""
"markdown","missing target anchor","markdown/integrate-applications/sap-connector-methods.md","346","sap-element-methods.md#dlentry_lvb_5lk_q1c","markdown/integrate-applications/sap-element-methods.md#dlentry_lvb_5lk_q1c","markdown-link","WaitForCreate","",""
"markdown","missing target anchor","markdown/integrate-applications/sap-connector-methods.md","350","sap-element-methods.md#dlentry_ess_zzb_s1c","markdown/integrate-applications/sap-element-methods.md#dlentry_ess_zzb_s1c","markdown-link","GetText","",""
"markdown","missing target anchor","markdown/integrate-applications/sap-connector-methods.md","351","sap-element-methods.md#dlentry_ks3_jlk_q1c","markdown/integrate-applications/sap-element-methods.md#dlentry_ks3_jlk_q1c","markdown-link","Highlight","",""
"markdown","missing target anchor","markdown/integrate-applications/sap-connector-methods.md","352","sap-element-methods.md#dlentry_l11_llk_q1c","markdown/integrate-applications/sap-element-methods.md#dlentry_l11_llk_q1c","markdown-link","IsCreated","",""
"markdown","missing target anchor","markdown/integrate-applications/sap-connector-methods.md","353","sap-element-methods.md#dlentry_jnx_rjl_zdc","markdown/integrate-applications/sap-element-methods.md#dlentry_jnx_rjl_zdc","markdown-link","SendKeys","",""
"markdown","missing target anchor","markdown/integrate-applications/sap-connector-methods.md","354","sap-element-methods.md#dlentry_k53_c1c_s1c","markdown/integrate-applications/sap-element-methods.md#dlentry_k53_c1c_s1c","markdown-link","SetCaretPosition","",""
"markdown","missing target anchor","markdown/integrate-applications/sap-connector-methods.md","355","sap-element-methods.md#dlentry_j5g_nlk_q1c","markdown/integrate-applications/sap-element-methods.md#dlentry_j5g_nlk_q1c","markdown-link","SetFocus","",""
"markdown","missing target anchor","markdown/integrate-applications/sap-connector-methods.md","356","sap-element-methods.md#dlentry_mwk_b1c_s1c","markdown/integrate-applications/sap-element-methods.md#dlentry_mwk_b1c_s1c","markdown-link","SetText","",""
"markdown","missing target anchor","markdown/integrate-applications/sap-connector-methods.md","357","sap-element-methods.md#dlentry_a5s_qlk_q1c","markdown/integrate-applications/sap-element-methods.md#dlentry_a5s_qlk_q1c","markdown-link","MouseClick","",""
"markdown","missing target anchor","markdown/integrate-applications/sap-connector-methods.md","358","sap-element-methods.md#dlentry_lvb_5lk_q1c","markdown/integrate-applications/sap-element-methods.md#dlentry_lvb_5lk_q1c","markdown-link","WaitForCreate","",""
"markdown","missing target anchor","markdown/integrate-applications/sap-connector-methods.md","363","sap-element-methods.md#dlentry_hdq_bqw_12c","markdown/integrate-applications/sap-element-methods.md#dlentry_hdq_bqw_12c","markdown-link","ClickNodeItem","",""
"markdown","missing target anchor","markdown/integrate-applications/sap-connector-methods.md","364","sap-element-methods.md#dlentry_epf_4mf_b2c","markdown/integrate-applications/sap-element-methods.md#dlentry_epf_4mf_b2c","markdown-link","CollapseNodeItem","",""
"markdown","missing target anchor","markdown/integrate-applications/sap-connector-methods.md","365","sap-element-methods.md#dlentry_nhq_prw_12c","markdown/integrate-applications/sap-element-methods.md#dlentry_nhq_prw_12c","markdown-link","DoubleClickNode","",""
"markdown","missing target anchor","markdown/integrate-applications/sap-connector-methods.md","366","sap-element-methods.md#dlentry_kfj_trw_12c","markdown/integrate-applications/sap-element-methods.md#dlentry_kfj_trw_12c","markdown-link","DoubleClickNodeItem","",""
"markdown","missing target anchor","markdown/integrate-applications/sap-connector-methods.md","367","sap-element-methods.md#dlentry_ad3_bqw_12c","markdown/integrate-applications/sap-element-methods.md#dlentry_ad3_bqw_12c","markdown-link","GetColumnsKeyValuePair","",""
"markdown","missing target anchor","markdown/integrate-applications/sap-connector-methods.md","368","sap-element-methods.md#dlentry_ggf_1qw_12c","markdown/integrate-applications/sap-element-methods.md#dlentry_ggf_1qw_12c","markdown-link","GetTreeType","",""
"markdown","missing target anchor","markdown/integrate-applications/sap-connector-methods.md","369","sap-element-methods.md#dlentry_dtx_bqw_12c","markdown/integrate-applications/sap-element-methods.md#dlentry_dtx_bqw_12c","markdown-link","GetNodeKeyByPath","",""
"markdown","missing target anchor","markdown/integrate-applications/sap-connector-methods.md","370","sap-element-methods.md#dlentry_crf_cqw_12c","markdown/integrate-applications/sap-element-methods.md#dlentry_crf_cqw_12c","markdown-link","GetNodeKeyByText","",""
"markdown","missing target anchor","markdown/integrate-applications/sap-connector-methods.md","371","sap-element-methods.md#dlentry_vqn_cqw_12c","markdown/integrate-applications/sap-element-methods.md#dlentry_vqn_cqw_12c","markdown-link","GetNodeItemText","",""
"markdown","missing target anchor","markdown/integrate-applications/sap-connector-methods.md","372","sap-element-methods.md#dlentry_unv_cqw_12c","markdown/integrate-applications/sap-element-methods.md#dlentry_unv_cqw_12c","markdown-link","GetSelectedNodes","",""
"markdown","missing target anchor","markdown/integrate-applications/sap-connector-methods.md","373","sap-element-methods.md#dlentry_jbw_25w_12c","markdown/integrate-applications/sap-element-methods.md#dlentry_jbw_25w_12c","markdown-link","GetNodeItemCheckBoxState","",""
"markdown","missing target anchor","markdown/integrate-applications/sap-connector-methods.md","374","sap-element-methods.md#dlentry_ks3_jlk_q1c","markdown/integrate-applications/sap-element-methods.md#dlentry_ks3_jlk_q1c","markdown-link","Highlight","",""
"markdown","missing target anchor","markdown/integrate-applications/sap-connector-methods.md","375","sap-element-methods.md#dlentry_l11_llk_q1c","markdown/integrate-applications/sap-element-methods.md#dlentry_l11_llk_q1c","markdown-link","IsCreated","",""
"markdown","missing target anchor","markdown/integrate-applications/sap-connector-methods.md","376","sap-element-methods.md#dlentry_ff4_xxw_12c","markdown/integrate-applications/sap-element-methods.md#dlentry_ff4_xxw_12c","markdown-link","PressNodeItemButton","",""
"markdown","missing target anchor","markdown/integrate-applications/sap-connector-methods.md","377","sap-element-methods.md#dlentry_orm_thd_s1c","markdown/integrate-applications/sap-element-methods.md#dlentry_orm_thd_s1c","markdown-link","SelectTab","",""
"markdown","missing target anchor","markdown/integrate-applications/sap-connector-methods.md","378","sap-element-methods.md#dlentry_jnx_rjl_zdc","markdown/integrate-applications/sap-element-methods.md#dlentry_jnx_rjl_zdc","markdown-link","SendKeys","",""
"markdown","missing target anchor","markdown/integrate-applications/sap-connector-methods.md","379","sap-element-methods.md#dlentry_j5g_nlk_q1c","markdown/integrate-applications/sap-element-methods.md#dlentry_j5g_nlk_q1c","markdown-link","SetFocus","",""
"markdown","missing target anchor","markdown/integrate-applications/sap-connector-methods.md","380","sap-element-methods.md#dlentry_a5s_qlk_q1c","markdown/integrate-applications/sap-element-methods.md#dlentry_a5s_qlk_q1c","markdown-link","MouseClick","",""
"markdown","missing target anchor","markdown/integrate-applications/sap-connector-methods.md","381","sap-element-methods.md#dlentry_ubf_2yw_12c","markdown/integrate-applications/sap-element-methods.md#dlentry_ubf_2yw_12c","markdown-link","SelectNodeItem","",""
"markdown","missing target anchor","markdown/integrate-applications/sap-connector-methods.md","382","sap-element-methods.md#dlentry_z3g_mnf_b2c","markdown/integrate-applications/sap-element-methods.md#dlentry_z3g_mnf_b2c","markdown-link","SelectNode","",""
"markdown","missing target anchor","markdown/integrate-applications/sap-connector-methods.md","383","sap-element-methods.md#dlentry_gqd_dqw_12c","markdown/integrate-applications/sap-element-methods.md#dlentry_gqd_dqw_12c","markdown-link","SelectContextMenuItemById","",""
"markdown","missing target anchor","markdown/integrate-applications/sap-connector-methods.md","384","sap-element-methods.md#dlentry_iyr_dqw_12c","markdown/integrate-applications/sap-element-methods.md#dlentry_iyr_dqw_12c","markdown-link","SelectContextMenuItemByText","",""
"markdown","missing target anchor","markdown/integrate-applications/sap-connector-methods.md","385","sap-element-methods.md#dlentry_ehb_2qw_12c","markdown/integrate-applications/sap-element-methods.md#dlentry_ehb_2qw_12c","markdown-link","SelectContextMenuItemByPosition","",""
"markdown","missing target anchor","markdown/integrate-applications/sap-connector-methods.md","386","sap-element-methods.md#dlentry_cdy_hrw_12c","markdown/integrate-applications/sap-element-methods.md#dlentry_cdy_hrw_12c","markdown-link","Uncheck","",""
"markdown","missing target anchor","markdown/integrate-applications/sap-connector-methods.md","387","sap-element-methods.md#dlentry_lvb_5lk_q1c","markdown/integrate-applications/sap-element-methods.md#dlentry_lvb_5lk_q1c","markdown-link","WaitForCreate","",""
"markdown","missing target anchor","markdown/integrate-applications/sap-connector-methods.md","391","sap-element-methods.md#dlentry_ks3_jlk_q1c","markdown/integrate-applications/sap-element-methods.md#dlentry_ks3_jlk_q1c","markdown-link","Highlight","",""
"markdown","missing target anchor","markdown/integrate-applications/sap-connector-methods.md","392","sap-element-methods.md#dlentry_l11_llk_q1c","markdown/integrate-applications/sap-element-methods.md#dlentry_l11_llk_q1c","markdown-link","IsCreated","",""
"markdown","missing target anchor","markdown/integrate-applications/sap-connector-methods.md","393","sap-element-methods.md#dlentry_a5s_qlk_q1c","markdown/integrate-applications/sap-element-methods.md#dlentry_a5s_qlk_q1c","markdown-link","MouseClick","",""
"markdown","missing target anchor","markdown/integrate-applications/sap-connector-methods.md","394","sap-element-methods.md#dlentry_h53_znw_12c","markdown/integrate-applications/sap-element-methods.md#dlentry_h53_znw_12c","markdown-link","ScrollToNextPage","",""
"markdown","missing target anchor","markdown/integrate-applications/sap-connector-methods.md","395","sap-element-methods.md#dlentry_x2t_znw_12c","markdown/integrate-applications/sap-element-methods.md#dlentry_x2t_znw_12c","markdown-link","ScrollToPreviousPage","",""
"markdown","missing target anchor","markdown/integrate-applications/sap-connector-methods.md","396","sap-element-methods.md#dlentry_jnx_rjl_zdc","markdown/integrate-applications/sap-element-methods.md#dlentry_jnx_rjl_zdc","markdown-link","SendKeys","",""
"markdown","missing target anchor","markdown/integrate-applications/sap-connector-methods.md","397","sap-element-methods.md#dlentry_j5g_nlk_q1c","markdown/integrate-applications/sap-element-methods.md#dlentry_j5g_nlk_q1c","markdown-link","SetFocus","",""
"markdown","missing target anchor","markdown/integrate-applications/sap-connector-methods.md","398","sap-element-methods.md#dlentry_vh1_cdl_q1c","markdown/integrate-applications/sap-element-methods.md#dlentry_vh1_cdl_q1c","markdown-link","SetHorizontalScroll","",""
"markdown","missing target anchor","markdown/integrate-applications/sap-connector-methods.md","399","sap-element-methods.md#dlentry_gsv_4dl_q1c","markdown/integrate-applications/sap-element-methods.md#dlentry_gsv_4dl_q1c","markdown-link","SetVerticalScroll","",""
"markdown","missing target anchor","markdown/integrate-applications/sap-connector-methods.md","400","sap-element-methods.md#dlentry_lvb_5lk_q1c","markdown/integrate-applications/sap-element-methods.md#dlentry_lvb_5lk_q1c","markdown-link","WaitForCreate","",""
"markdown","missing target anchor","markdown/integrate-applications/use-actionset-mouse-action.md","22","actionset-actions-properties.md#actionset-mouse-action","markdown/integrate-applications/actionset-actions-properties.md#actionset-mouse-action","markdown-link","ActionSet-Mouse Action properties","",""
"markdown","missing target anchor","markdown/integrate-applications/use-general-try-catch.md","22","Properties-general-components.md#Try-Catch-component","markdown/integrate-applications/Properties-general-components.md#Try-Catch-component","markdown-link","Properties of the Try Catch component","",""
"markdown","missing target anchor","markdown/intelligent-experiences/ai-agent-studio.md","67","enable-aia-na-guardian.md#offensiveness-detection","markdown/intelligent-experiences/enable-aia-na-guardian.md#offensiveness-detection","markdown-link","Offensiveness detection","",""
"markdown","missing target anchor","markdown/intelligent-experiences/ai-agent-studio.md","68","enable-aia-na-guardian.md#prompt-injection-detection","markdown/intelligent-experiences/enable-aia-na-guardian.md#prompt-injection-detection","markdown-link","Prompt injection attempt decision","",""
"markdown","missing target anchor","markdown/intelligent-experiences/ai-control-tower/create-ai-system-assets.md","180","create-ai-system-assets.md#step5","markdown/intelligent-experiences/ai-control-tower/create-ai-system-assets.md#step5","markdown-link","step 5","",""
"markdown","missing target anchor","markdown/intelligent-experiences/now-assist-readiness-evaluation/configure-nare-guided-setup.md","61","configure-nare-guided-setup.md#select-job-link-step","markdown/intelligent-experiences/now-assist-readiness-evaluation/configure-nare-guided-setup.md#select-job-link-step","markdown-link","8","",""
"markdown","missing target anchor","markdown/intelligent-experiences/now-assist-readiness-evaluation/configure-nare-guided-setup.md","61","configure-nare-guided-setup.md#step-next-guided-setup","markdown/intelligent-experiences/now-assist-readiness-evaluation/configure-nare-guided-setup.md#step-next-guided-setup","markdown-link","10","",""
"markdown","missing target anchor","markdown/intelligent-experiences/servicenow-lens/create-record-sn-lens.md","32","download-sn-lens-msi.md#lens-permission","markdown/intelligent-experiences/servicenow-lens/download-sn-lens-msi.md#lens-permission","markdown-link","Providing permission to ServiceNow AI Lens","",""
"markdown","missing target anchor","markdown/intelligent-experiences/servicenow-lens/preview-desktop-others-lens.md","28","download-sn-lens-msi.md#lens-permission","markdown/intelligent-experiences/servicenow-lens/download-sn-lens-msi.md#lens-permission","markdown-link","Providing permission to ServiceNow AI Lens","",""
"markdown","missing target anchor","markdown/intelligent-experiences/servicenow-lens/update-record-sn-lens.md","32","download-sn-lens-msi.md#lens-permission","markdown/intelligent-experiences/servicenow-lens/download-sn-lens-msi.md#lens-permission","markdown-link","Providing permission to ServiceNow AI Lens","",""
"markdown","missing target anchor","markdown/it-asset-management/enterprise-asset-management/configure-activate-agentic-workflows-eam.md","39","configure-activate-agentic-workflows-eam.md#trigger","markdown/it-asset-management/enterprise-asset-management/configure-activate-agentic-workflows-eam.md#trigger","markdown-link","step 3","",""
"markdown","missing target anchor","markdown/it-asset-management/enterprise-asset-management/create-eam-incident.md","54","create-eam-incident.md#add-child-assets","markdown/it-asset-management/enterprise-asset-management/create-eam-incident.md#add-child-assets","markdown-link","step 5","",""
"markdown","missing target anchor","markdown/it-asset-management/enterprise-asset-management/create-enterprise-asset-mobile-agent-app.md","44","create-enterprise-asset-mobile-agent-app.md#verification-asset-tag","markdown/it-asset-management/enterprise-asset-management/create-enterprise-asset-mobile-agent-app.md#verification-asset-tag","markdown-link","step 5","",""
"markdown","missing target anchor","markdown/it-asset-management/enterprise-asset-management/create-enterprise-asset-mobile-agent-app.md","67","create-enterprise-asset-mobile-agent-app.md#more-options-menu","markdown/it-asset-management/enterprise-asset-management/create-enterprise-asset-mobile-agent-app.md#more-options-menu","markdown-link","step 7","",""
"markdown","missing target anchor","markdown/it-asset-management/enterprise-asset-management/create-enterprise-asset-mobile-agent-app.md","97","create-enterprise-asset-mobile-agent-app.md#more-options-menu","markdown/it-asset-management/enterprise-asset-management/create-enterprise-asset-mobile-agent-app.md#more-options-menu","markdown-link","step 7","",""
"markdown","missing target anchor","markdown/it-asset-management/enterprise-asset-management/create-enterprise-asset-mobile-agent-app.md","150","create-enterprise-asset-mobile-agent-app.md#asset-state","markdown/it-asset-management/enterprise-asset-management/create-enterprise-asset-mobile-agent-app.md#asset-state","markdown-link","step 11","",""
"markdown","missing target anchor","markdown/it-asset-management/enterprise-asset-management/create-model-eam.md","52","create-model-eam.md#dialog-box","markdown/it-asset-management/enterprise-asset-management/create-model-eam.md#dialog-box","markdown-link","step 4","",""
"markdown","missing target anchor","markdown/it-asset-management/enterprise-asset-management/create-model-eam.md","54","create-model-eam.md#create-new-product-model-form","markdown/it-asset-management/enterprise-asset-management/create-model-eam.md#create-new-product-model-form","markdown-link","step 6","",""
"markdown","missing target anchor","markdown/it-asset-management/enterprise-asset-management/now-assist-eam-help-manage-enterprise-asset-requests-workflow.md","170","now-assist-eam-help-manage-enterprise-asset-requests-workflow.md#user-intervention","markdown/it-asset-management/enterprise-asset-management/now-assist-eam-help-manage-enterprise-asset-requests-workflow.md#user-intervention","markdown-link","step 4","",""
"markdown","missing target anchor","markdown/it-asset-management/enterprise-asset-management/now-assist-eam-help-manage-enterprise-asset-requests-workflow.md","171","now-assist-eam-help-manage-enterprise-asset-requests-workflow.md#transfer-order","markdown/it-asset-management/enterprise-asset-management/now-assist-eam-help-manage-enterprise-asset-requests-workflow.md#transfer-order","markdown-link","step 2","",""
"markdown","missing target anchor","markdown/it-asset-management/enterprise-asset-management/now-assist-eam-help-manage-enterprise-asset-requests-workflow.md","178","now-assist-eam-help-manage-enterprise-asset-requests-workflow.md#user-intervention","markdown/it-asset-management/enterprise-asset-management/now-assist-eam-help-manage-enterprise-asset-requests-workflow.md#user-intervention","markdown-link","step 4","",""
"markdown","missing target anchor","markdown/it-asset-management/enterprise-asset-management/now-assist-eam-help-manage-enterprise-asset-requests-workflow.md","179","now-assist-eam-help-manage-enterprise-asset-requests-workflow.md#purchase-order","markdown/it-asset-management/enterprise-asset-management/now-assist-eam-help-manage-enterprise-asset-requests-workflow.md#purchase-order","markdown-link","step 3","",""
"markdown","missing target anchor","markdown/it-asset-management/enterprise-asset-management/now-assist-eam-help-manage-enterprise-asset-requests-workflow.md","182","now-assist-eam-help-manage-enterprise-asset-requests-workflow.md#user-intervention","markdown/it-asset-management/enterprise-asset-management/now-assist-eam-help-manage-enterprise-asset-requests-workflow.md#user-intervention","markdown-link","step 4","",""
"markdown","missing target anchor","markdown/it-asset-management/enterprise-asset-management/now-assist-eam-help-repair-enterprise-assets-workflow.md","127","now-assist-eam-help-repair-enterprise-assets-workflow.md#user-input","markdown/it-asset-management/enterprise-asset-management/now-assist-eam-help-repair-enterprise-assets-workflow.md#user-input","markdown-link","step 6","",""
"markdown","missing target anchor","markdown/it-asset-management/enterprise-asset-management/now-assist-eam-help-repair-enterprise-assets-workflow.md","131","now-assist-eam-help-repair-enterprise-assets-workflow.md#web-search","markdown/it-asset-management/enterprise-asset-management/now-assist-eam-help-repair-enterprise-assets-workflow.md#web-search","markdown-link","step 2","",""
"markdown","missing target anchor","markdown/it-asset-management/enterprise-asset-management/return-leased-enterprise-asset.md","402","return-leased-enterprise-asset.md#return-confirmation","markdown/it-asset-management/enterprise-asset-management/return-leased-enterprise-asset.md#return-confirmation","markdown-link","step 7","",""
"markdown","missing target anchor","markdown/it-asset-management/enterprise-asset-management/submit-rma-order.md","38","submit-rma-order.md#select-asset","markdown/it-asset-management/enterprise-asset-management/submit-rma-order.md#select-asset","markdown-link","step 5","",""
"markdown","missing target anchor","markdown/it-asset-management/enterprise-asset-management/submit-rma-order.md","40","submit-rma-order.md#select-asset","markdown/it-asset-management/enterprise-asset-management/submit-rma-order.md#select-asset","markdown-link","step 5","",""
"markdown","missing target anchor","markdown/it-asset-management/hardware-asset-management/create-hardware-consumable-model.md","40","hardware-model-fields.md#section_ijc_l3c_2jb","markdown/it-asset-management/hardware-asset-management/hardware-model-fields.md#section_ijc_l3c_2jb","markdown-link","Compatibles","",""
"markdown","missing target anchor","markdown/it-asset-management/hardware-asset-management/create-hardware-consumable-model.md","56","hardware-model-fields.md#section_wb4_53c_2jb","markdown/it-asset-management/hardware-asset-management/hardware-model-fields.md#section_wb4_53c_2jb","markdown-link","Vendor Catalog Items","",""
"markdown","missing target anchor","markdown/it-asset-management/hardware-asset-management/create-hardware-consumable-model.md","58","hardware-model-fields.md#section_n1d_v3c_2jb","markdown/it-asset-management/hardware-asset-management/hardware-model-fields.md#section_n1d_v3c_2jb","markdown-link","Hardware Model Lifecycles","",""
"markdown","missing target anchor","markdown/it-asset-management/saas-license-management/create-subflow-get-users.md","332","create-subflow-get-users.md#step1","markdown/it-asset-management/saas-license-management/create-subflow-get-users.md#step1","markdown-link","step 1","",""
"markdown","missing target anchor","markdown/it-asset-management/saas-license-management/create-subflow-get-users.md","427","create-subflow-get-users.md#step2","markdown/it-asset-management/saas-license-management/create-subflow-get-users.md#step2","markdown-link","step 2","",""
"markdown","missing target anchor","markdown/it-asset-management/saas-license-management/integrate-sfmc-basicauth.md","247","integrate-sfmc-basicauth.md#create-user","markdown/it-asset-management/saas-license-management/integrate-sfmc-basicauth.md#create-user","markdown-link","step 4","",""
"markdown","missing target anchor","markdown/it-asset-management/saas-license-management/integrate-sfmc-basicauth.md","255","integrate-sfmc-basicauth.md#create-user-role","markdown/it-asset-management/saas-license-management/integrate-sfmc-basicauth.md#create-user-role","markdown-link","step 5","",""
"markdown","missing target anchor","markdown/it-asset-management/saas-license-management/integrate-with-docusign-account.md","47","integrate-with-docusign-account.md#docusign-prod-login","markdown/it-asset-management/saas-license-management/integrate-with-docusign-account.md#docusign-prod-login","markdown-link","skip to step 33","",""
"markdown","missing target anchor","markdown/it-asset-management/saas-license-management/integrate-with-docusign-account.md","82","integrate-with-docusign-account.md#step9","markdown/it-asset-management/saas-license-management/integrate-with-docusign-account.md#step9","markdown-link","step 10","",""
"markdown","missing target anchor","markdown/it-asset-management/saas-license-management/integrate-with-docusign-account.md","83","integrate-with-docusign-account.md#step9","markdown/it-asset-management/saas-license-management/integrate-with-docusign-account.md#step9","markdown-link","step 10","",""
"markdown","missing target anchor","markdown/it-asset-management/saas-license-management/integrate-with-docusign-org.md","47","integrate-with-docusign-org.md#docusign-prod-login","markdown/it-asset-management/saas-license-management/integrate-with-docusign-org.md#docusign-prod-login","markdown-link","step 15","",""
"markdown","missing target anchor","markdown/it-asset-management/saas-license-management/integrate-with-roadmunk.md","200","integrate-with-roadmunk.md#download-user-report","markdown/it-asset-management/saas-license-management/integrate-with-roadmunk.md#download-user-report","markdown-link","step e","",""
"markdown","missing target anchor","markdown/it-asset-management/saas-license-management/integrate-with-salesforce-crm.md","822","integrate-with-salesforce-crm.md#child-alias","markdown/it-asset-management/saas-license-management/integrate-with-salesforce-crm.md#child-alias","markdown-link","step 7","",""
"markdown","missing target anchor","markdown/it-asset-management/saas-license-management/integrate-with-successfactors.md","645","integrate-with-successfactors.md#filter-criteria","markdown/it-asset-management/saas-license-management/integrate-with-successfactors.md#filter-criteria","markdown-link","step 14","",""
"markdown","missing target anchor","markdown/it-asset-management/saas-license-management/integrate-with-zoom.md","173","integrate-with-zoom.md#step5","markdown/it-asset-management/saas-license-management/integrate-with-zoom.md#step5","markdown-link","step 5","",""
"markdown","missing target anchor","markdown/it-asset-management/saas-license-management/integrate-with-zoom.md","175","integrate-with-zoom.md#step5","markdown/it-asset-management/saas-license-management/integrate-with-zoom.md#step5","markdown-link","step 5","",""
"markdown","missing target anchor","markdown/it-asset-management/saas-license-management/playbook-salesforce-crm.md","142","playbook-salesforce-crm.md#step4","markdown/it-asset-management/saas-license-management/playbook-salesforce-crm.md#step4","markdown-link","Step 4","",""
"markdown","missing target anchor","markdown/it-asset-management/saas-license-management/playbook-salesforce-crm.md","191","playbook-salesforce-crm.md#step-7","markdown/it-asset-management/saas-license-management/playbook-salesforce-crm.md#step-7","markdown-link","Step 7","",""
"markdown","missing target anchor","markdown/it-asset-management/saas-license-management/reclaim-monday-subscription-workspace.md","54","reclaim-monday-subscription-workspace.md#identify-removal-candidate","markdown/it-asset-management/saas-license-management/reclaim-monday-subscription-workspace.md#identify-removal-candidate","markdown-link","step 1","",""
"markdown","missing target anchor","markdown/it-asset-management/saas-license-management/reclaim-monday-subscription-workspace.md","90","reclaim-monday-subscription-workspace.md#remove-user","markdown/it-asset-management/saas-license-management/reclaim-monday-subscription-workspace.md#remove-user","markdown-link","step 2","",""
"markdown","missing target anchor","markdown/it-asset-management/saas-license-management/reclaim-monday-subscription.md","46","reclaim-monday-subscription.md#identify-removal-candidate","markdown/it-asset-management/saas-license-management/reclaim-monday-subscription.md#identify-removal-candidate","markdown-link","step 1","",""
"markdown","missing target anchor","markdown/it-asset-management/saas-license-management/reclaim-monday-subscription.md","62","reclaim-monday-subscription.md#identify-removal-candidate","markdown/it-asset-management/saas-license-management/reclaim-monday-subscription.md#identify-removal-candidate","markdown-link","step 1","",""
"markdown","missing target anchor","markdown/it-asset-management/saas-license-management/reclaim-monday-subscription.md","78","reclaim-monday-subscription.md#remove-user","markdown/it-asset-management/saas-license-management/reclaim-monday-subscription.md#remove-user","markdown-link","step 2","",""
"markdown","missing target anchor","markdown/it-asset-management/saas-license-management/reclaim-roadmunk-subscription-workspace.md","54","reclaim-roadmunk-subscription-workspace.md#identify-removal-candidate","markdown/it-asset-management/saas-license-management/reclaim-roadmunk-subscription-workspace.md#identify-removal-candidate","markdown-link","step 1","",""
"markdown","missing target anchor","markdown/it-asset-management/saas-license-management/reclaim-roadmunk-subscription-workspace.md","116","reclaim-roadmunk-subscription-workspace.md#remove-user","markdown/it-asset-management/saas-license-management/reclaim-roadmunk-subscription-workspace.md#remove-user","markdown-link","step 2","",""
"markdown","missing target anchor","markdown/it-asset-management/saas-license-management/reclaim-roadmunk-subscription.md","46","reclaim-roadmunk-subscription.md#identify-removal-candidate","markdown/it-asset-management/saas-license-management/reclaim-roadmunk-subscription.md#identify-removal-candidate","markdown-link","step 1","",""
"markdown","missing target anchor","markdown/it-asset-management/saas-license-management/reclaim-roadmunk-subscription.md","64","reclaim-roadmunk-subscription.md#identify-removal-candidate","markdown/it-asset-management/saas-license-management/reclaim-roadmunk-subscription.md#identify-removal-candidate","markdown-link","step 1","",""
"markdown","missing target anchor","markdown/it-asset-management/saas-license-management/reclaim-roadmunk-subscription.md","104","reclaim-roadmunk-subscription.md#remove-user","markdown/it-asset-management/saas-license-management/reclaim-roadmunk-subscription.md#remove-user","markdown-link","step 2","",""
"markdown","missing target anchor","markdown/it-asset-management/saas-license-management/reclaim-surveymonkey-subscription-workspace.md","48","reclaim-surveymonkey-subscription-workspace.md#identify-removal-candidate","markdown/it-asset-management/saas-license-management/reclaim-surveymonkey-subscription-workspace.md#identify-removal-candidate","markdown-link","step 1","",""
"markdown","missing target anchor","markdown/it-asset-management/saas-license-management/reclaim-surveymonkey-subscription-workspace.md","76","reclaim-surveymonkey-subscription-workspace.md#remove-user","markdown/it-asset-management/saas-license-management/reclaim-surveymonkey-subscription-workspace.md#remove-user","markdown-link","step 2","",""
"markdown","missing target anchor","markdown/it-asset-management/saas-license-management/reclaim-surveymonkey-subscription.md","46","reclaim-surveymonkey-subscription.md#identify-removal-candidate","markdown/it-asset-management/saas-license-management/reclaim-surveymonkey-subscription.md#identify-removal-candidate","markdown-link","step 1","",""
"markdown","missing target anchor","markdown/it-asset-management/saas-license-management/reclaim-surveymonkey-subscription.md","58","reclaim-surveymonkey-subscription.md#identify-removal-candidate","markdown/it-asset-management/saas-license-management/reclaim-surveymonkey-subscription.md#identify-removal-candidate","markdown-link","step 1","",""
"markdown","missing target anchor","markdown/it-asset-management/saas-license-management/reclaim-surveymonkey-subscription.md","76","reclaim-surveymonkey-subscription.md#remove-user","markdown/it-asset-management/saas-license-management/reclaim-surveymonkey-subscription.md#remove-user","markdown-link","step 2","",""
"markdown","missing target anchor","markdown/it-asset-management/software-asset-management/complete-eol-workflow-request.md","57","software-eol-request.md#section_l11_yb1_4bc","markdown/it-asset-management/software-asset-management/software-eol-request.md#section_l11_yb1_4bc","markdown-link","Software EOL tasks tab","",""
"markdown","missing target anchor","markdown/it-asset-management/software-asset-management/complete-eol-workflow-request.md","69","software-eol-request.md#section_l11_yb1_4bc","markdown/it-asset-management/software-asset-management/software-eol-request.md#section_l11_yb1_4bc","markdown-link","Software EOL tasks tab","",""
"markdown","missing target anchor","markdown/it-asset-management/software-asset-management/complete-eol-workflow-request.md","79","software-eol-request.md#section_l11_yb1_4bc","markdown/it-asset-management/software-asset-management/software-eol-request.md#section_l11_yb1_4bc","markdown-link","Software EOL tasks tab","",""
"markdown","missing target anchor","markdown/it-asset-management/software-asset-management/complete-eol-workflow-request.md","91","software-eol-request.md#section_l11_yb1_4bc","markdown/it-asset-management/software-asset-management/software-eol-request.md#section_l11_yb1_4bc","markdown-link","Software EOL tasks tab","",""
"markdown","missing target anchor","markdown/it-asset-management/software-asset-management/complete-eol-workflow-request.md","103","software-eol-request.md#section_l11_yb1_4bc","markdown/it-asset-management/software-asset-management/software-eol-request.md#section_l11_yb1_4bc","markdown-link","Software EOL tasks tab","",""
"markdown","missing target anchor","markdown/it-asset-management/software-asset-management/complete-eol-workflow-request.md","115","software-eol-request.md#section_l11_yb1_4bc","markdown/it-asset-management/software-asset-management/software-eol-request.md#section_l11_yb1_4bc","markdown-link","Software EOL tasks tab","",""
"markdown","missing target anchor","markdown/it-asset-management/software-asset-management/create-clientaccess-workspace.md","150","create-clientaccess-workspace.md#cal-type","markdown/it-asset-management/software-asset-management/create-clientaccess-workspace.md#cal-type","markdown-link","step 7","",""
"markdown","missing target anchor","markdown/it-asset-management/software-asset-management/create-clientaccess-workspace.md","156","create-clientaccess-workspace.md#cal-type","markdown/it-asset-management/software-asset-management/create-clientaccess-workspace.md#cal-type","markdown-link","step 7","",""
"markdown","missing target anchor","markdown/it-asset-management/software-asset-management/create-clientaccess-workspace.md","164","create-clientaccess-workspace.md#cal-type","markdown/it-asset-management/software-asset-management/create-clientaccess-workspace.md#cal-type","markdown-link","step 7","",""
"markdown","missing target anchor","markdown/it-asset-management/software-asset-management/create-clientaccess-workspace.md","218","create-clientaccess-workspace.md#cal-type","markdown/it-asset-management/software-asset-management/create-clientaccess-workspace.md#cal-type","markdown-link","step 7","",""
"markdown","missing target anchor","markdown/it-asset-management/software-asset-management/create-edit-override-license-cost.md","40","software-model-fields.md#section_acq_cgl_4jb","markdown/it-asset-management/software-asset-management/software-model-fields.md#section_acq_cgl_4jb","markdown-link","Override License Costs tab","",""
"markdown","missing target anchor","markdown/it-asset-management/software-asset-management/create-swmodels-workspace.md","50","software-model-fields.md#section_ln4_wyp_l3b","markdown/it-asset-management/software-asset-management/software-model-fields.md#section_ln4_wyp_l3b","markdown-link","Suite Parents","",""
"markdown","missing target anchor","markdown/it-asset-management/software-asset-management/create-swmodels-workspace.md","51","software-model-fields.md#section_bdp_kmc_xhb","markdown/it-asset-management/software-asset-management/software-model-fields.md#section_bdp_kmc_xhb","markdown-link","Suite Components","",""
"markdown","missing target anchor","markdown/it-asset-management/software-asset-management/create-swmodels-workspace.md","54","software-model-fields.md#section_uvx_mbq_l3b","markdown/it-asset-management/software-asset-management/software-model-fields.md#section_uvx_mbq_l3b","markdown-link","Software Product Lifecycle","",""
"markdown","missing target anchor","markdown/it-asset-management/software-asset-management/create-swmodels-workspace.md","58","software-model-fields.md#section_acq_cgl_4jb","markdown/it-asset-management/software-asset-management/software-model-fields.md#section_acq_cgl_4jb","markdown-link","Override License Cost","",""
"markdown","missing target anchor","markdown/it-asset-management/software-asset-management/create-swmodels-workspace.md","60","software-model-fields.md#section_zcb_j4z_4hb","markdown/it-asset-management/software-asset-management/software-model-fields.md#section_zcb_j4z_4hb","markdown-link","Metric Attributes","",""
"markdown","missing target anchor","markdown/it-asset-management/software-asset-management/create-swmodels-workspace.md","68","software-model-fields.md#section_x5s_j4z_4hb","markdown/it-asset-management/software-asset-management/software-model-fields.md#section_x5s_j4z_4hb","markdown-link","Downgrade Rights","",""
"markdown","missing target anchor","markdown/it-asset-management/software-asset-management/enable-service-principal-authentication-microsoft.md","34","enable-service-principal-authentication-microsoft.md#add-app-security-group","markdown/it-asset-management/software-asset-management/enable-service-principal-authentication-microsoft.md#add-app-security-group","markdown-link","step 2","",""
"markdown","missing target anchor","markdown/it-asset-management/software-asset-management/enable-service-principal-authentication-microsoft.md","103","enable-service-principal-authentication-microsoft.md#create-security-group","markdown/it-asset-management/software-asset-management/enable-service-principal-authentication-microsoft.md#create-security-group","markdown-link","step 1","",""
"markdown","missing target anchor","markdown/it-asset-management/software-asset-management/enable-service-principal-authentication-microsoft.md","105","enable-service-principal-authentication-microsoft.md#create-security-group","markdown/it-asset-management/software-asset-management/enable-service-principal-authentication-microsoft.md#create-security-group","markdown-link","step 1","",""
"markdown","missing target anchor","markdown/it-asset-management/software-asset-management/enable-service-principal-authentication-microsoft.md","105","enable-service-principal-authentication-microsoft.md#step-b","markdown/it-asset-management/software-asset-management/enable-service-principal-authentication-microsoft.md#step-b","markdown-link","step b","",""
"markdown","missing target anchor","markdown/it-asset-management/software-asset-management/ibm-pvu-rvu-licensing.md","55","ibm-pvu-rvu-licensing.md#table_owy_slv_4pb","markdown/it-asset-management/software-asset-management/ibm-pvu-rvu-licensing.md#table_owy_slv_4pb","markdown-link","RVU tiers and factors table","",""
"markdown","missing target anchor","markdown/it-asset-management/software-asset-management/ibm-user-based-licensing.md","44","ibm-user-based-licensing.md#table_owy_slv_4pb","markdown/it-asset-management/software-asset-management/ibm-user-based-licensing.md#table_owy_slv_4pb","markdown-link","AUVU tiers and factors table","",""
"markdown","missing target anchor","markdown/it-asset-management/software-asset-management/import-custom-sap-named-user-type.md","66","import-custom-sap-named-user-type.md#dl-template","markdown/it-asset-management/software-asset-management/import-custom-sap-named-user-type.md#dl-template","markdown-link","step 1","",""
"markdown","missing target anchor","markdown/it-asset-management/software-asset-management/import-custom-sap-price-list.md","68","import-custom-sap-price-list.md#dl-template","markdown/it-asset-management/software-asset-management/import-custom-sap-price-list.md#dl-template","markdown-link","step 1","",""
"markdown","missing target anchor","markdown/it-asset-management/software-asset-management/import-mls-entitlements-sam-classic.md","65","import-mls-entitlements-sam-classic.md#step2","markdown/it-asset-management/software-asset-management/import-mls-entitlements-sam-classic.md#step2","markdown-link","step 4","",""
"markdown","missing target anchor","markdown/it-asset-management/software-asset-management/import-mls-entitlements-sam-classic.md","71","import-mls-entitlements-sam-classic.md#assign-base-entitlement","markdown/it-asset-management/software-asset-management/import-mls-entitlements-sam-classic.md#assign-base-entitlement","markdown-link","step 7","",""
"markdown","missing target anchor","markdown/it-asset-management/software-asset-management/import-mls-entitlements-workspace.md","108","import-mls-entitlements-workspace.md#import-errors","markdown/it-asset-management/software-asset-management/import-mls-entitlements-workspace.md#import-errors","markdown-link","step 7","",""
"markdown","missing target anchor","markdown/it-asset-management/software-asset-management/import-mls-entitlements-workspace.md","112","import-mls-entitlements-workspace.md#step4","markdown/it-asset-management/software-asset-management/import-mls-entitlements-workspace.md#step4","markdown-link","step 4","",""
"markdown","missing target anchor","markdown/it-asset-management/software-asset-management/manage-eol-risk.md","64","software-eol-request.md#section_l11_yb1_4bc","markdown/it-asset-management/software-asset-management/software-eol-request.md#section_l11_yb1_4bc","markdown-link","Software EOL tasks tab","",""
"markdown","missing target anchor","markdown/it-asset-management/software-asset-management/Manage-software-suites.md","26","software-model-fields.md#section_bdp_kmc_xhb","markdown/it-asset-management/software-asset-management/software-model-fields.md#section_bdp_kmc_xhb","markdown-link","Suite Components","",""
"markdown","missing target anchor","markdown/it-asset-management/software-asset-management/oracle-infrastructure-report.md","40","oracle-infrastructure-report.md#section_ahj_vhh_vpb","markdown/it-asset-management/software-asset-management/oracle-infrastructure-report.md#section_ahj_vhh_vpb","markdown-link","Licenses Required By form","",""
"markdown","missing target anchor","markdown/it-asset-management/software-asset-management/record-terms-software-licenses.md","30","software-model-fields.md#section_uvx_mbq_l3b","markdown/it-asset-management/software-asset-management/software-model-fields.md#section_uvx_mbq_l3b","markdown-link","Software Product Lifecycle related list","",""
"markdown","missing target anchor","markdown/it-asset-management/software-asset-management/record-terms-software-licenses.md","50","software-model-fields.md#section_ln4_wyp_l3b","markdown/it-asset-management/software-asset-management/software-model-fields.md#section_ln4_wyp_l3b","markdown-link","Suite Parents related list","",""
"markdown","missing target anchor","markdown/it-asset-management/software-asset-management/record-terms-software-licenses.md","51","software-model-fields.md#section_bdp_kmc_xhb","markdown/it-asset-management/software-asset-management/software-model-fields.md#section_bdp_kmc_xhb","markdown-link","Suite Components related list","",""
"markdown","missing target anchor","markdown/it-asset-management/software-asset-management/record-terms-software-licenses.md","66","software-model-fields.md#section_uvx_mbq_l3b","markdown/it-asset-management/software-asset-management/software-model-fields.md#section_uvx_mbq_l3b","markdown-link","Software Product Lifecycles","",""
"markdown","missing target anchor","markdown/it-asset-management/software-asset-management/record-terms-software-licenses.md","70","software-model-fields.md#section_zcb_j4z_4hb","markdown/it-asset-management/software-asset-management/software-model-fields.md#section_zcb_j4z_4hb","markdown-link","Metric Attributes related list","",""
"markdown","missing target anchor","markdown/it-asset-management/software-asset-management/record-terms-software-licenses.md","76","software-model-fields.md#section_yhc_y3q_l3b","markdown/it-asset-management/software-asset-management/software-model-fields.md#section_yhc_y3q_l3b","markdown-link","Client Access related list","",""
"markdown","missing target anchor","markdown/it-asset-management/software-asset-management/record-terms-software-licenses.md","78","software-model-fields.md#section_x5s_j4z_4hb","markdown/it-asset-management/software-asset-management/software-model-fields.md#section_x5s_j4z_4hb","markdown-link","Downgrade Rights related list","",""
"markdown","missing target anchor","markdown/it-asset-management/software-asset-management/rhel-entitlements.md","235","rhel-entitlements.md#spreadsheet","markdown/it-asset-management/software-asset-management/rhel-entitlements.md#spreadsheet","markdown-link","step 2","",""
"markdown","missing target anchor","markdown/it-asset-management/software-asset-management/self-declare-sap-products-workspace.md","48","self-declare-sap-products-workspace.md#create-software-model","markdown/it-asset-management/software-asset-management/self-declare-sap-products-workspace.md#create-software-model","markdown-link","step 1","",""
"markdown","missing target anchor","markdown/it-asset-management/software-asset-management/self-declare-sap-products-workspace.md","52","self-declare-sap-products-workspace.md#create-software-model","markdown/it-asset-management/software-asset-management/self-declare-sap-products-workspace.md#create-software-model","markdown-link","step 1","",""
"markdown","missing target anchor","markdown/it-asset-management/software-asset-management/self-declare-sap-products-workspace.md","60","self-declare-sap-products-workspace.md#create-software-model","markdown/it-asset-management/software-asset-management/self-declare-sap-products-workspace.md#create-software-model","markdown-link","step 1","",""
"markdown","missing target anchor","markdown/it-asset-management/software-asset-management/self-declare-sap-products.md","44","self-declare-sap-products.md#create-software-model","markdown/it-asset-management/software-asset-management/self-declare-sap-products.md#create-software-model","markdown-link","step 1","",""
"markdown","missing target anchor","markdown/it-asset-management/software-asset-management/self-declare-sap-products.md","60","self-declare-sap-products.md#create-software-model","markdown/it-asset-management/software-asset-management/self-declare-sap-products.md#create-software-model","markdown-link","step 1","",""
"markdown","missing target anchor","markdown/it-asset-management/software-asset-management/software-suites.md","34","software-model-fields.md#section_bdp_kmc_xhb","markdown/it-asset-management/software-asset-management/software-model-fields.md#section_bdp_kmc_xhb","markdown-link","Suite Components","",""
"markdown","missing target anchor","markdown/it-asset-management/software-asset-management/t_AddAClientAccessRec.md","140","t_AddAClientAccessRec.md#cal-type","markdown/it-asset-management/software-asset-management/t_AddAClientAccessRec.md#cal-type","markdown-link","step 3","",""
"markdown","missing target anchor","markdown/it-asset-management/software-asset-management/t_AddAClientAccessRec.md","146","t_AddAClientAccessRec.md#cal-type","markdown/it-asset-management/software-asset-management/t_AddAClientAccessRec.md#cal-type","markdown-link","step 3","",""
"markdown","missing target anchor","markdown/it-asset-management/software-asset-management/t_AddAClientAccessRec.md","154","t_AddAClientAccessRec.md#cal-type","markdown/it-asset-management/software-asset-management/t_AddAClientAccessRec.md#cal-type","markdown-link","step 3","",""
"markdown","missing target anchor","markdown/it-asset-management/software-asset-management/t_AddAClientAccessRec.md","206","t_AddAClientAccessRec.md#cal-type","markdown/it-asset-management/software-asset-management/t_AddAClientAccessRec.md#cal-type","markdown-link","step 3","",""
"markdown","missing target anchor","markdown/it-business-management/demand-management/migrate-fin-baselines-demands.md","95","../portfolio-planning/using-financials-pp.md#section_bkp_g2l_2zb","markdown/it-business-management/portfolio-planning/using-financials-pp.md#section_bkp_g2l_2zb","markdown-link","Baselines view","",""
"markdown","missing target anchor","markdown/it-business-management/portfolio-planning/add-dependencies-roadmap-items-portfolio-planning.md","27","../scenario-planning-in-spw/roadmap-planning-overview.md#section_spl_34r_1tb","markdown/it-business-management/scenario-planning-in-spw/roadmap-planning-overview.md#section_spl_34r_1tb","markdown-link","Learn more about dependencies in the roadmap","",""
"markdown","missing target anchor","markdown/it-business-management/portfolio-planning/using-financials-pp.md","150","../scenario-planning-in-spw/create-compare-baselines.md#ol_tgp_v2k_2zb","markdown/it-business-management/scenario-planning-in-spw/create-compare-baselines.md#ol_tgp_v2k_2zb","markdown-link","Create a baseline","",""
"markdown","missing target anchor","markdown/it-business-management/ppm-collaboration/create-an-investment-report.md","41","use-investment-portal.md#image_cwc_2xh_ycb","markdown/it-business-management/ppm-collaboration/use-investment-portal.md#image_cwc_2xh_ycb","markdown-link","Widget Configuration","",""
"markdown","missing target anchor","markdown/it-business-management/project-management/external-dependency-types.md","22","r_PlanningConsoleTasks.md#table_ukw_ftd_2s","markdown/it-business-management/project-management/r_PlanningConsoleTasks.md#table_ukw_ftd_2s","markdown-link","notification","",""
"markdown","missing target anchor","markdown/it-business-management/project-management/portal-board-widget-form.md","103","../ppm-collaboration/use-investment-portal.md#image_cwc_2xh_ycb","markdown/it-business-management/ppm-collaboration/use-investment-portal.md#image_cwc_2xh_ycb","markdown-link","Widget Configuration","",""
"markdown","missing target anchor","markdown/it-business-management/project-management/r_PlanningConsoleTasks.md","86","c_GanttChart.md#phase_icons","markdown/it-business-management/project-management/c_GanttChart.md#phase_icons","markdown-link","phase icons","",""
"markdown","missing target anchor","markdown/it-business-management/project-workspace/create-compare-baselines-pws.md","20","using-financials-prj-wrkspc.md#section_bkp_g2l_2zb","markdown/it-business-management/project-workspace/using-financials-prj-wrkspc.md#section_bkp_g2l_2zb","markdown-link","financial baselines","",""
"markdown","missing target anchor","markdown/it-business-management/project-workspace/using-financials-prj-wrkspc.md","148","../scenario-planning-in-spw/create-compare-baselines.md#ol_tgp_v2k_2zb","markdown/it-business-management/scenario-planning-in-spw/create-compare-baselines.md#ol_tgp_v2k_2zb","markdown-link","Create a baseline","",""
"markdown","missing target anchor","markdown/it-business-management/resource-management/rsrc-plans-rsrc-asgmnts.md","104","../project-management/planning-attributes.md#table_f1y_wvh_wwb","markdown/it-business-management/project-management/planning-attributes.md#table_f1y_wvh_wwb","markdown-link","planning attributes enabled for financials","",""
"markdown","missing target anchor","markdown/it-business-management/scenario-planning-in-spw/create-planning-item-dependencies-in-a-roadmap.md","27","roadmap-planning-overview.md#section_spl_34r_1tb","markdown/it-business-management/scenario-planning-in-spw/roadmap-planning-overview.md#section_spl_34r_1tb","markdown-link","Learn more about dependencies in the roadmap","",""
"markdown","missing target anchor","markdown/it-business-management/scenario-planning-in-spw/using-financials-spw.md","150","create-compare-baselines.md#ol_tgp_v2k_2zb","markdown/it-business-management/scenario-planning-in-spw/create-compare-baselines.md#ol_tgp_v2k_2zb","markdown-link","Create a baseline","",""
"markdown","missing target anchor","markdown/it-operations-management/agent-client-collector/acc-enable-log-monitoring-linux.md","49","acc-enable-log-monitoring-linux.md#log-file","markdown/it-operations-management/agent-client-collector/acc-enable-log-monitoring-linux.md#log-file","markdown-link","4","",""
"markdown","missing target anchor","markdown/it-operations-management/agent-client-collector/acc-enable-log-monitoring-linux.md","49","acc-enable-log-monitoring-linux.md#string","markdown/it-operations-management/agent-client-collector/acc-enable-log-monitoring-linux.md#string","markdown-link","5","",""
"markdown","missing target anchor","markdown/it-operations-management/agent-client-collector/acc-log-analytics-policies-checks.md","258","acc-log-analytics-policies-checks.md#section_twh_3vd_nzb","markdown/it-operations-management/agent-client-collector/acc-log-analytics-policies-checks.md#section_twh_3vd_nzb","markdown-link","Environment variables","",""
"markdown","missing target anchor","markdown/it-operations-management/agent-client-collector/acc-oneliner-install.md","75","acc-oneliner-install.md#command","markdown/it-operations-management/agent-client-collector/acc-oneliner-install.md#command","markdown-link","2","",""
"markdown","missing target anchor","markdown/it-operations-management/aws-trusted-credential-less.md","61","aws-trusted-credential-less.md#create-IAM-role-trusting-account","markdown/it-operations-management/aws-trusted-credential-less.md#create-IAM-role-trusting-account","markdown-link","1.b","",""
"markdown","missing target anchor","markdown/it-operations-management/aws-trusted-credential-less.md","74","aws-trusted-credential-less.md#create-IAM-role-trusting-account","markdown/it-operations-management/aws-trusted-credential-less.md#create-IAM-role-trusting-account","markdown-link","1.b","",""
"markdown","missing target anchor","markdown/it-operations-management/aws-trusted-credential-less.md","79","aws-trusted-credential-less.md#create-role-trusted-account","markdown/it-operations-management/aws-trusted-credential-less.md#create-role-trusted-account","markdown-link","2.b","",""
"markdown","missing target anchor","markdown/it-operations-management/cloud-configuration-governance/discover-terraform-config-installables-vcs-workspaces.md","78","discover-terraform-config-installables-vcs-workspaces.md#cpg-tf-connector-find-vcs-repo-branches","markdown/it-operations-management/cloud-configuration-governance/discover-terraform-config-installables-vcs-workspaces.md#cpg-tf-connector-find-vcs-repo-branches","markdown-link","5.d","",""
"markdown","missing target anchor","markdown/it-operations-management/discovery-and-service-mapping-patterns/add-related-cis-to-the-main-ci-pattern.md","25","t_CreateCITypeForSM.md#configure-ci-related-items","markdown/it-operations-management/discovery-and-service-mapping-patterns/t_CreateCITypeForSM.md#configure-ci-related-items","markdown-link","Configure references to other CIs or non-CIs as related items for the CI type","",""
"markdown","missing target anchor","markdown/it-operations-management/discovery-and-service-mapping-patterns/azure-cloud-discovery-patterns.md","179","azure-cloud-discovery-patterns.md#resources-azure-sql-managed-instance-license","markdown/it-operations-management/discovery-and-service-mapping-patterns/azure-cloud-discovery-patterns.md#resources-azure-sql-managed-instance-license","markdown-link","Resources discovered using the Azure DataBase (LP) pattern extension: Azure SQL Managed Instance license","",""
"markdown","missing target anchor","markdown/it-operations-management/discovery-and-service-mapping-patterns/azure-cloud-discovery-patterns.md","181","azure-cloud-discovery-patterns.md#relationships-azure-sql-managed-instance-license","markdown/it-operations-management/discovery-and-service-mapping-patterns/azure-cloud-discovery-patterns.md#relationships-azure-sql-managed-instance-license","markdown-link","Relationships discovered using the Azure DataBase (LP) pattern extension: Azure SQL Managed Instance license","",""
"markdown","missing target anchor","markdown/it-operations-management/discovery-and-service-mapping-patterns/cassandra-discovery.md","34","../service-mapping/r_NonSudoCommands.md#table_dxn_bml_mmb","markdown/it-operations-management/service-mapping/r_NonSudoCommands.md#table_dxn_bml_mmb","markdown-link","Cassandra (for UNIX)","",""
"markdown","missing target anchor","markdown/it-operations-management/discovery-and-service-mapping-patterns/create-alias-api-key-cred-fortinet.md","20","fortinet-fw-vdoms-rest-discovery.md#create-fortinet-api-token","markdown/it-operations-management/discovery-and-service-mapping-patterns/fortinet-fw-vdoms-rest-discovery.md#create-fortinet-api-token","markdown-link","Create API Token","",""
"markdown","missing target anchor","markdown/it-operations-management/discovery-and-service-mapping-patterns/create-alias-basic-auth-cred-cohesity.md","20","cohesity-storage-system-discovery.md#cohesity-api-permissions","markdown/it-operations-management/discovery-and-service-mapping-patterns/cohesity-storage-system-discovery.md#cohesity-api-permissions","markdown-link","Verify API permissions","",""
"markdown","missing target anchor","markdown/it-operations-management/discovery/add-change-processing-support-azure-resource-type.md","93","add-change-processing-support-azure-resource-type.md#step-create-response-mapping","markdown/it-operations-management/discovery/add-change-processing-support-azure-resource-type.md#step-create-response-mapping","markdown-link","5.b","",""
"markdown","missing target anchor","markdown/it-operations-management/discovery/add-change-processing-support-azure-resource-type.md","93","add-change-processing-support-azure-resource-type.md#step-submit-response-mapping","markdown/it-operations-management/discovery/add-change-processing-support-azure-resource-type.md#step-submit-response-mapping","markdown-link","5.d","",""
"markdown","missing target anchor","markdown/it-operations-management/discovery/kubernetes-discovery.md","56","kubernetes-discovery.md#section_qgk_lbh_dtb","markdown/it-operations-management/discovery/kubernetes-discovery.md#section_qgk_lbh_dtb","markdown-link","below","",""
"markdown","missing target anchor","markdown/it-operations-management/discovery/r_ApplicationDependencyMapping.md","140","r_ApplicationDependencyMapping.md#sudoers","markdown/it-operations-management/discovery/r_ApplicationDependencyMapping.md#sudoers","markdown-link","modify the sudoers file","",""
"markdown","missing target anchor","markdown/it-operations-management/discovery/r_CIMProbe.md","93","r_CIMProbe.md#GetObjectToken","markdown/it-operations-management/discovery/r_CIMProbe.md#GetObjectToken","markdown-link","Get Object","",""
"markdown","missing target anchor","markdown/it-operations-management/discovery/r_CIMProbe.md","370","r_CIMProbe.md#IndexToken","markdown/it-operations-management/discovery/r_CIMProbe.md#IndexToken","markdown-link","first result","",""
"markdown","missing target anchor","markdown/it-operations-management/discovery/r_CIMProbe.md","370","r_CIMProbe.md#PropertiesToken","markdown/it-operations-management/discovery/r_CIMProbe.md#PropertiesToken","markdown-link","properties","",""
"markdown","missing target anchor","markdown/it-operations-management/discovery/r_CIMProbe.md","382","r_CIMProbe.md#PropertiesToken","markdown/it-operations-management/discovery/r_CIMProbe.md#PropertiesToken","markdown-link","property","",""
"markdown","missing target anchor","markdown/it-operations-management/discovery/r_CIMProbe.md","394","r_CIMProbe.md#GetObjectToken","markdown/it-operations-management/discovery/r_CIMProbe.md#GetObjectToken","markdown-link","identity token","",""
"markdown","missing target anchor","markdown/it-operations-management/discovery/r_CIMProbe.md","406","r_CIMProbe.md#PropertiesToken","markdown/it-operations-management/discovery/r_CIMProbe.md#PropertiesToken","markdown-link","property","",""
"markdown","missing target anchor","markdown/it-operations-management/discovery/r_CIMProbe.md","408","r_CIMProbe.md#EnumerateObjectsToken","markdown/it-operations-management/discovery/r_CIMProbe.md#EnumerateObjectsToken","markdown-link","filter token","",""
"markdown","missing target anchor","markdown/it-operations-management/discovery/r_CIMProbe.md","424","r_CIMProbe.md#EnumerateObjectsToken","markdown/it-operations-management/discovery/r_CIMProbe.md#EnumerateObjectsToken","markdown-link","filter token","",""
"markdown","missing target anchor","markdown/it-operations-management/discovery/r_CIMProbe.md","436","r_CIMProbe.md#EnumerateAssociatedObjectsToken","markdown/it-operations-management/discovery/r_CIMProbe.md#EnumerateAssociatedObjectsToken","markdown-link","second result","",""
"markdown","missing target anchor","markdown/it-operations-management/discovery/r_CIMProbe.md","436","r_CIMProbe.md#EnumerateObjectsToken","markdown/it-operations-management/discovery/r_CIMProbe.md#EnumerateObjectsToken","markdown-link","where","",""
"markdown","missing target anchor","markdown/it-operations-management/discovery/r_CIMProbe.md","441","r_CIMProbe.md#EnumerateObjectsToken","markdown/it-operations-management/discovery/r_CIMProbe.md#EnumerateObjectsToken","markdown-link","Filter","",""
"markdown","missing target anchor","markdown/it-operations-management/discovery/r_CIMProbe.md","442","r_CIMProbe.md#EnumerateAssociatedObjectsToken","markdown/it-operations-management/discovery/r_CIMProbe.md#EnumerateAssociatedObjectsToken","markdown-link","Retrieve the second","",""
"markdown","missing target anchor","markdown/it-operations-management/discovery/r_CIMProbe.md","454","r_CIMProbe.md#PropertiesToken","markdown/it-operations-management/discovery/r_CIMProbe.md#PropertiesToken","markdown-link","property","",""
"markdown","missing target anchor","markdown/it-operations-management/discovery/r_CIMProbe.md","456","r_CIMProbe.md#EnumerateAssociatedObjectsToken","markdown/it-operations-management/discovery/r_CIMProbe.md#EnumerateAssociatedObjectsToken","markdown-link","Associator class","",""
"markdown","missing target anchor","markdown/it-operations-management/discovery/r_CIMProbe.md","468","r_CIMProbe.md#EnumerateObjectsToken","markdown/it-operations-management/discovery/r_CIMProbe.md#EnumerateObjectsToken","markdown-link","where","",""
"markdown","missing target anchor","markdown/it-operations-management/discovery/r_CIMProbe.md","468","r_CIMProbe.md#PropertiesToken","markdown/it-operations-management/discovery/r_CIMProbe.md#PropertiesToken","markdown-link","property","",""
"markdown","missing target anchor","markdown/it-operations-management/discovery/t_AccessAnACLProtectedSNMPDevice.md","42","t_AccessAnACLProtectedSNMPDevice.md#f_DiscoveryBehaviorRecordACL","markdown/it-operations-management/discovery/t_AccessAnACLProtectedSNMPDevice.md#f_DiscoveryBehaviorRecordACL","markdown-link","Figure 1","",""
"markdown","missing target anchor","markdown/it-operations-management/event-management/clean-alert-tables.md","65","clean-alert-tables.md#2","markdown/it-operations-management/event-management/clean-alert-tables.md#2","markdown-link","2","",""
"markdown","missing target anchor","markdown/it-operations-management/event-management/clean-alert-tables.md","65","clean-alert-tables.md#3","markdown/it-operations-management/event-management/clean-alert-tables.md#3","markdown-link","3","",""
"markdown","missing target anchor","markdown/it-operations-management/event-management/honeycomb-event-integration.md","54","honeycomb-event-integration.md#webhook-creation","markdown/it-operations-management/event-management/honeycomb-event-integration.md#webhook-creation","markdown-link","1","",""
"markdown","missing target anchor","markdown/it-operations-management/itom-cloud-accelerate/ccg-create-policy-ih-subflow.md","38","ccg-create-policy-ih-subflow.md#ccg-read-config-settings","markdown/it-operations-management/itom-cloud-accelerate/ccg-create-policy-ih-subflow.md#ccg-read-config-settings","markdown-link","1.b","",""
"markdown","missing target anchor","markdown/it-operations-management/itom-cloud-accelerate/set-up-ccg-for-aws.md","221","set-up-ccg-for-aws.md#create-trusting-acc-for-management-acc","markdown/it-operations-management/itom-cloud-accelerate/set-up-ccg-for-aws.md#create-trusting-acc-for-management-acc","markdown-link","6.a","",""
"markdown","missing target anchor","markdown/it-operations-management/itom-cloud-accelerate/set-up-ccg-for-aws.md","239","set-up-ccg-for-aws.md#cross-assume-use-case-substep","markdown/it-operations-management/itom-cloud-accelerate/set-up-ccg-for-aws.md#cross-assume-use-case-substep","markdown-link","6.a","",""
"markdown","missing target anchor","markdown/it-operations-management/itom-cloud-accelerate/set-up-cloud-action-library-for-aws.md","205","set-up-cloud-action-library-for-aws.md#create-trusting-acc-for-management-acc","markdown/it-operations-management/itom-cloud-accelerate/set-up-cloud-action-library-for-aws.md#create-trusting-acc-for-management-acc","markdown-link","6.a","",""
"markdown","missing target anchor","markdown/it-operations-management/itom-cloud-accelerate/set-up-cloud-action-library-for-aws.md","219","set-up-cloud-action-library-for-aws.md#cuoss-assume-use-case-substep","markdown/it-operations-management/itom-cloud-accelerate/set-up-cloud-action-library-for-aws.md#cuoss-assume-use-case-substep","markdown-link","7.a","",""
"markdown","missing target anchor","markdown/it-operations-management/itom-visibility/data-collected-vmware-cloud-disco.md","647","../discovery/vcenter-probes.md#section_ffy_jmz_mhb","markdown/it-operations-management/discovery/vcenter-probes.md#section_ffy_jmz_mhb","markdown-link","VMWare — vCenter VM Tags","",""
"markdown","missing target anchor","markdown/it-operations-management/itom-visibility/mssql-data-collected-pattern.md","107","mssql-data-collected-pattern.md#verify-availability-group-permissions","markdown/it-operations-management/itom-visibility/mssql-data-collected-pattern.md#verify-availability-group-permissions","markdown-link","Verify availability group table permissions","",""
"markdown","missing target anchor","markdown/it-operations-management/itom-visibility/mssql-data-collected-pattern.md","111","mssql-data-collected-pattern.md#resources-discovered-mssql-availability-group-pattern","markdown/it-operations-management/itom-visibility/mssql-data-collected-pattern.md#resources-discovered-mssql-availability-group-pattern","markdown-link","Resources discovered by the pattern extension: Collect MSSQL HADR - Availability Group Info","",""
"markdown","missing target anchor","markdown/it-operations-management/itom-visibility/mssql-data-collected-pattern.md","115","mssql-data-collected-pattern.md#table_er3_qss_p2c","markdown/it-operations-management/itom-visibility/mssql-data-collected-pattern.md#table_er3_qss_p2c","markdown-link","Relationships discovered by the pattern extension: Collect MSSQL HADR - Availability Group Info","",""
"markdown","missing target anchor","markdown/it-operations-management/service-mapping/readiness-dashboard-ml.md","70","readiness-dashboard-ml.md#section_kpj_npq_xrb","markdown/it-operations-management/service-mapping/readiness-dashboard-ml.md#section_kpj_npq_xrb","markdown-link","Mapping status of application services","",""
"markdown","missing target anchor","markdown/it-operations-management/service-mapping/t_ConfigSearchAssistant4Windows.md","68","t_ConfigSearchAssistant4Windows.md#clickNewStep","markdown/it-operations-management/service-mapping/t_ConfigSearchAssistant4Windows.md#clickNewStep","markdown-link","Step 3","",""
"markdown","missing target anchor","markdown/it-operations-management/service-mapping/t_ConfigSearchAssistant4Windows.md","68","t_ConfigSearchAssistant4Windows.md#CloseAttachmentWindow","markdown/it-operations-management/service-mapping/t_ConfigSearchAssistant4Windows.md#CloseAttachmentWindow","markdown-link","Step 11","",""
"markdown","missing target anchor","markdown/it-operations-management/service-mapping/t_CreateDiscoBehavior4LB.md","105","t_CreateDiscoBehavior4LB.md#step_createBehavior","markdown/it-operations-management/service-mapping/t_CreateDiscoBehavior4LB.md#step_createBehavior","markdown-link","1","",""
"markdown","missing target anchor","markdown/it-operations-management/service-mapping/t_DefineNewBusinessService.md","106","t_DefineNewBusinessService.md#step_defineentrypoint","markdown/it-operations-management/service-mapping/t_DefineNewBusinessService.md#step_defineentrypoint","markdown-link","6","",""
"markdown","missing target anchor","markdown/it-operations-management/service-mapping/test-netflow-service-mapping.md","86","test-netflow-service-mapping.md#CopyNfdumpFile","markdown/it-operations-management/service-mapping/test-netflow-service-mapping.md#CopyNfdumpFile","markdown-link","5","",""
"markdown","missing target anchor","markdown/it-service-management/devops-change-velocity/create-test-tool-dev-ops.md","51","dev-ops-test-tool-integration.md#section_opj_n5l_vlb","markdown/it-service-management/devops-change-velocity/dev-ops-test-tool-integration.md#section_opj_n5l_vlb","markdown-link","Test type mapping","",""
"markdown","missing target anchor","markdown/it-service-management/devops-change-velocity/devops-reference-error-messages.md","287","devops-reference-error-messages.md#toolchecktimeoutproperty","markdown/it-service-management/devops-change-velocity/devops-reference-error-messages.md#toolchecktimeoutproperty","markdown-link","Tool permission check timeout per record (in milliseconds)","",""
"markdown","missing target anchor","markdown/it-service-management/devops-change-velocity/set-up-dev-ops-integrations.md","226","dev-ops-tool-integration.md#section_h44_1bx_zjb","markdown/it-service-management/devops-change-velocity/dev-ops-tool-integration.md#section_h44_1bx_zjb","markdown-link","Notification tool capability action","",""
"markdown","missing target anchor","markdown/it-service-management/devops-family/cdm-d2a-investigate-cfg-changes.md","149","cdm-d2a-investigate-cfg-changes.md#dlentry-script-view","markdown/it-service-management/devops-family/cdm-d2a-investigate-cfg-changes.md#dlentry-script-view","markdown-link","G: Script view","",""
"markdown","missing target anchor","markdown/it-service-management/digital-product-release/release-key-date-form.md","20","dpr-work-release.md#step-dpr-work-rls-keydate","markdown/it-service-management/digital-product-release/dpr-work-release.md#step-dpr-work-rls-keydate","markdown-link","Add key dates to a timeline-oriented release","",""
"markdown","missing target anchor","markdown/it-service-management/service-operations-workspace/itsm-native-voice-record-page.md","29","itsm-native-voice-record-page.md#section_vx4_fzz_kdc","markdown/it-service-management/service-operations-workspace/itsm-native-voice-record-page.md#section_vx4_fzz_kdc","markdown-link","OpenFrame configuration","",""
"markdown","missing target anchor","markdown/it-service-management/service-operations-workspace/itsm-native-voice-record-page.md","38","itsm-native-voice-record-page.md#section_vx4_fzz_kdc","markdown/it-service-management/service-operations-workspace/itsm-native-voice-record-page.md#section_vx4_fzz_kdc","markdown-link","OpenFrame configuration","",""
"markdown","missing target anchor","markdown/it-service-management/service-operations-workspace/itsm-native-voice-record-page.md","42","itsm-native-voice-record-page.md#section_f2q_wcb_ldc","markdown/it-service-management/service-operations-workspace/itsm-native-voice-record-page.md#section_f2q_wcb_ldc","markdown-link","Interaction Controls Component (ICC)","",""
"markdown","missing target anchor","markdown/it-service-management/service-operations-workspace/itsm-native-voice-record-page.md","74","itsm-native-voice-record-page.md#section_vx4_fzz_kdc","markdown/it-service-management/service-operations-workspace/itsm-native-voice-record-page.md#section_vx4_fzz_kdc","markdown-link","OpenFrame configuration","",""
"markdown","missing target anchor","markdown/it-service-management/service-operations-workspace/itsm-native-voice-record-page.md","111","itsm-native-voice-record-page.md#section_vx4_fzz_kdc","markdown/it-service-management/service-operations-workspace/itsm-native-voice-record-page.md#section_vx4_fzz_kdc","markdown-link","OpenFrame configuration","",""
"markdown","missing target anchor","markdown/it-service-management/service-operations-workspace/itsm-native-voice-record-page.md","175","itsm-native-voice-record-page.md#section_f2q_wcb_ldc","markdown/it-service-management/service-operations-workspace/itsm-native-voice-record-page.md#section_f2q_wcb_ldc","markdown-link","Interaction Controls Component (ICC)","",""
"markdown","missing target anchor","markdown/it-service-management/service-operations-workspace/itsm-native-voice-record-page.md","226","itsm-native-voice-record-page.md#section_vx4_fzz_kdc","markdown/it-service-management/service-operations-workspace/itsm-native-voice-record-page.md#section_vx4_fzz_kdc","markdown-link","OpenFrame configuration","",""
"markdown","missing target anchor","markdown/it-service-management/service-operations-workspace/sow-itsm-workspace-chat-session-tabs.md","61","sow-itsm-workspace-chat-session-tabs.md#section_zq4_1k2_fdc","markdown/it-service-management/service-operations-workspace/sow-itsm-workspace-chat-session-tabs.md#section_zq4_1k2_fdc","markdown-link","Unread message counters","",""
"markdown","missing target anchor","markdown/it-service-management/service-operations-workspace/sow-itsm-workspace-chat-session-tabs.md","153","sow-itsm-workspace-chat-session-tabs.md#section_ffn_zlb_jdc","markdown/it-service-management/service-operations-workspace/sow-itsm-workspace-chat-session-tabs.md#section_ffn_zlb_jdc","markdown-link","SLA threshold timers","",""
"markdown","missing target anchor","markdown/it-service-management/service-operations-workspace/sow-itsm-workspace-chat-session-tabs.md","167","sow-itsm-workspace-chat-session-tabs.md#section_ffn_zlb_jdc","markdown/it-service-management/service-operations-workspace/sow-itsm-workspace-chat-session-tabs.md#section_ffn_zlb_jdc","markdown-link","SLA threshold timers","",""
"markdown","missing target anchor","markdown/now-intelligence/add-dashboard-to-workspace.md","44","add-dashboard-to-workspace.md#step_use-as-embedded","markdown/now-intelligence/add-dashboard-to-workspace.md#step_use-as-embedded","markdown-link","7","",""
"markdown","missing target anchor","markdown/now-intelligence/add-multiple-targets.md","50","edit-multiple-targets.md#step_new-target","markdown/now-intelligence/edit-multiple-targets.md#step_new-target","markdown-link","7","",""
"markdown","missing target anchor","markdown/now-intelligence/create-select-filter-workspace.md","89","create-select-filter-workspace.md#step_filter-source","markdown/now-intelligence/create-select-filter-workspace.md#step_filter-source","markdown-link","3","",""
"markdown","missing target anchor","markdown/now-intelligence/export-visualization-vd.md","64","export-visualization-vd.md#table_jlh_tr2_3fc","markdown/now-intelligence/export-visualization-vd.md#table_jlh_tr2_3fc","markdown-link","Supported export formats for different data visualization","",""
"markdown","missing target anchor","markdown/now-intelligence/performance-analytics/add-indicators-to-widget.md","82","add-indicators-to-widget.md#step_elements-filter","markdown/now-intelligence/performance-analytics/add-indicators-to-widget.md#step_elements-filter","markdown-link","8","",""
"markdown","missing target anchor","markdown/now-intelligence/performance-analytics/log-details-optimized-dc.md","92","log-details-optimized-dc.md#section_indicator-source","markdown/now-intelligence/performance-analytics/log-details-optimized-dc.md#section_indicator-source","markdown-link","Steps iterated for each indicator source","",""
"markdown","missing target anchor","markdown/now-intelligence/performance-analytics/t_CreatASchedDataCollJob.md","86","t_CreatASchedDataCollJob.md#step_domain-config","markdown/now-intelligence/performance-analytics/t_CreatASchedDataCollJob.md#step_domain-config","markdown-link","9","",""
"markdown","missing target anchor","markdown/now-intelligence/performance-analytics/t_CreateAFormulaIndicator.md","113","t_CreateAFormulaIndicator.md#step_manage_breakdowns","markdown/now-intelligence/performance-analytics/t_CreateAFormulaIndicator.md#step_manage_breakdowns","markdown-link","11","",""
"markdown","missing target anchor","markdown/now-intelligence/reporting/export-report-pdf.md","46","../export-visualization-vd.md#table_jlh_tr2_3fc","markdown/now-intelligence/export-visualization-vd.md#table_jlh_tr2_3fc","markdown-link","Supported export formats for different data visualization","",""
"markdown","missing target anchor","markdown/now-intelligence/reporting/metricbase-transforms.md","260","metricbase-transforms.md#section_e4b_b14_g3b","markdown/now-intelligence/reporting/metricbase-transforms.md#section_e4b_b14_g3b","markdown-link","Sum transform","",""
"markdown","missing target anchor","markdown/now-intelligence/reporting/report-types-creation-details-rd.md","25","report-types-creation-details-rd.md#table_lky_gfn_nhb","markdown/now-intelligence/reporting/report-types-creation-details-rd.md#table_lky_gfn_nhb","markdown-link","Pie and Donut reports","",""
"markdown","missing target anchor","markdown/now-intelligence/reporting/report-types-creation-details-rd.md","26","report-types-creation-details-rd.md#table_e1q_xqq_5x","markdown/now-intelligence/reporting/report-types-creation-details-rd.md#table_e1q_xqq_5x","markdown-link","Time Series reports","",""
"markdown","missing target anchor","markdown/now-intelligence/reporting/report-types-creation-details-rd.md","27","report-types-creation-details-rd.md#table_i11_yqq_5x","markdown/now-intelligence/reporting/report-types-creation-details-rd.md#table_i11_yqq_5x","markdown-link","Multidimensional reports","",""
"markdown","missing target anchor","markdown/now-intelligence/reporting/report-types-creation-details-rd.md","28","report-types-creation-details-rd.md#table_sth_yqq_5x","markdown/now-intelligence/reporting/report-types-creation-details-rd.md#table_sth_yqq_5x","markdown-link","Scores","",""
"markdown","missing target anchor","markdown/now-intelligence/reporting/report-types-creation-details-rd.md","29","report-types-creation-details-rd.md#table_g3p_yqq_5x","markdown/now-intelligence/reporting/report-types-creation-details-rd.md#table_g3p_yqq_5x","markdown-link","Statistical reports","",""
"markdown","missing target anchor","markdown/now-intelligence/reporting/report-types-creation-details-rd.md","30","report-types-creation-details-rd.md#table_ac1_zqq_5x","markdown/now-intelligence/reporting/report-types-creation-details-rd.md#table_ac1_zqq_5x","markdown-link","Other reports","",""
"markdown","missing target anchor","markdown/now-intelligence/your-kpis.md","26","your-kpis.md#fig_kdl_fcn_ngc","markdown/now-intelligence/your-kpis.md#fig_kdl_fcn_ngc","markdown-link","Default indicator library view with basic functionality","",""
"markdown","missing target anchor","markdown/platform-administration/admin-center/expand-tech-services-adoption-blueprints.md","245","../../servicenow-platform/service-catalog/r_ServiceCatalogManagementTermsandRoles.md#table_tqt_b5t_hp","markdown/servicenow-platform/service-catalog/r_ServiceCatalogManagementTermsandRoles.md#table_tqt_b5t_hp","markdown-link","Roles installed with Service Catalog","",""
"markdown","missing target anchor","markdown/platform-administration/ai-search/cfg-azure-spo-ext-cont-connector.md","142","cfg-azure-spo-ext-cont-connector.md#add-sharepoint-api-permissions-substep","markdown/platform-administration/ai-search/cfg-azure-spo-ext-cont-connector.md#add-sharepoint-api-permissions-substep","markdown-link","3.f","",""
"markdown","missing target anchor","markdown/platform-administration/ai-search/cfg-azure-spo-ext-cont-connector.md","185","cfg-azure-spo-ext-cont-connector.md#add-sharepoint-api-permissions-substep","markdown/platform-administration/ai-search/cfg-azure-spo-ext-cont-connector.md#add-sharepoint-api-permissions-substep","markdown-link","3.f","",""
"markdown","missing target anchor","markdown/platform-administration/ai-search/cfg-azure-spo-ext-cont-connector.md","190","cfg-azure-spo-ext-cont-connector.md#certificate-thumbprint-step","markdown/platform-administration/ai-search/cfg-azure-spo-ext-cont-connector.md#certificate-thumbprint-step","markdown-link","5.e","",""
"markdown","missing target anchor","markdown/platform-administration/ai-search/cfg-conf-cc-ext-cont-connector.md","152","cfg-conf-cc-ext-cont-connector.md#record-client-id-and-secret-step","markdown/platform-administration/ai-search/cfg-conf-cc-ext-cont-connector.md#record-client-id-and-secret-step","markdown-link","1.j","",""
"markdown","missing target anchor","markdown/platform-administration/ai-search/cfg-conf-cc-ext-cont-connector.md","153","cfg-conf-cc-ext-cont-connector.md#record-api-key","markdown/platform-administration/ai-search/cfg-conf-cc-ext-cont-connector.md#record-api-key","markdown-link","2.g","",""
"markdown","missing target anchor","markdown/platform-administration/ai-search/cfg-gcloud-settings-gdrive-ext-cont-connector.md","51","cfg-gcloud-settings-gdrive-ext-cont-connector.md#enable-api-first-substep","markdown/platform-administration/ai-search/cfg-gcloud-settings-gdrive-ext-cont-connector.md#enable-api-first-substep","markdown-link","1.c","",""
"markdown","missing target anchor","markdown/platform-administration/ai-search/cfg-gcloud-settings-gdrive-ext-cont-connector.md","51","cfg-gcloud-settings-gdrive-ext-cont-connector.md#enable-api-last-substep","markdown/platform-administration/ai-search/cfg-gcloud-settings-gdrive-ext-cont-connector.md#enable-api-last-substep","markdown-link","1.e","",""
"markdown","missing target anchor","markdown/platform-administration/ai-search/cfg-gcloud-settings-gdrive-ext-cont-connector.md","95","cfg-gcloud-settings-gdrive-ext-cont-connector.md#copy-oauth-2-client-id-substep","markdown/platform-administration/ai-search/cfg-gcloud-settings-gdrive-ext-cont-connector.md#copy-oauth-2-client-id-substep","markdown-link","4.a","",""
"markdown","missing target anchor","markdown/platform-administration/ai-search/cfg-gcloud-settings-gdrive-ext-cont-connector.md","113","cfg-gcloud-settings-gdrive-ext-cont-connector.md#download-json-private-key-substep","markdown/platform-administration/ai-search/cfg-gcloud-settings-gdrive-ext-cont-connector.md#download-json-private-key-substep","markdown-link","3.e","",""
"markdown","missing target anchor","markdown/platform-administration/ai-search/cfg-src-sys-settings-jira-ext-cont-connector.md","179","cfg-src-sys-settings-jira-ext-cont-connector.md#record-client-id-and-secret-step","markdown/platform-administration/ai-search/cfg-src-sys-settings-jira-ext-cont-connector.md#record-client-id-and-secret-step","markdown-link","1.j","",""
"markdown","missing target anchor","markdown/platform-administration/ai-search/cfg-src-sys-settings-jira-ext-cont-connector.md","180","cfg-src-sys-settings-jira-ext-cont-connector.md#record-api-key","markdown/platform-administration/ai-search/cfg-src-sys-settings-jira-ext-cont-connector.md#record-api-key","markdown-link","2.g","",""
"markdown","missing target anchor","markdown/platform-administration/ai-search/cfg-src-sys-settings-msteams-ext-cont-connector.md","151","cfg-src-sys-settings-msteams-ext-cont-connector.md#client-tenant-ids-step","markdown/platform-administration/ai-search/cfg-src-sys-settings-msteams-ext-cont-connector.md#client-tenant-ids-step","markdown-link","2","",""
"markdown","missing target anchor","markdown/platform-administration/ai-search/cfg-src-sys-settings-msteams-ext-cont-connector.md","152","cfg-src-sys-settings-msteams-ext-cont-connector.md#certificate-thumbprint-step","markdown/platform-administration/ai-search/cfg-src-sys-settings-msteams-ext-cont-connector.md#certificate-thumbprint-step","markdown-link","5.e","",""
"markdown","missing target anchor","markdown/platform-administration/ai-search/cfg-src-sys-settings-slack-ext-cont-connector.md","123","cfg-src-sys-settings-slack-ext-cont-connector.md#record-client-id-and-secret-step","markdown/platform-administration/ai-search/cfg-src-sys-settings-slack-ext-cont-connector.md#record-client-id-and-secret-step","markdown-link","6","",""
"markdown","missing target anchor","markdown/platform-administration/ai-search/configure-adobe-acrobat-sign-external-content-indexing.md","116","configure-adobe-acrobat-sign-external-content-indexing.md#copy-app-id-step","markdown/platform-administration/ai-search/configure-adobe-acrobat-sign-external-content-indexing.md#copy-app-id-step","markdown-link","2.a","",""
"markdown","missing target anchor","markdown/platform-administration/ai-search/configure-adobe-acrobat-sign-external-content-indexing.md","117","configure-adobe-acrobat-sign-external-content-indexing.md#copy-app-secret-step","markdown/platform-administration/ai-search/configure-adobe-acrobat-sign-external-content-indexing.md#copy-app-secret-step","markdown-link","2.d","",""
"markdown","missing target anchor","markdown/platform-administration/ai-search/configure-adobe-expmgr-cs-external-content-indexing.md","72","configure-adobe-expmgr-cs-external-content-indexing.md#download-json-creds-step","markdown/platform-administration/ai-search/configure-adobe-expmgr-cs-external-content-indexing.md#download-json-creds-step","markdown-link","2.d","",""
"markdown","missing target anchor","markdown/platform-administration/ai-search/configure-aha-roadmaps-external-content-indexing.md","53","configure-aha-roadmaps-external-content-indexing.md#copy-api-key-step","markdown/platform-administration/ai-search/configure-aha-roadmaps-external-content-indexing.md#copy-api-key-step","markdown-link","1.d","",""
"markdown","missing target anchor","markdown/platform-administration/ai-search/configure-amazon-s3-external-content-indexing.md","116","configure-amazon-s3-external-content-indexing.md#create-iam-policy-step","markdown/platform-administration/ai-search/configure-amazon-s3-external-content-indexing.md#create-iam-policy-step","markdown-link","1","",""
"markdown","missing target anchor","markdown/platform-administration/ai-search/configure-amazon-s3-external-content-indexing.md","128","configure-amazon-s3-external-content-indexing.md#create-iam-user-step","markdown/platform-administration/ai-search/configure-amazon-s3-external-content-indexing.md#create-iam-user-step","markdown-link","2","",""
"markdown","missing target anchor","markdown/platform-administration/ai-search/configure-amazon-s3-external-content-indexing.md","130","configure-amazon-s3-external-content-indexing.md#create-iam-user-step","markdown/platform-administration/ai-search/configure-amazon-s3-external-content-indexing.md#create-iam-user-step","markdown-link","2","",""
"markdown","missing target anchor","markdown/platform-administration/ai-search/configure-amazon-s3-external-content-indexing.md","161","configure-amazon-s3-external-content-indexing.md#copy-access-key-step","markdown/platform-administration/ai-search/configure-amazon-s3-external-content-indexing.md#copy-access-key-step","markdown-link","3.f","",""
"markdown","missing target anchor","markdown/platform-administration/ai-search/configure-asana-external-content-indexing.md","113","configure-asana-external-content-indexing.md#copy-client-id-step","markdown/platform-administration/ai-search/configure-asana-external-content-indexing.md#copy-client-id-step","markdown-link","3.a","",""
"markdown","missing target anchor","markdown/platform-administration/ai-search/configure-asana-external-content-indexing.md","114","configure-asana-external-content-indexing.md#copy-client-secret-step","markdown/platform-administration/ai-search/configure-asana-external-content-indexing.md#copy-client-secret-step","markdown-link","3.b","",""
"markdown","missing target anchor","markdown/platform-administration/ai-search/configure-box-external-content-indexing.md","131","configure-box-external-content-indexing.md#copy-public-key-id-step","markdown/platform-administration/ai-search/configure-box-external-content-indexing.md#copy-public-key-id-step","markdown-link","2.f","",""
"markdown","missing target anchor","markdown/platform-administration/ai-search/configure-box-external-content-indexing.md","132","configure-box-external-content-indexing.md#download-json-settings-file-step","markdown/platform-administration/ai-search/configure-box-external-content-indexing.md#download-json-settings-file-step","markdown-link","2.g","",""
"markdown","missing target anchor","markdown/platform-administration/ai-search/configure-cornerstone-external-content-indexing.md","81","configure-cornerstone-external-content-indexing.md#copy-client-id-step","markdown/platform-administration/ai-search/configure-cornerstone-external-content-indexing.md#copy-client-id-step","markdown-link","2","",""
"markdown","missing target anchor","markdown/platform-administration/ai-search/configure-cornerstone-external-content-indexing.md","82","configure-cornerstone-external-content-indexing.md#copy-client-secret-step","markdown/platform-administration/ai-search/configure-cornerstone-external-content-indexing.md#copy-client-secret-step","markdown-link","3","",""
"markdown","missing target anchor","markdown/platform-administration/ai-search/configure-crawl-settings-gitlab-external-content-connector.md","106","configure-crawl-settings-gitlab-external-content-connector.md#select-content-types-step","markdown/platform-administration/ai-search/configure-crawl-settings-gitlab-external-content-connector.md#select-content-types-step","markdown-link","6","",""
"markdown","missing target anchor","markdown/platform-administration/ai-search/configure-docusign-external-content-indexing.md","80","configure-docusign-external-content-indexing.md#copy-integration-key-step","markdown/platform-administration/ai-search/configure-docusign-external-content-indexing.md#copy-integration-key-step","markdown-link","2.b","",""
"markdown","missing target anchor","markdown/platform-administration/ai-search/configure-docusign-external-content-indexing.md","81","configure-docusign-external-content-indexing.md#copy-secret-key-step","markdown/platform-administration/ai-search/configure-docusign-external-content-indexing.md#copy-secret-key-step","markdown-link","3.b","",""
"markdown","missing target anchor","markdown/platform-administration/ai-search/configure-dropbox-external-content-indexing.md","101","configure-dropbox-external-content-indexing.md#copy-app-key-step","markdown/platform-administration/ai-search/configure-dropbox-external-content-indexing.md#copy-app-key-step","markdown-link","2.a","",""
"markdown","missing target anchor","markdown/platform-administration/ai-search/configure-dropbox-external-content-indexing.md","102","configure-dropbox-external-content-indexing.md#copy-app-secret-step","markdown/platform-administration/ai-search/configure-dropbox-external-content-indexing.md#copy-app-secret-step","markdown-link","2.c","",""
"markdown","missing target anchor","markdown/platform-administration/ai-search/configure-fluid-topics-external-content-indexing.md","81","configure-fluid-topics-external-content-indexing.md#copy-api-key-step","markdown/platform-administration/ai-search/configure-fluid-topics-external-content-indexing.md#copy-api-key-step","markdown-link","3","",""
"markdown","missing target anchor","markdown/platform-administration/ai-search/configure-github-enterprise-cloud-external-content-indexing.md","111","configure-github-enterprise-cloud-external-content-indexing.md#copy-client-id-step","markdown/platform-administration/ai-search/configure-github-enterprise-cloud-external-content-indexing.md#copy-client-id-step","markdown-link","2.a","",""
"markdown","missing target anchor","markdown/platform-administration/ai-search/configure-github-enterprise-cloud-external-content-indexing.md","111","configure-github-enterprise-cloud-external-content-indexing.md#copy-client-secret-step","markdown/platform-administration/ai-search/configure-github-enterprise-cloud-external-content-indexing.md#copy-client-secret-step","markdown-link","2.c","",""
"markdown","missing target anchor","markdown/platform-administration/ai-search/configure-github-enterprise-cloud-external-content-indexing.md","134","configure-github-enterprise-cloud-external-content-indexing.md#copy-client-id-step","markdown/platform-administration/ai-search/configure-github-enterprise-cloud-external-content-indexing.md#copy-client-id-step","markdown-link","2.a","",""
"markdown","missing target anchor","markdown/platform-administration/ai-search/configure-github-enterprise-cloud-external-content-indexing.md","135","configure-github-enterprise-cloud-external-content-indexing.md#copy-client-secret-step","markdown/platform-administration/ai-search/configure-github-enterprise-cloud-external-content-indexing.md#copy-client-secret-step","markdown-link","2.c","",""
"markdown","missing target anchor","markdown/platform-administration/ai-search/configure-github-enterprise-cloud-external-content-indexing.md","136","configure-github-enterprise-cloud-external-content-indexing.md#copy-app-installation-id-step","markdown/platform-administration/ai-search/configure-github-enterprise-cloud-external-content-indexing.md#copy-app-installation-id-step","markdown-link","4.d","",""
"markdown","missing target anchor","markdown/platform-administration/ai-search/configure-gitlab-external-content-indexing.md","88","configure-gitlab-external-content-indexing.md#copy-personal-access-token","markdown/platform-administration/ai-search/configure-gitlab-external-content-indexing.md#copy-personal-access-token","markdown-link","7","",""
"markdown","missing target anchor","markdown/platform-administration/ai-search/configure-hubspot-external-content-indexing.md","90","configure-hubspot-external-content-indexing.md#copy-client-id-step","markdown/platform-administration/ai-search/configure-hubspot-external-content-indexing.md#copy-client-id-step","markdown-link","3.b","",""
"markdown","missing target anchor","markdown/platform-administration/ai-search/configure-hubspot-external-content-indexing.md","91","configure-hubspot-external-content-indexing.md#copy-client-secret-step","markdown/platform-administration/ai-search/configure-hubspot-external-content-indexing.md#copy-client-secret-step","markdown-link","3.d","",""
"markdown","missing target anchor","markdown/platform-administration/ai-search/configure-learning-assignment-report-workday.md","1000","configure-learning-assignment-report-workday.md#copy-base-url-step","markdown/platform-administration/ai-search/configure-learning-assignment-report-workday.md#copy-base-url-step","markdown-link","14.a","",""
"markdown","missing target anchor","markdown/platform-administration/ai-search/configure-learning-assignment-report-workday.md","1001","configure-learning-assignment-report-workday.md#copy-tenant-name-step","markdown/platform-administration/ai-search/configure-learning-assignment-report-workday.md#copy-tenant-name-step","markdown-link","14.b","",""
"markdown","missing target anchor","markdown/platform-administration/ai-search/configure-learning-assignment-report-workday.md","1002","configure-learning-assignment-report-workday.md#copy-report-owner-user-name-step","markdown/platform-administration/ai-search/configure-learning-assignment-report-workday.md#copy-report-owner-user-name-step","markdown-link","14.c","",""
"markdown","missing target anchor","markdown/platform-administration/ai-search/configure-learning-assignment-report-workday.md","1003","configure-learning-assignment-report-workday.md#copy-report-name-alias-step","markdown/platform-administration/ai-search/configure-learning-assignment-report-workday.md#copy-report-name-alias-step","markdown-link","14.d","",""
"markdown","missing target anchor","markdown/platform-administration/ai-search/configure-lucidchart-external-content-indexing.md","114","configure-lucidchart-external-content-indexing.md#copy-client-id-step","markdown/platform-administration/ai-search/configure-lucidchart-external-content-indexing.md#copy-client-id-step","markdown-link","3.d","",""
"markdown","missing target anchor","markdown/platform-administration/ai-search/configure-lucidchart-external-content-indexing.md","115","configure-lucidchart-external-content-indexing.md#copy-client-secret-step","markdown/platform-administration/ai-search/configure-lucidchart-external-content-indexing.md#copy-client-secret-step","markdown-link","3.e","",""
"markdown","missing target anchor","markdown/platform-administration/ai-search/configure-lucidchart-external-content-indexing.md","116","configure-lucidchart-external-content-indexing.md#copy-bearer-token-step","markdown/platform-administration/ai-search/configure-lucidchart-external-content-indexing.md#copy-bearer-token-step","markdown-link","4.e","",""
"markdown","missing target anchor","markdown/platform-administration/ai-search/configure-lucidchart-external-content-indexing.md","120","configure-lucidchart-external-content-indexing.md#invite-app-collaborators-step","markdown/platform-administration/ai-search/configure-lucidchart-external-content-indexing.md#invite-app-collaborators-step","markdown-link","2","",""
"markdown","missing target anchor","markdown/platform-administration/ai-search/configure-manageengine-external-content-indexing.md","79","configure-manageengine-external-content-indexing.md#copy-client-id-step","markdown/platform-administration/ai-search/configure-manageengine-external-content-indexing.md#copy-client-id-step","markdown-link","3.c","",""
"markdown","missing target anchor","markdown/platform-administration/ai-search/configure-manageengine-external-content-indexing.md","80","configure-manageengine-external-content-indexing.md#copy-client-secret-step","markdown/platform-administration/ai-search/configure-manageengine-external-content-indexing.md#copy-client-secret-step","markdown-link","3.d","",""
"markdown","missing target anchor","markdown/platform-administration/ai-search/configure-microsoft-onedrive-external-content-indexing.md","140","configure-microsoft-onedrive-external-content-indexing.md#client-tenant-ids-step","markdown/platform-administration/ai-search/configure-microsoft-onedrive-external-content-indexing.md#client-tenant-ids-step","markdown-link","2","",""
"markdown","missing target anchor","markdown/platform-administration/ai-search/configure-microsoft-onedrive-external-content-indexing.md","141","configure-microsoft-onedrive-external-content-indexing.md#certificate-thumbprint-step","markdown/platform-administration/ai-search/configure-microsoft-onedrive-external-content-indexing.md#certificate-thumbprint-step","markdown-link","5.e","",""
"markdown","missing target anchor","markdown/platform-administration/ai-search/configure-microsoft-viva-engage-external-content-indexing.md","113","configure-microsoft-viva-engage-external-content-indexing.md#client-tenant-ids-step","markdown/platform-administration/ai-search/configure-microsoft-viva-engage-external-content-indexing.md#client-tenant-ids-step","markdown-link","2","",""
"markdown","missing target anchor","markdown/platform-administration/ai-search/configure-microsoft-viva-engage-external-content-indexing.md","114","configure-microsoft-viva-engage-external-content-indexing.md#copy-client-secret","markdown/platform-administration/ai-search/configure-microsoft-viva-engage-external-content-indexing.md#copy-client-secret","markdown-link","3.d","",""
"markdown","missing target anchor","markdown/platform-administration/ai-search/configure-miro-external-content-indexing.md","96","configure-miro-external-content-indexing.md#copy-client-id-step","markdown/platform-administration/ai-search/configure-miro-external-content-indexing.md#copy-client-id-step","markdown-link","2.a","",""
"markdown","missing target anchor","markdown/platform-administration/ai-search/configure-miro-external-content-indexing.md","97","configure-miro-external-content-indexing.md#copy-client-secret-step","markdown/platform-administration/ai-search/configure-miro-external-content-indexing.md#copy-client-secret-step","markdown-link","2.b","",""
"markdown","missing target anchor","markdown/platform-administration/ai-search/configure-monday-com-external-content-indexing.md","69","configure-monday-com-external-content-indexing.md#copy-admin-api-token-step","markdown/platform-administration/ai-search/configure-monday-com-external-content-indexing.md#copy-admin-api-token-step","markdown-link","2.c","",""
"markdown","missing target anchor","markdown/platform-administration/ai-search/configure-monday-com-external-content-indexing.md","69","configure-monday-com-external-content-indexing.md#copy-api-access-api-token-step","markdown/platform-administration/ai-search/configure-monday-com-external-content-indexing.md#copy-api-access-api-token-step","markdown-link","3.e","",""
"markdown","missing target anchor","markdown/platform-administration/ai-search/configure-notion-external-content-indexing.md","88","configure-notion-external-content-indexing.md#copy-internal-integration-secret-step","markdown/platform-administration/ai-search/configure-notion-external-content-indexing.md#copy-internal-integration-secret-step","markdown-link","2.c","",""
"markdown","missing target anchor","markdown/platform-administration/ai-search/configure-oauth-ext-cont-qna-gr.md","116","configure-oauth-ext-cont-qna-gr.md#create-application-registry-record","markdown/platform-administration/ai-search/configure-oauth-ext-cont-qna-gr.md#create-application-registry-record","markdown-link","1.e","",""
"markdown","missing target anchor","markdown/platform-administration/ai-search/configure-oauth-ext-cont-qna-gr.md","173","configure-oauth-ext-cont-qna-gr.md#create-application-registry-record","markdown/platform-administration/ai-search/configure-oauth-ext-cont-qna-gr.md#create-application-registry-record","markdown-link","1.e","",""
"markdown","missing target anchor","markdown/platform-administration/ai-search/configure-oauth-ext-cont-qna-gr.md","186","configure-oauth-ext-cont-qna-gr.md#create-https-connection-record","markdown/platform-administration/ai-search/configure-oauth-ext-cont-qna-gr.md#create-https-connection-record","markdown-link","3.e","",""
"markdown","missing target anchor","markdown/platform-administration/ai-search/configure-oauth-ext-cont-qna-gr.md","188","configure-oauth-ext-cont-qna-gr.md#define-oauth-2.0-credential","markdown/platform-administration/ai-search/configure-oauth-ext-cont-qna-gr.md#define-oauth-2.0-credential","markdown-link","4","",""
"markdown","missing target anchor","markdown/platform-administration/ai-search/configure-payslip-report-workday.md","157","configure-payslip-report-workday.md#copy-base-url-step","markdown/platform-administration/ai-search/configure-payslip-report-workday.md#copy-base-url-step","markdown-link","10.a","",""
"markdown","missing target anchor","markdown/platform-administration/ai-search/configure-payslip-report-workday.md","158","configure-payslip-report-workday.md#copy-tenant-name-step","markdown/platform-administration/ai-search/configure-payslip-report-workday.md#copy-tenant-name-step","markdown-link","10.b","",""
"markdown","missing target anchor","markdown/platform-administration/ai-search/configure-payslip-report-workday.md","159","configure-payslip-report-workday.md#copy-report-owner-user-name-step","markdown/platform-administration/ai-search/configure-payslip-report-workday.md#copy-report-owner-user-name-step","markdown-link","10.c","",""
"markdown","missing target anchor","markdown/platform-administration/ai-search/configure-payslip-report-workday.md","160","configure-payslip-report-workday.md#copy-report-name-alias-step","markdown/platform-administration/ai-search/configure-payslip-report-workday.md#copy-report-name-alias-step","markdown-link","10.d","",""
"markdown","missing target anchor","markdown/platform-administration/ai-search/configure-payslip-report-workday.md","161","configure-payslip-report-workday.md#copy-period-indicator-wid-step","markdown/platform-administration/ai-search/configure-payslip-report-workday.md#copy-period-indicator-wid-step","markdown-link","10.e","",""
"markdown","missing target anchor","markdown/platform-administration/ai-search/configure-sap-dms-external-content-indexing.md","343","configure-sap-dms-external-content-indexing.md#atms-app-plan-instance-step","markdown/platform-administration/ai-search/configure-sap-dms-external-content-indexing.md#atms-app-plan-instance-step","markdown-link","9.c","",""
"markdown","missing target anchor","markdown/platform-administration/ai-search/configure-sap-dms-external-content-indexing.md","343","configure-sap-dms-external-content-indexing.md#copy-xsappname-step","markdown/platform-administration/ai-search/configure-sap-dms-external-content-indexing.md#copy-xsappname-step","markdown-link","4.i","",""
"markdown","missing target anchor","markdown/platform-administration/ai-search/configure-sap-dms-external-content-indexing.md","456","configure-sap-dms-external-content-indexing.md#copy-dms-io-client-settings-step","markdown/platform-administration/ai-search/configure-sap-dms-external-content-indexing.md#copy-dms-io-client-settings-step","markdown-link","4.f","",""
"markdown","missing target anchor","markdown/platform-administration/ai-search/configure-sap-dms-external-content-indexing.md","457","configure-sap-dms-external-content-indexing.md#copy-dms-io-endpoint-url-step","markdown/platform-administration/ai-search/configure-sap-dms-external-content-indexing.md#copy-dms-io-endpoint-url-step","markdown-link","4.g","",""
"markdown","missing target anchor","markdown/platform-administration/ai-search/configure-sap-dms-external-content-indexing.md","458","configure-sap-dms-external-content-indexing.md#copy-role-collections-endpoint-url-step","markdown/platform-administration/ai-search/configure-sap-dms-external-content-indexing.md#copy-role-collections-endpoint-url-step","markdown-link","4.h","",""
"markdown","missing target anchor","markdown/platform-administration/ai-search/configure-sap-dms-external-content-indexing.md","459","configure-sap-dms-external-content-indexing.md#copy-atms-credentials-step","markdown/platform-administration/ai-search/configure-sap-dms-external-content-indexing.md#copy-atms-credentials-step","markdown-link","8.f","",""
"markdown","missing target anchor","markdown/platform-administration/ai-search/configure-sap-dms-external-content-indexing.md","460","configure-sap-dms-external-content-indexing.md#copy-token-exchange-settings-step","markdown/platform-administration/ai-search/configure-sap-dms-external-content-indexing.md#copy-token-exchange-settings-step","markdown-link","10.f","",""
"markdown","missing target anchor","markdown/platform-administration/ai-search/configure-sap-dms-external-content-indexing.md","461","configure-sap-dms-external-content-indexing.md#copy-base-web-url-step","markdown/platform-administration/ai-search/configure-sap-dms-external-content-indexing.md#copy-base-web-url-step","markdown-link","11.e","",""
"markdown","missing target anchor","markdown/platform-administration/ai-search/configure-site-collection-access-spo-external-content-connector.md","51","cfg-azure-spo-ext-cont-connector.md#add-sharepoint-api-permissions-substep","markdown/platform-administration/ai-search/cfg-azure-spo-ext-cont-connector.md#add-sharepoint-api-permissions-substep","markdown-link","3.f","",""
"markdown","missing target anchor","markdown/platform-administration/ai-search/configure-site-collection-access-spo-external-content-connector.md","85","configure-site-collection-access-spo-external-content-connector.md#view-powershell-module-paths","markdown/platform-administration/ai-search/configure-site-collection-access-spo-external-content-connector.md#view-powershell-module-paths","markdown-link","1.e","",""
"markdown","missing target anchor","markdown/platform-administration/ai-search/configure-smartsheet-external-content-indexing.md","64","configure-smartsheet-external-content-indexing.md#record-smartsheet-domain-url-step","markdown/platform-administration/ai-search/configure-smartsheet-external-content-indexing.md#record-smartsheet-domain-url-step","markdown-link","1","",""
"markdown","missing target anchor","markdown/platform-administration/ai-search/configure-smartsheet-external-content-indexing.md","65","configure-smartsheet-external-content-indexing.md#copy-api-key-value-step","markdown/platform-administration/ai-search/configure-smartsheet-external-content-indexing.md#copy-api-key-value-step","markdown-link","2.e","",""
"markdown","missing target anchor","markdown/platform-administration/ai-search/configure-sn-aip-instance-external-content-indexing.md","171","configure-sn-aip-instance-external-content-indexing.md#store-service-user-id-step","markdown/platform-administration/ai-search/configure-sn-aip-instance-external-content-indexing.md#store-service-user-id-step","markdown-link","1.b","",""
"markdown","missing target anchor","markdown/platform-administration/ai-search/configure-sn-aip-instance-external-content-indexing.md","172","configure-sn-aip-instance-external-content-indexing.md#store-service-user-password-step","markdown/platform-administration/ai-search/configure-sn-aip-instance-external-content-indexing.md#store-service-user-password-step","markdown-link","2.b","",""
"markdown","missing target anchor","markdown/platform-administration/ai-search/configure-trello-external-content-indexing.md","98","configure-trello-external-content-indexing.md#copy-api-key-step","markdown/platform-administration/ai-search/configure-trello-external-content-indexing.md#copy-api-key-step","markdown-link","2.d","",""
"markdown","missing target anchor","markdown/platform-administration/ai-search/configure-trello-external-content-indexing.md","99","configure-trello-external-content-indexing.md#copy-api-token-step","markdown/platform-administration/ai-search/configure-trello-external-content-indexing.md#copy-api-token-step","markdown-link","2.g","",""
"markdown","missing target anchor","markdown/platform-administration/ai-search/configure-trello-external-content-indexing.md","100","configure-trello-external-content-indexing.md#copy-enterpriseid-step","markdown/platform-administration/ai-search/configure-trello-external-content-indexing.md#copy-enterpriseid-step","markdown-link","3.b","",""
"markdown","missing target anchor","markdown/platform-administration/ai-search/configure-wordpress-external-content-indexing.md","85","configure-wordpress-external-content-indexing.md#copy-username-step","markdown/platform-administration/ai-search/configure-wordpress-external-content-indexing.md#copy-username-step","markdown-link","4.c","",""
"markdown","missing target anchor","markdown/platform-administration/ai-search/configure-wordpress-external-content-indexing.md","86","configure-wordpress-external-content-indexing.md#copy-password-step","markdown/platform-administration/ai-search/configure-wordpress-external-content-indexing.md#copy-password-step","markdown-link","5.d","",""
"markdown","missing target anchor","markdown/platform-administration/ai-search/configure-workday-external-content-indexing.md","108","configure-workday-external-content-indexing.md#copy-connection-url-tenant-name-step","markdown/platform-administration/ai-search/configure-workday-external-content-indexing.md#copy-connection-url-tenant-name-step","markdown-link","1.b","",""
"markdown","missing target anchor","markdown/platform-administration/ai-search/configure-workday-external-content-indexing.md","109","configure-workday-external-content-indexing.md#copy-connection-url-tenant-name-step","markdown/platform-administration/ai-search/configure-workday-external-content-indexing.md#copy-connection-url-tenant-name-step","markdown-link","1.b","",""
"markdown","missing target anchor","markdown/platform-administration/ai-search/configure-workday-external-content-indexing.md","110","configure-workday-external-content-indexing.md#copy-client-id-step","markdown/platform-administration/ai-search/configure-workday-external-content-indexing.md#copy-client-id-step","markdown-link","4.a","",""
"markdown","missing target anchor","markdown/platform-administration/ai-search/configure-workday-external-content-indexing.md","111","configure-workday-external-content-indexing.md#copy-client-secret-step","markdown/platform-administration/ai-search/configure-workday-external-content-indexing.md#copy-client-secret-step","markdown-link","4.b","",""
"markdown","missing target anchor","markdown/platform-administration/ai-search/configure-workday-external-content-indexing.md","112","configure-workday-external-content-indexing.md#copy-token-url-step","markdown/platform-administration/ai-search/configure-workday-external-content-indexing.md#copy-token-url-step","markdown-link","4.c","",""
"markdown","missing target anchor","markdown/platform-administration/ai-search/configure-workday-external-content-indexing.md","113","configure-workday-external-content-indexing.md#copy-auth-url-step","markdown/platform-administration/ai-search/configure-workday-external-content-indexing.md#copy-auth-url-step","markdown-link","4.d","",""
"markdown","missing target anchor","markdown/platform-administration/ai-search/configure-workvivo-external-content-indexing.md","93","configure-workvivo-external-content-indexing.md#copy-workvivo-id-step","markdown/platform-administration/ai-search/configure-workvivo-external-content-indexing.md#copy-workvivo-id-step","markdown-link","1.d","",""
"markdown","missing target anchor","markdown/platform-administration/ai-search/configure-workvivo-external-content-indexing.md","94","configure-workvivo-external-content-indexing.md#copy-api-url-step","markdown/platform-administration/ai-search/configure-workvivo-external-content-indexing.md#copy-api-url-step","markdown-link","1.e","",""
"markdown","missing target anchor","markdown/platform-administration/ai-search/configure-workvivo-external-content-indexing.md","95","configure-workvivo-external-content-indexing.md#copy-api-key-step","markdown/platform-administration/ai-search/configure-workvivo-external-content-indexing.md#copy-api-key-step","markdown-link","2.d","",""
"markdown","missing target anchor","markdown/platform-administration/ai-search/configure-zendesk-guide-external-content-indexing.md","133","configure-zendesk-guide-external-content-indexing.md#choose-client-identifier-step","markdown/platform-administration/ai-search/configure-zendesk-guide-external-content-indexing.md#choose-client-identifier-step","markdown-link","6","",""
"markdown","missing target anchor","markdown/platform-administration/ai-search/configure-zendesk-guide-external-content-indexing.md","134","configure-zendesk-guide-external-content-indexing.md#save-client-secret-step","markdown/platform-administration/ai-search/configure-zendesk-guide-external-content-indexing.md#save-client-secret-step","markdown-link","8","",""
"markdown","missing target anchor","markdown/platform-administration/ai-search/configure-zoom-external-content-indexing.md","127","configure-zoom-external-content-indexing.md#copy-account-id-step","markdown/platform-administration/ai-search/configure-zoom-external-content-indexing.md#copy-account-id-step","markdown-link","2.a","",""
"markdown","missing target anchor","markdown/platform-administration/ai-search/configure-zoom-external-content-indexing.md","128","configure-zoom-external-content-indexing.md#copy-client-id-step","markdown/platform-administration/ai-search/configure-zoom-external-content-indexing.md#copy-client-id-step","markdown-link","2.b","",""
"markdown","missing target anchor","markdown/platform-administration/ai-search/configure-zoom-external-content-indexing.md","129","configure-zoom-external-content-indexing.md#copy-client-secret-step","markdown/platform-administration/ai-search/configure-zoom-external-content-indexing.md#copy-client-secret-step","markdown-link","2.c","",""
"markdown","missing target anchor","markdown/platform-administration/ai-search/create-content-crawl-external-content-connector.md","83","create-content-crawl-external-content-connector.md#schedule-crawl","markdown/platform-administration/ai-search/create-content-crawl-external-content-connector.md#schedule-crawl","markdown-link","6","",""
"markdown","missing target anchor","markdown/platform-administration/ai-search/create-content-crawl-external-content-connector.md","84","create-content-crawl-external-content-connector.md#schedule-crawl","markdown/platform-administration/ai-search/create-content-crawl-external-content-connector.md#schedule-crawl","markdown-link","6","",""
"markdown","missing target anchor","markdown/platform-administration/ai-search/create-content-crawl-external-content-connector.md","88","create-content-crawl-external-content-connector.md#schedule-crawl","markdown/platform-administration/ai-search/create-content-crawl-external-content-connector.md#schedule-crawl","markdown-link","6","",""
"markdown","missing target anchor","markdown/platform-administration/ai-search/create-content-crawl-external-content-connector.md","90","create-content-crawl-external-content-connector.md#schedule-crawl","markdown/platform-administration/ai-search/create-content-crawl-external-content-connector.md#schedule-crawl","markdown-link","6","",""
"markdown","missing target anchor","markdown/platform-administration/ai-search/create-ext-cont-connector-acc.md","94","create-ext-cont-connector-acc.md#connection-settings-step","markdown/platform-administration/ai-search/create-ext-cont-connector-acc.md#connection-settings-step","markdown-link","5","",""
"markdown","missing target anchor","markdown/platform-administration/ai-search/create-ext-cont-connector-jira.md","94","create-ext-cont-connector-jira.md#connection-settings-step","markdown/platform-administration/ai-search/create-ext-cont-connector-jira.md#connection-settings-step","markdown-link","5","",""
"markdown","missing target anchor","markdown/platform-administration/ai-search/create-user-mapping-crawl-external-content-connector.md","80","create-user-mapping-crawl-external-content-connector.md#schedule-crawl","markdown/platform-administration/ai-search/create-user-mapping-crawl-external-content-connector.md#schedule-crawl","markdown-link","4","",""
"markdown","missing target anchor","markdown/platform-administration/ai-search/create-user-mapping-crawl-external-content-connector.md","81","create-user-mapping-crawl-external-content-connector.md#schedule-crawl","markdown/platform-administration/ai-search/create-user-mapping-crawl-external-content-connector.md#schedule-crawl","markdown-link","4","",""
"markdown","missing target anchor","markdown/platform-administration/ai-search/create-user-mapping-crawl-external-content-connector.md","85","create-user-mapping-crawl-external-content-connector.md#schedule-crawl","markdown/platform-administration/ai-search/create-user-mapping-crawl-external-content-connector.md#schedule-crawl","markdown-link","4","",""
"markdown","missing target anchor","markdown/platform-administration/ai-search/create-user-mapping-crawl-external-content-connector.md","87","create-user-mapping-crawl-external-content-connector.md#schedule-crawl","markdown/platform-administration/ai-search/create-user-mapping-crawl-external-content-connector.md#schedule-crawl","markdown-link","4","",""
"markdown","missing target anchor","markdown/platform-administration/ai-search/gen-cert-msod-ext-cont-connector.md","72","gen-cert-msod-ext-cont-connector.md#generate-keypair-jks","markdown/platform-administration/ai-search/gen-cert-msod-ext-cont-connector.md#generate-keypair-jks","markdown-link","1","",""
"markdown","missing target anchor","markdown/platform-administration/ai-search/gen-cert-msteams-ext-cont-connector.md","72","gen-cert-msteams-ext-cont-connector.md#generate-keypair-jks","markdown/platform-administration/ai-search/gen-cert-msteams-ext-cont-connector.md#generate-keypair-jks","markdown-link","1","",""
"markdown","missing target anchor","markdown/platform-administration/ai-search/gen-cert-spo-ext-cont-connector.md","72","gen-cert-spo-ext-cont-connector.md#generate-keypair-jks","markdown/platform-administration/ai-search/gen-cert-spo-ext-cont-connector.md#generate-keypair-jks","markdown-link","1","",""
"markdown","missing target anchor","markdown/platform-administration/ai-search/get-workday-task-code-anniversaries.md","44","get-workday-task-code-anniversaries.md#copy-task-code-step","markdown/platform-administration/ai-search/get-workday-task-code-anniversaries.md#copy-task-code-step","markdown-link","3","",""
"markdown","missing target anchor","markdown/platform-administration/ai-search/get-workday-task-code-birthday.md","44","get-workday-task-code-birthday.md#copy-task-code-step","markdown/platform-administration/ai-search/get-workday-task-code-birthday.md#copy-task-code-step","markdown-link","3","",""
"markdown","missing target anchor","markdown/platform-administration/ai-search/get-workday-task-code-learning-assignments.md","44","get-workday-task-code-learning-assignments.md#copy-task-code-step","markdown/platform-administration/ai-search/get-workday-task-code-learning-assignments.md#copy-task-code-step","markdown-link","3","",""
"markdown","missing target anchor","markdown/platform-administration/ai-search/install-ext-cont-connectors.md","53","install-ext-cont-connectors.md#find-ecc-app","markdown/platform-administration/ai-search/install-ext-cont-connectors.md#find-ecc-app","markdown-link","2","",""
"markdown","missing target anchor","markdown/platform-administration/ai-search/install-ext-cont-connectors.md","53","install-ext-cont-connectors.md#install-ecc-app","markdown/platform-administration/ai-search/install-ext-cont-connectors.md#install-ecc-app","markdown-link","3","",""
"markdown","missing target anchor","markdown/platform-administration/ai-search/install-ext-cont-connectors.md","55","install-ext-cont-connectors.md#find-ecc-app","markdown/platform-administration/ai-search/install-ext-cont-connectors.md#find-ecc-app","markdown-link","2","",""
"markdown","missing target anchor","markdown/platform-administration/ai-search/install-ext-cont-connectors.md","55","install-ext-cont-connectors.md#install-ecc-app","markdown/platform-administration/ai-search/install-ext-cont-connectors.md#install-ecc-app","markdown-link","3","",""
"markdown","missing target anchor","markdown/platform-administration/ai-search/script-post-process-ais.md","52","script-post-process-ais.md#copy-search-script-processor-code","markdown/platform-administration/ai-search/script-post-process-ais.md#copy-search-script-processor-code","markdown-link","1.e","",""
"markdown","missing target anchor","markdown/platform-administration/ai-search/view-retrievable-page-content-mspo-rest-api.md","59","view-retrievable-page-content-mspo-rest-api.md#copy-list-guid-step","markdown/platform-administration/ai-search/view-retrievable-page-content-mspo-rest-api.md#copy-list-guid-step","markdown-link","1.c","",""
"markdown","missing target anchor","markdown/platform-administration/configure-notif-custom-Slack-app.md","69","configure-notif-custom-Slack-app.md#create-json","markdown/platform-administration/configure-notif-custom-Slack-app.md#create-json","markdown-link","1","",""
"markdown","missing target anchor","markdown/platform-administration/search-administration/add-app-search-context-polaris-ui.md","55","add-app-search-context-polaris-ui.md#copy_srch_app_cfg_sys_id","markdown/platform-administration/search-administration/add-app-search-context-polaris-ui.md#copy_srch_app_cfg_sys_id","markdown-link","1.c","",""
"markdown","missing target anchor","markdown/platform-administration/search-administration/regenerate-text-index-one-record.md","46","regenerate-text-index-one-record.md#copy-sys-id-step","markdown/platform-administration/search-administration/regenerate-text-index-one-record.md#copy-sys-id-step","markdown-link","1","",""
"markdown","missing target anchor","markdown/platform-administration/search-administration/t_DebugZing.md","47","t_DebugZing.md#note-stemmed-term-numbers","markdown/platform-administration/search-administration/t_DebugZing.md#note-stemmed-term-numbers","markdown-link","3","",""
"markdown","missing target anchor","markdown/platform-administration/search-suggestions/improve-search-results.md","26","understanding-search-suggestion-tables.md#section_eqs_xwj_xhb","markdown/platform-administration/search-suggestions/understanding-search-suggestion-tables.md#section_eqs_xwj_xhb","markdown-link","Search Event [sys_search_event]","",""
"markdown","missing target anchor","markdown/platform-administration/search-suggestions/improve-search-results.md","28","understanding-search-suggestion-tables.md#section_ic4_j2k_xhb","markdown/platform-administration/search-suggestions/understanding-search-suggestion-tables.md#section_ic4_j2k_xhb","markdown-link","Search Suggestion [sys_search_suggestion]","",""
"markdown","missing target anchor","markdown/platform-security/access-control/exploring-access-control-list.md","30","acl-denial-behavior.md#section_qnd_snl_zbc","markdown/platform-security/access-control/acl-denial-behavior.md#section_qnd_snl_zbc","markdown-link","acl-denial-behavior.md#section_qnd_snl_zbc","",""
"markdown","missing target anchor","markdown/platform-security/authentication/create-knowledge-based-answers.md","109","create-knowledge-based-answers.md#system-properties","markdown/platform-security/authentication/create-knowledge-based-answers.md#system-properties","markdown-link","System Properties","",""
"markdown","missing target anchor","markdown/platform-security/authentication/create-knowledge-based-answers.md","136","create-knowledge-based-answers.md#system-properties","markdown/platform-security/authentication/create-knowledge-based-answers.md#system-properties","markdown-link","System Properties","",""
"markdown","missing target anchor","markdown/platform-security/authentication/mfa-dashboard.md","29","mfa-dashboard.md#section_byk_42c_cfc","markdown/platform-security/authentication/mfa-dashboard.md#section_byk_42c_cfc","markdown-link","Login Metrics","",""
"markdown","missing target anchor","markdown/platform-security/connections-and-credentials/configure-oauth-2-0-authentication.md","320","configure-oauth-2-0-authentication.md#substeps_lsc_5wj_wbc","markdown/platform-security/connections-and-credentials/configure-oauth-2-0-authentication.md#substeps_lsc_5wj_wbc","markdown-link","Configure an OAuth entity profile","",""
"markdown","missing target anchor","markdown/platform-security/edge-encryption/c_EncryptionRuleActions.md","29","param-apis.md#dynamic-table","markdown/platform-security/edge-encryption/param-apis.md#dynamic-table","markdown-link","dynamically pull this from the request","",""
"markdown","missing target anchor","markdown/platform-security/edge-encryption/c_JsonNodeAPI.md","90","json-overview.md#json-dynamic","markdown/platform-security/edge-encryption/json-overview.md#json-dynamic","markdown-link","dynamically assigned","",""
"markdown","missing target anchor","markdown/platform-security/edge-encryption/c_XMLElementAPI.md","50","xml-overview.md#xml-dynamic","markdown/platform-security/edge-encryption/xml-overview.md#xml-dynamic","markdown-link","dynamically assigned","",""
"markdown","missing target anchor","markdown/platform-security/edge-encryption/configure-128-key.md","46","configure-128-key.md#configure-key-on-instance","markdown/platform-security/edge-encryption/configure-128-key.md#configure-key-on-instance","markdown-link","step 5","",""
"markdown","missing target anchor","markdown/platform-security/identity/scim-customisation.md","31","create-scim-etl-definitions.md#RTEMapping","markdown/platform-security/identity/create-scim-etl-definitions.md#RTEMapping","markdown-link","5","",""
"markdown","missing target anchor","markdown/platform-security/pre-work-ca.md","22","pre-work-ca.md#section_jqr_nhw_ycc","markdown/platform-security/pre-work-ca.md#section_jqr_nhw_ycc","markdown-link","LDAP or Local login (Username and Password)","",""
"markdown","missing target anchor","markdown/platform-security/pre-work-ca.md","23","pre-work-ca.md#section_plh_4hw_ycc","markdown/platform-security/pre-work-ca.md#section_plh_4hw_ycc","markdown-link","SSO login (SAML or OIDC)","",""
"markdown","missing target anchor","markdown/platform-user-interface/adoption-services/create-help-center-content.md","84","create-help-center-content.md#example_nln_bm3_kxb","markdown/platform-user-interface/adoption-services/create-help-center-content.md#example_nln_bm3_kxb","markdown-link","examples","",""
"markdown","missing target anchor","markdown/platform-user-interface/adoption-services/create-help-center-content.md","106","create-help-center-content.md#example_nln_bm3_kxb","markdown/platform-user-interface/adoption-services/create-help-center-content.md#example_nln_bm3_kxb","markdown-link","examples","",""
"markdown","missing target anchor","markdown/platform-user-interface/adoption-services/create-help-center-content.md","132","create-help-center-content.md#example_nln_bm3_kxb","markdown/platform-user-interface/adoption-services/create-help-center-content.md#example_nln_bm3_kxb","markdown-link","examples","",""
"markdown","missing target anchor","markdown/platform-user-interface/sitemap-generator/generate-xml-sitemaps-seo-indexing.md","93","generate-xml-sitemaps-seo-indexing.md#save-definition-type","markdown/platform-user-interface/sitemap-generator/generate-xml-sitemaps-seo-indexing.md#save-definition-type","markdown-link","7","",""
"markdown","missing target anchor","markdown/platform-user-interface/view-attachment-doc-viewer.md","24","Documentviewer.md#ul_jvx_dzy_whb","markdown/platform-user-interface/Documentviewer.md#ul_jvx_dzy_whb","markdown-link","document types","",""
"markdown","missing target anchor","markdown/proactive-service-exp-workflows/product-support-for-technology/tech-product-support-case-app.md","30","tech-product-support-case-type.md#section_y4c_hgy_1bc","markdown/proactive-service-exp-workflows/product-support-for-technology/tech-product-support-case-type.md#section_y4c_hgy_1bc","markdown-link","Record producer","",""
"markdown","missing target anchor","markdown/proactive-service-exp-workflows/product-support-for-technology/tech-product-support-case-type.md","42","tech-product-support-case-type.md#section_fwf_mlg_n1c","markdown/proactive-service-exp-workflows/product-support-for-technology/tech-product-support-case-type.md#section_fwf_mlg_n1c","markdown-link","Roles","",""
"markdown","missing target anchor","markdown/proactive-service-exp-workflows/product-support-for-technology/tech-product-support-case-type.md","50","tech-product-support-case-type.md#section_jtm_rjs_y1c","markdown/proactive-service-exp-workflows/product-support-for-technology/tech-product-support-case-type.md#section_jtm_rjs_y1c","markdown-link","Case states","",""
"markdown","missing target anchor","markdown/proactive-service-exp-workflows/product-support-for-technology/tech-product-support-case-type.md","58","tech-product-support-case-type.md#section_zmc_ptf_n1c","markdown/proactive-service-exp-workflows/product-support-for-technology/tech-product-support-case-type.md#section_zmc_ptf_n1c","markdown-link","State flows","",""
"markdown","missing target anchor","markdown/proactive-service-exp-workflows/product-support-for-technology/tech-product-support-case-type.md","66","tech-product-support-case-type.md#section_sh1_l3g_n1c","markdown/proactive-service-exp-workflows/product-support-for-technology/tech-product-support-case-type.md#section_sh1_l3g_n1c","markdown-link","List views","",""
"markdown","missing target anchor","markdown/proactive-service-exp-workflows/product-support-for-technology/tech-product-support-case-type.md","74","tech-product-support-case-type.md#section_h4k_rvg_n1c","markdown/proactive-service-exp-workflows/product-support-for-technology/tech-product-support-case-type.md#section_h4k_rvg_n1c","markdown-link","Special handling notes","",""
"markdown","missing target anchor","markdown/proactive-service-exp-workflows/product-support-for-technology/tech-product-support-case-type.md","114","tech-product-support-case-type.md#section_y4c_hgy_1bc","markdown/proactive-service-exp-workflows/product-support-for-technology/tech-product-support-case-type.md#section_y4c_hgy_1bc","markdown-link","Record producer","",""
"markdown","missing target anchor","markdown/proactive-service-exp-workflows/product-support-for-technology/tech-product-support-case-type.md","122","tech-product-support-case-type.md#section_fvz_mrg_n1c","markdown/proactive-service-exp-workflows/product-support-for-technology/tech-product-support-case-type.md#section_fvz_mrg_n1c","markdown-link","Case action status","",""
"markdown","missing target anchor","markdown/proactive-service-exp-workflows/product-support-for-technology/tech-product-support-case-type.md","138","tech-product-support-case-type.md#section_j3p_rsg_n1c","markdown/proactive-service-exp-workflows/product-support-for-technology/tech-product-support-case-type.md#section_j3p_rsg_n1c","markdown-link","Auto close cases","",""
"markdown","missing target anchor","markdown/proactive-service-exp-workflows/product-support-for-technology/tech-product-support-playbook.md","115","tech-product-support-playbook.md#section_ls2_mkz_y1c","markdown/proactive-service-exp-workflows/product-support-for-technology/tech-product-support-playbook.md#section_ls2_mkz_y1c","markdown-link","Action bar","",""
"markdown","missing target anchor","markdown/proactive-service-exp-workflows/product-support-for-technology/tech-product-support-playbook.md","200","tech-product-support-playbook.md#section_edk_v3t_bbc","markdown/proactive-service-exp-workflows/product-support-for-technology/tech-product-support-playbook.md#section_edk_v3t_bbc","markdown-link","Activity stream component","",""
"markdown","missing target anchor","markdown/proactive-service-exp-workflows/product-support-for-technology/tech-product-support-playbook.md","303","tech-product-support-playbook.md#section_edk_v3t_bbc","markdown/proactive-service-exp-workflows/product-support-for-technology/tech-product-support-playbook.md#section_edk_v3t_bbc","markdown-link","Activity stream","",""
"markdown","missing target anchor","markdown/proactive-service-exp-workflows/product-support-for-technology/tech-product-support-record-page.md","115","tech-product-support-record-page.md#section_bwz_3nm_bbc","markdown/proactive-service-exp-workflows/product-support-for-technology/tech-product-support-record-page.md#section_bwz_3nm_bbc","markdown-link","Action bar","",""
"markdown","missing target anchor","markdown/proactive-service-exp-workflows/product-support-for-technology/tech-product-support-record-page.md","205","tech-product-support-record-page.md#section_ev4_wyf_bbc","markdown/proactive-service-exp-workflows/product-support-for-technology/tech-product-support-record-page.md#section_ev4_wyf_bbc","markdown-link","Recommended Actions search component","",""
"markdown","missing target anchor","markdown/proactive-service-exp-workflows/product-support-for-technology/tech-product-support-record-page.md","375","tech-product-support-record-page.md#section_ev4_wyf_bbc","markdown/proactive-service-exp-workflows/product-support-for-technology/tech-product-support-record-page.md#section_ev4_wyf_bbc","markdown-link","Recommended Actions search","",""
"markdown","missing target anchor","markdown/release-notes/release-notes/code-signing-rn.md","41","../../platform-security/explore-code-signing.md#sign-update-set","markdown/platform-security/explore-code-signing.md#sign-update-set","markdown-link","Wild Card Purpose for KMF Signature Configuration","",""
"markdown","missing target anchor","markdown/release-notes/release-notes/customer-service-config-ws-rn.md","46","../../customer-service-management/csm-workspace-agent-actions.md#section_zzp_dn3_23c","markdown/customer-service-management/csm-workspace-agent-actions.md#section_zzp_dn3_23c","markdown-link","Highlight fields with unsaved changes","",""
"markdown","missing target anchor","markdown/release-notes/release-notes/customer-service-config-ws-rn.md","54","../../customer-service-management/csm-email-interaction-record-page.md#section_rfs_4lt_13c","markdown/customer-service-management/csm-email-interaction-record-page.md#section_rfs_4lt_13c","markdown-link","Unread email count on interaction tabs","",""
"markdown","missing target anchor","markdown/release-notes/release-notes/servicenow-ide-rn.md","33","../../application-development/building-applications-source-code.md#application-structure","markdown/application-development/building-applications-source-code.md#application-structure","markdown-link","Generated ServiceNow Fluent code organized in taxonomy-based directories","",""
"markdown","missing target anchor","markdown/release-notes/release-notes/servicenow-sdk-rn.md","41","../../application-development/building-applications-source-code.md#application-structure","markdown/application-development/building-applications-source-code.md#application-structure","markdown-link","Configure a default language for field labels","",""
"markdown","missing target anchor","markdown/release-notes/rn-summary-new-features.md","796","../customer-service-management/csm-workspace-agent-actions.md#section_zzp_dn3_23c","markdown/customer-service-management/csm-workspace-agent-actions.md#section_zzp_dn3_23c","markdown-link","Highlight fields with unsaved changes","",""
"markdown","missing target anchor","markdown/release-notes/rn-summary-new-features.md","804","../customer-service-management/csm-email-interaction-record-page.md#section_rfs_4lt_13c","markdown/customer-service-management/csm-email-interaction-record-page.md#section_rfs_4lt_13c","markdown-link","Unread email count on interaction tabs","",""
"markdown","missing target anchor","markdown/release-notes/rn-summary-new-features.md","1352","../platform-security/explore-code-signing.md#sign-update-set","markdown/platform-security/explore-code-signing.md#sign-update-set","markdown-link","Wild Card Purpose for KMF Signature Configuration","",""
"markdown","missing target anchor","markdown/release-notes/rn-summary-new-features.md","5389","../application-development/building-applications-source-code.md#application-structure","markdown/application-development/building-applications-source-code.md#application-structure","markdown-link","Generated ServiceNow Fluent code organized in taxonomy-based directories","",""
"markdown","missing target anchor","markdown/release-notes/rn-summary-new-features.md","5408","../application-development/building-applications-source-code.md#application-structure","markdown/application-development/building-applications-source-code.md#application-structure","markdown-link","Configure a default language for field labels","",""
"markdown","missing target anchor","markdown/release-notes/upgrades-phase-6.md","27","upgrades-phase-3.md#Phase3Step1CheckUpgradeJob","markdown/release-notes/upgrades-phase-3.md#Phase3Step1CheckUpgradeJob","markdown-link","**Upgrade** scheduled job","",""
"markdown","missing target anchor","markdown/release-notes/upgrades-planning-checklist.md","469","upgrades-phase-2.md#Phase3Step1Clone","markdown/release-notes/upgrades-phase-2.md#Phase3Step1Clone","markdown-link","20","",""
"markdown","missing target anchor","markdown/release-notes/upgrades-planning-checklist.md","497","upgrades-phase-3.md#Phase3Step1CheckUpgradeJob","markdown/release-notes/upgrades-phase-3.md#Phase3Step1CheckUpgradeJob","markdown-link","21","",""
"markdown","missing target anchor","markdown/release-notes/upgrades-planning-checklist.md","517","upgrades-phase-3.md#Phase3Step2UpgradeSysTrigger","markdown/release-notes/upgrades-phase-3.md#Phase3Step2UpgradeSysTrigger","markdown-link","22","",""
"markdown","missing target anchor","markdown/release-notes/upgrades-planning-checklist.md","537","upgrades-phase-3.md#Phase3Step3CheckUpgradeSysTrigger","markdown/release-notes/upgrades-phase-3.md#Phase3Step3CheckUpgradeSysTrigger","markdown-link","23","",""
"markdown","missing target anchor","markdown/release-notes/upgrades-planning-checklist.md","557","upgrades-phase-3.md#Phase3Step4ScheduleUpgrade","markdown/release-notes/upgrades-phase-3.md#Phase3Step4ScheduleUpgrade","markdown-link","24","",""
"markdown","missing target anchor","markdown/release-notes/upgrades-planning-checklist.md","577","upgrades-phase-3.md#Phase3Step5RequestEnt","markdown/release-notes/upgrades-phase-3.md#Phase3Step5RequestEnt","markdown-link","25","",""
"markdown","missing target anchor","markdown/release-notes/upgrades-planning-checklist.md","601","upgrades-phase-4.md#Phase4Step1Validate","markdown/release-notes/upgrades-phase-4.md#Phase4Step1Validate","markdown-link","26","",""
"markdown","missing target anchor","markdown/release-notes/upgrades-planning-checklist.md","621","upgrades-phase-4.md#Phase4Step2SkippedList","markdown/release-notes/upgrades-phase-4.md#Phase4Step2SkippedList","markdown-link","27","",""
"markdown","missing target anchor","markdown/release-notes/upgrades-planning-checklist.md","641","upgrades-phase-4.md#Phase4Step3UpdateSets","markdown/release-notes/upgrades-phase-4.md#Phase4Step3UpdateSets","markdown-link","28","",""
"markdown","missing target anchor","markdown/release-notes/upgrades-planning-checklist.md","661","upgrades-phase-4.md#Phase4Step4FunctionalTesting","markdown/release-notes/upgrades-phase-4.md#Phase4Step4FunctionalTesting","markdown-link","29","",""
"markdown","missing target anchor","markdown/release-notes/upgrades-planning-checklist.md","685","upgrades-phase-2.md#Phase3Step1Clone","markdown/release-notes/upgrades-phase-2.md#Phase3Step1Clone","markdown-link","30","",""
"markdown","missing target anchor","markdown/release-notes/upgrades-planning-checklist.md","983","upgrades-phase-6.md#Phase6Step1BenchmarkPerf","markdown/release-notes/upgrades-phase-6.md#Phase6Step1BenchmarkPerf","markdown-link","44","",""
"markdown","missing target anchor","markdown/release-notes/upgrades-planning-checklist.md","1003","upgrades-phase-6.md#Phase6Step2PerfDashboard","markdown/release-notes/upgrades-phase-6.md#Phase6Step2PerfDashboard","markdown-link","45","",""
"markdown","missing target anchor","markdown/release-notes/upgrades-planning-checklist.md","1023","upgrades-phase-6.md#Phase6Step3FunctionalTesting","markdown/release-notes/upgrades-phase-6.md#Phase6Step3FunctionalTesting","markdown-link","46","",""
"markdown","missing target anchor","markdown/release-notes/upgrades-planning-checklist.md","1047","upgrades-phase-7.md#Phase7Step1ScheduleUpgrade","markdown/release-notes/upgrades-phase-7.md#Phase7Step1ScheduleUpgrade","markdown-link","47","",""
"markdown","missing target anchor","markdown/release-notes/upgrades-planning-checklist.md","1067","upgrades-phase-7.md#Phase7Step2RequestEntitlement","markdown/release-notes/upgrades-phase-7.md#Phase7Step2RequestEntitlement","markdown-link","48","",""
"markdown","missing target anchor","markdown/release-notes/upgrades-planning-checklist.md","1087","upgrades-phase-7.md#Phase7Step3VerifyUpgrade","markdown/release-notes/upgrades-phase-7.md#Phase7Step3VerifyUpgrade","markdown-link","49","",""
"markdown","missing target anchor","markdown/release-notes/upgrades-planning-checklist.md","1107","upgrades-phase-7.md#Phase7Step4UpdateSets","markdown/release-notes/upgrades-phase-7.md#Phase7Step4UpdateSets","markdown-link","50","",""
"markdown","missing target anchor","markdown/release-notes/upgrades-planning-checklist.md","1127","upgrades-phase-7.md#Phase7Step5ValidateTest","markdown/release-notes/upgrades-phase-7.md#Phase7Step5ValidateTest","markdown-link","51","",""
"markdown","missing target anchor","markdown/security-management/domain-separation-and-mitre-att-ck.md","26","domain-separation-and-mitre-att-ck.md#section_svm_dry_y4b","markdown/security-management/domain-separation-and-mitre-att-ck.md#section_svm_dry_y4b","markdown-link","TAXII Collections","",""
"markdown","missing target anchor","markdown/security-management/it-remediation-workspace/itr-ws-create-remediation-task.md","37","itr-ws-create-remediation-task.md#itr-crt-select-items","markdown/security-management/it-remediation-workspace/itr-ws-create-remediation-task.md#itr-crt-select-items","markdown-link","Selected items","",""
"markdown","missing target anchor","markdown/security-management/misp-integration-for-security-operations.md","41","review-the-misp-integration-settings.md#ul_pf2_41x_nqb","markdown/security-management/review-the-misp-integration-settings.md#ul_pf2_41x_nqb","markdown-link","Automatically add SIR MITRE-ATT&amp;CK™ information as galaxies to a MISP event","",""
"markdown","missing target anchor","markdown/security-management/security-incident-response/submit-entries-from-a-security-incident-record-for-url-category-list.md","24","create-zscaler-internet-access-url-category-manually.md#context_gqd_3ql_vpb","markdown/security-management/security-incident-response/create-zscaler-internet-access-url-category-manually.md#context_gqd_3ql_vpb","markdown-link","URL Categories configured previously","",""
"markdown","missing target anchor","markdown/security-management/sem-bulk-edit-unassign.md","37","vulnerability-manager-workspace/vmws-bulk-edit-unassign.md#record-slection-field-unassign","markdown/security-management/vulnerability-manager-workspace/vmws-bulk-edit-unassign.md#record-slection-field-unassign","markdown-link","Record Selection","",""
"markdown","missing target anchor","markdown/security-management/sem-bulk-edit-unassign.md","38","vulnerability-manager-workspace/vmws-bulk-edit-unassign.md#record-slection-field-unassign","markdown/security-management/vulnerability-manager-workspace/vmws-bulk-edit-unassign.md#record-slection-field-unassign","markdown-link","Record Selection","",""
"markdown","missing target anchor","markdown/security-management/sem-create-remediation-task.md","45","vulnerability-manager-workspace/vmws-create-remediation-task.md#crt-select-items","markdown/security-management/vulnerability-manager-workspace/vmws-create-remediation-task.md#crt-select-items","markdown-link","Selected items","",""
"markdown","missing target anchor","markdown/security-management/vulnerability-manager-workspace/requesting-approving-risk-reduction.md","74","vr-ws-exceptions-split-VMGR-ws.md#li-risk-reduction-vmws","markdown/security-management/vulnerability-manager-workspace/vr-ws-exceptions-split-VMGR-ws.md#li-risk-reduction-vmws","markdown-link","../../vulnerability-response/concept/vr-ws-exceptions-split-VMGR-ws.md#li-risk-reduction-vmws","",""
"markdown","missing target anchor","markdown/security-management/vulnerability-manager-workspace/vmws-bulk-edit-unassign.md","34","vmws-bulk-edit-unassign.md#record-slection-field-unassign","markdown/security-management/vulnerability-manager-workspace/vmws-bulk-edit-unassign.md#record-slection-field-unassign","markdown-link","Record Selection","",""
"markdown","missing target anchor","markdown/security-management/vulnerability-manager-workspace/vmws-bulk-edit-unassign.md","35","vmws-bulk-edit-unassign.md#record-slection-field-unassign","markdown/security-management/vulnerability-manager-workspace/vmws-bulk-edit-unassign.md#record-slection-field-unassign","markdown-link","Record Selection","",""
"markdown","missing target anchor","markdown/security-management/vulnerability-manager-workspace/vmws-create-remediation-task.md","47","vmws-create-remediation-task.md#crt-select-items","markdown/security-management/vulnerability-manager-workspace/vmws-create-remediation-task.md#crt-select-items","markdown-link","Selected items","",""
"markdown","missing target anchor","markdown/security-management/vulnerability-manager-workspace/vmws-reevaluate-remediation-parameters.md","42","vmws-reevaluate-remediation-parameters.md#vmws-select-items","markdown/security-management/vulnerability-manager-workspace/vmws-reevaluate-remediation-parameters.md#vmws-select-items","markdown-link","Selected items","",""
"markdown","missing target anchor","markdown/security-management/vulnerability-response/create-config-arf-processor.md","34","create-config-arf-processor.md#max-conc-threads","markdown/security-management/vulnerability-response/create-config-arf-processor.md#max-conc-threads","markdown-link","Step 2","",""
"markdown","missing target anchor","markdown/security-management/vulnerability-response/generate-report.md","66","configure-indicator-for-source-data.md#group-by","markdown/security-management/vulnerability-response/configure-indicator-for-source-data.md#group-by","markdown-link","configure-indicator-for-source-data.md#group-by","",""
"markdown","missing target anchor","markdown/security-management/vulnerability-response/generate-report.md","74","configure-indicator-for-source-data.md#group-by","markdown/security-management/vulnerability-response/configure-indicator-for-source-data.md#group-by","markdown-link","configure-indicator-for-source-data.md#group-by","",""
"markdown","missing target anchor","markdown/service-exchange/import-and-export-fds-configuration.md","52","import-and-export-fds-configuration.md#substeps_dwc_5l1_cgc","markdown/service-exchange/import-and-export-fds-configuration.md#substeps_dwc_5l1_cgc","markdown-link","Step 1","",""
"markdown","missing target anchor","markdown/servicenow-platform/api-insights/api-insights-api-details-page.md","32","api-insights-api-details-page.md#header","markdown/servicenow-platform/api-insights/api-insights-api-details-page.md#header","markdown-link","Header region","",""
"markdown","missing target anchor","markdown/servicenow-platform/api-insights/api-insights-api-details-page.md","33","api-insights-api-details-page.md#metadata","markdown/servicenow-platform/api-insights/api-insights-api-details-page.md#metadata","markdown-link","Metadata region","",""
"markdown","missing target anchor","markdown/servicenow-platform/api-insights/api-insights-api-details-page.md","34","api-insights-api-details-page.md#access","markdown/servicenow-platform/api-insights/api-insights-api-details-page.md#access","markdown-link","Related lists","",""
"markdown","missing target anchor","markdown/servicenow-platform/api-insights/api-insights-api-details-page.md","35","api-insights-api-details-page.md#overview","markdown/servicenow-platform/api-insights/api-insights-api-details-page.md#overview","markdown-link","Overview panel","",""
"markdown","missing target anchor","markdown/servicenow-platform/api-insights/api-insights-api-details-page.md","36","api-insights-api-details-page.md#usage","markdown/servicenow-platform/api-insights/api-insights-api-details-page.md#usage","markdown-link","Usage","",""
"markdown","missing target anchor","markdown/servicenow-platform/api-insights/api-insights-api-details-page.md","37","api-insights-api-details-page.md#events","markdown/servicenow-platform/api-insights/api-insights-api-details-page.md#events","markdown-link","Events","",""
"markdown","missing target anchor","markdown/servicenow-platform/api-insights/api-insights-api-details-page.md","38","api-insights-api-details-page.md#security","markdown/servicenow-platform/api-insights/api-insights-api-details-page.md#security","markdown-link","Security","",""
"markdown","missing target anchor","markdown/servicenow-platform/api-insights/api-insights-api-details-page.md","39","api-insights-api-details-page.md#relationship","markdown/servicenow-platform/api-insights/api-insights-api-details-page.md#relationship","markdown-link","Relationship map","",""
"markdown","missing target anchor","markdown/servicenow-platform/common-service-data-model-csdm/csdm-datafdn-dash-foundation-tab.md","20","foundation-domain.md#dlentry-product-models","markdown/servicenow-platform/common-service-data-model-csdm/foundation-domain.md#dlentry-product-models","markdown-link","Products and product models","",""
"markdown","missing target anchor","markdown/servicenow-platform/common-service-data-model-csdm/csdm-datafdn-dash-foundation-tab.md","41","foundation-domain.md#dlentry-product-models","markdown/servicenow-platform/common-service-data-model-csdm/foundation-domain.md#dlentry-product-models","markdown-link","Products and product models","",""
"markdown","missing target anchor","markdown/servicenow-platform/common-service-data-model-csdm/csdm-datafdn-dash-foundation-tab.md","45","csdm-implement-foundation-stage.md#dlentry-location-table","markdown/servicenow-platform/common-service-data-model-csdm/csdm-implement-foundation-stage.md#dlentry-location-table","markdown-link","Location [cmn_location] table","",""
"markdown","missing target anchor","markdown/servicenow-platform/common-service-data-model-csdm/csdm-foundations-dashboard.md","42","csdm-foundations-dashboard.md#access-pa-widgets","markdown/servicenow-platform/common-service-data-model-csdm/csdm-foundations-dashboard.md#access-pa-widgets","markdown-link","step 5","",""
"markdown","missing target anchor","markdown/servicenow-platform/common-service-data-model-csdm/csdm-lifecycle-product.md","26","foundation-domain.md#dlentry-product-models","markdown/servicenow-platform/common-service-data-model-csdm/foundation-domain.md#dlentry-product-models","markdown-link","Products and product models","",""
"markdown","missing target anchor","markdown/servicenow-platform/configuration-management-database-cmdb/api-sgc-azure-mgmt.md","108","api-sgc-azure-mgmt-tables.md#section_lrd_wtj_4bc","markdown/servicenow-platform/configuration-management-database-cmdb/api-sgc-azure-mgmt-tables.md#section_lrd_wtj_4bc","markdown-link","API Frontend","",""
"markdown","missing target anchor","markdown/servicenow-platform/configuration-management-database-cmdb/api-sgc-azure-mgmt.md","120","api-sgc-azure-mgmt-tables.md#section_lrd_wtj_4bc","markdown/servicenow-platform/configuration-management-database-cmdb/api-sgc-azure-mgmt-tables.md#section_lrd_wtj_4bc","markdown-link","API Frontend","",""
"markdown","missing target anchor","markdown/servicenow-platform/configuration-management-database-cmdb/cmdb-coverage-explore.md","65","cmdb-coverage-properties.md#section_d4d_xmw_l3c","markdown/servicenow-platform/configuration-management-database-cmdb/cmdb-coverage-properties.md#section_d4d_xmw_l3c","markdown-link","Custom system property","",""
"markdown","missing target anchor","markdown/servicenow-platform/configuration-management-database-cmdb/cmdb-coverage-explore.md","101","cmdb-coverage-scheduled-jobs.md#section_m5f_xtv_l3c","markdown/servicenow-platform/configuration-management-database-cmdb/cmdb-coverage-scheduled-jobs.md#section_m5f_xtv_l3c","markdown-link","Reconcile and correlate IPAM data with discovered CIs","",""
"markdown","missing target anchor","markdown/servicenow-platform/configuration-management-database-cmdb/cmdb-coverage-explore.md","109","cmdb-coverage-scheduled-jobs.md#section_l1x_c5v_l3c","markdown/servicenow-platform/configuration-management-database-cmdb/cmdb-coverage-scheduled-jobs.md#section_l1x_c5v_l3c","markdown-link","Analyze IP address usage per subnet","",""
"markdown","missing target anchor","markdown/servicenow-platform/configuration-management-database-cmdb/cmdb-sa-df-dashboard.md","72","cmdb-sa-df-dashboard.md#section_opb_gpl_k3c","markdown/servicenow-platform/configuration-management-database-cmdb/cmdb-sa-df-dashboard.md#section_opb_gpl_k3c","markdown-link","CIs missing key attributes","",""
"markdown","missing target anchor","markdown/servicenow-platform/configuration-management-database-cmdb/cmdb-sa-df-dashboard.md","134","cmdb-sa-df-indicators.md#df-ci-missing-name","markdown/servicenow-platform/configuration-management-database-cmdb/cmdb-sa-df-indicators.md#df-ci-missing-name","markdown-link","DF CIs missing name","",""
"markdown","missing target anchor","markdown/servicenow-platform/configuration-management-database-cmdb/cmdb-sa-df-dashboard.md","135","cmdb-sa-df-indicators.md#df-ci-missing-managed-group","markdown/servicenow-platform/configuration-management-database-cmdb/cmdb-sa-df-indicators.md#df-ci-missing-managed-group","markdown-link","DF CIs missing managed by group","",""
"markdown","missing target anchor","markdown/servicenow-platform/configuration-management-database-cmdb/cmdb-sa-df-dashboard.md","136","cmdb-sa-df-indicators.md#df-ci-missing-location","markdown/servicenow-platform/configuration-management-database-cmdb/cmdb-sa-df-indicators.md#df-ci-missing-location","markdown-link","DF CIs missing location","",""
"markdown","missing target anchor","markdown/servicenow-platform/configuration-management-database-cmdb/cmdb-sa-df-dashboard.md","164","cmdb-sa-df-indicators.md#df-ci-not-updated-14","markdown/servicenow-platform/configuration-management-database-cmdb/cmdb-sa-df-indicators.md#df-ci-not-updated-14","markdown-link","DF CIs not updated in last 14 days","",""
"markdown","missing target anchor","markdown/servicenow-platform/configuration-management-database-cmdb/cmdb-sa-df-dashboard.md","164","cmdb-sa-df-indicators.md#df-ci-not-updated-7","markdown/servicenow-platform/configuration-management-database-cmdb/cmdb-sa-df-indicators.md#df-ci-not-updated-7","markdown-link","DF CIs not updated in last 7 days","",""
"markdown","missing target anchor","markdown/servicenow-platform/configuration-management-database-cmdb/cmdb-sa-df-dashboard.md","166","cmdb-sa-df-indicators.md#df-ci-not-updated-30","markdown/servicenow-platform/configuration-management-database-cmdb/cmdb-sa-df-indicators.md#df-ci-not-updated-30","markdown-link","DF CIs not updated in last 30 days","",""
"markdown","missing target anchor","markdown/servicenow-platform/configuration-management-database-cmdb/cmdb-sa-df-dashboard.md","168","cmdb-sa-df-indicators.md#df-ci-not-updated-60","markdown/servicenow-platform/configuration-management-database-cmdb/cmdb-sa-df-indicators.md#df-ci-not-updated-60","markdown-link","DF CIs not updated in last 60 days","",""
"markdown","missing target anchor","markdown/servicenow-platform/configuration-management-database-cmdb/cmdb-sa-df-dashboard.md","170","cmdb-sa-df-indicators.md#df-ci-not-updated-90","markdown/servicenow-platform/configuration-management-database-cmdb/cmdb-sa-df-indicators.md#df-ci-not-updated-90","markdown-link","DF CIs not updated in last 90 days","",""
"markdown","missing target anchor","markdown/servicenow-platform/configuration-management-database-cmdb/cmdb-sa-df-dashboard.md","184","cmdb-sa-df-indicators.md#df-duplicate-cis","markdown/servicenow-platform/configuration-management-database-cmdb/cmdb-sa-df-indicators.md#df-duplicate-cis","markdown-link","DF duplicate CIs","",""
"markdown","missing target anchor","markdown/servicenow-platform/configuration-management-database-cmdb/cmdb-sa-ham-dashboard.md","74","cmdb-sa-ham-dashboard.md#section_tgc_yz3_fgc","markdown/servicenow-platform/configuration-management-database-cmdb/cmdb-sa-ham-dashboard.md#section_tgc_yz3_fgc","markdown-link","CIs missing model data and other key attributes","",""
"markdown","missing target anchor","markdown/servicenow-platform/configuration-management-database-cmdb/cmdb-sa-ham-dashboard.md","76","cmdb-sa-ham-dashboard.md#section_hmb_vmj_fgc","markdown/servicenow-platform/configuration-management-database-cmdb/cmdb-sa-ham-dashboard.md#section_hmb_vmj_fgc","markdown-link","CI and asset-related issues","",""
"markdown","missing target anchor","markdown/servicenow-platform/configuration-management-database-cmdb/cmdb-sa-ham-dashboard.md","137","cmdb-sa-ham-dashboard-indicators.md#ci-missing-model-name","markdown/servicenow-platform/configuration-management-database-cmdb/cmdb-sa-ham-dashboard-indicators.md#ci-missing-model-name","markdown-link","CIs missing model name","",""
"markdown","missing target anchor","markdown/servicenow-platform/configuration-management-database-cmdb/cmdb-sa-ham-dashboard.md","138","cmdb-sa-ham-dashboard-indicators.md#ci-missing-model-number","markdown/servicenow-platform/configuration-management-database-cmdb/cmdb-sa-ham-dashboard-indicators.md#ci-missing-model-number","markdown-link","CIs missing model number","",""
"markdown","missing target anchor","markdown/servicenow-platform/configuration-management-database-cmdb/cmdb-sa-ham-dashboard.md","139","cmdb-sa-ham-dashboard-indicators.md#ci-missing-manufacturer","markdown/servicenow-platform/configuration-management-database-cmdb/cmdb-sa-ham-dashboard-indicators.md#ci-missing-manufacturer","markdown-link","CIs missing manufacturer","",""
"markdown","missing target anchor","markdown/servicenow-platform/configuration-management-database-cmdb/cmdb-sa-ham-dashboard.md","140","cmdb-sa-ham-dashboard-indicators.md#ci-missing-model-id","markdown/servicenow-platform/configuration-management-database-cmdb/cmdb-sa-ham-dashboard-indicators.md#ci-missing-model-id","markdown-link","CIs missing model ID","",""
"markdown","missing target anchor","markdown/servicenow-platform/configuration-management-database-cmdb/cmdb-sa-ham-dashboard.md","141","cmdb-sa-ham-dashboard-indicators.md#ci-missing-assigned-to","markdown/servicenow-platform/configuration-management-database-cmdb/cmdb-sa-ham-dashboard-indicators.md#ci-missing-assigned-to","markdown-link","CIs missing assigned to","",""
"markdown","missing target anchor","markdown/servicenow-platform/configuration-management-database-cmdb/cmdb-sa-ham-dashboard.md","142","cmdb-sa-ham-dashboard-indicators.md#ci-missing-location","markdown/servicenow-platform/configuration-management-database-cmdb/cmdb-sa-ham-dashboard-indicators.md#ci-missing-location","markdown-link","CIs missing location","",""
"markdown","missing target anchor","markdown/servicenow-platform/configuration-management-database-cmdb/cmdb-sa-ham-dashboard.md","143","cmdb-sa-ham-dashboard-indicators.md#ci-missing-owner","markdown/servicenow-platform/configuration-management-database-cmdb/cmdb-sa-ham-dashboard-indicators.md#ci-missing-owner","markdown-link","CIs missing owner","",""
"markdown","missing target anchor","markdown/servicenow-platform/configuration-management-database-cmdb/cmdb-sa-ham-dashboard.md","144","cmdb-sa-ham-dashboard-indicators.md#ci-missing-managed-by-grp","markdown/servicenow-platform/configuration-management-database-cmdb/cmdb-sa-ham-dashboard-indicators.md#ci-missing-managed-by-grp","markdown-link","CIs missing managed by group","",""
"markdown","missing target anchor","markdown/servicenow-platform/configuration-management-database-cmdb/cmdb-sa-ham-dashboard.md","145","cmdb-sa-ham-dashboard-indicators.md#ci-missing-serial-number","markdown/servicenow-platform/configuration-management-database-cmdb/cmdb-sa-ham-dashboard-indicators.md#ci-missing-serial-number","markdown-link","CIs missing serial number","",""
"markdown","missing target anchor","markdown/servicenow-platform/configuration-management-database-cmdb/cmdb-sa-ham-dashboard.md","175","cmdb-sa-ham-dashboard-indicators.md#ci-not-updated-14","markdown/servicenow-platform/configuration-management-database-cmdb/cmdb-sa-ham-dashboard-indicators.md#ci-not-updated-14","markdown-link","CIs not updated in last 14 days","",""
"markdown","missing target anchor","markdown/servicenow-platform/configuration-management-database-cmdb/cmdb-sa-ham-dashboard.md","175","cmdb-sa-ham-dashboard-indicators.md#ci-not-updated-7","markdown/servicenow-platform/configuration-management-database-cmdb/cmdb-sa-ham-dashboard-indicators.md#ci-not-updated-7","markdown-link","CIs not updated in last 7 days","",""
"markdown","missing target anchor","markdown/servicenow-platform/configuration-management-database-cmdb/cmdb-sa-ham-dashboard.md","177","cmdb-sa-ham-dashboard-indicators.md#ci-not-updated-30","markdown/servicenow-platform/configuration-management-database-cmdb/cmdb-sa-ham-dashboard-indicators.md#ci-not-updated-30","markdown-link","CIs not updated in last 30 days","",""
"markdown","missing target anchor","markdown/servicenow-platform/configuration-management-database-cmdb/cmdb-sa-ham-dashboard.md","179","cmdb-sa-ham-dashboard-indicators.md#ci-not-updated-60","markdown/servicenow-platform/configuration-management-database-cmdb/cmdb-sa-ham-dashboard-indicators.md#ci-not-updated-60","markdown-link","CIs not updated in last 60 days","",""
"markdown","missing target anchor","markdown/servicenow-platform/configuration-management-database-cmdb/cmdb-sa-ham-dashboard.md","181","cmdb-sa-ham-dashboard-indicators.md#ci-not-updated-90","markdown/servicenow-platform/configuration-management-database-cmdb/cmdb-sa-ham-dashboard-indicators.md#ci-not-updated-90","markdown-link","CIs not updated in last 90 days","",""
"markdown","missing target anchor","markdown/servicenow-platform/configuration-management-database-cmdb/cmdb-sa-ham-dashboard.md","195","cmdb-sa-ham-dashboard-indicators.md#hw-ci-group-by","markdown/servicenow-platform/configuration-management-database-cmdb/cmdb-sa-ham-dashboard-indicators.md#hw-ci-group-by","markdown-link","Hardware CIs group by","",""
"markdown","missing target anchor","markdown/servicenow-platform/configuration-management-database-cmdb/cmdb-sa-ham-dashboard.md","224","cmdb-sa-ham-dashboard-indicators.md#ci-missing-asset","markdown/servicenow-platform/configuration-management-database-cmdb/cmdb-sa-ham-dashboard-indicators.md#ci-missing-asset","markdown-link","CIs missing asset","",""
"markdown","missing target anchor","markdown/servicenow-platform/configuration-management-database-cmdb/cmdb-sa-ham-dashboard.md","236","cmdb-sa-ham-dashboard-indicators.md#asset-created-virtual-ci","markdown/servicenow-platform/configuration-management-database-cmdb/cmdb-sa-ham-dashboard-indicators.md#asset-created-virtual-ci","markdown-link","Assets created for virtual CIs","",""
"markdown","missing target anchor","markdown/servicenow-platform/configuration-management-database-cmdb/cmdb-sa-ham-dashboard.md","248","cmdb-sa-ham-dashboard-indicators.md#assets-missing","markdown/servicenow-platform/configuration-management-database-cmdb/cmdb-sa-ham-dashboard-indicators.md#assets-missing","markdown-link","Assets missing CI","",""
"markdown","missing target anchor","markdown/servicenow-platform/configuration-management-database-cmdb/cmdb-sa-ham-dashboard.md","260","cmdb-sa-ham-dashboard-indicators.md#ci-install-status-asset-state-matched","markdown/servicenow-platform/configuration-management-database-cmdb/cmdb-sa-ham-dashboard-indicators.md#ci-install-status-asset-state-matched","markdown-link","CI install status vs. asset state matched","",""
"markdown","missing target anchor","markdown/servicenow-platform/configuration-management-database-cmdb/cmdb-sa-ham-dashboard.md","260","cmdb-sa-ham-dashboard-indicators.md#ci-install-status-asset-state-mismatched","markdown/servicenow-platform/configuration-management-database-cmdb/cmdb-sa-ham-dashboard-indicators.md#ci-install-status-asset-state-mismatched","markdown-link","CI install status vs. asset state mismatched","",""
"markdown","missing target anchor","markdown/servicenow-platform/configuration-management-database-cmdb/cmdb360-exp-cmdb-workspace.md","40","workspc-mltsrc-configure.md#substeps_my2_p3z_dvb","markdown/servicenow-platform/configuration-management-database-cmdb/workspc-mltsrc-configure.md#substeps_my2_p3z_dvb","markdown-link","Number of days since CIs were last discovered by a discovery source","",""
"markdown","missing target anchor","markdown/servicenow-platform/configuration-management-database-cmdb/cmdb360-exp-cmdb-workspace.md","55","workspc-mltsrc-configure.md#substeps_my2_p3z_dvb","markdown/servicenow-platform/configuration-management-database-cmdb/workspc-mltsrc-configure.md#substeps_my2_p3z_dvb","markdown-link","Data mismatch","",""
"markdown","missing target anchor","markdown/servicenow-platform/configuration-management-database-cmdb/sg-workspace-ingestion-view.md","31","sg-workspace-ingestion-view.md#section_lrx_f51_cjc","markdown/servicenow-platform/configuration-management-database-cmdb/sg-workspace-ingestion-view.md#section_lrx_f51_cjc","markdown-link","Ingested and processed data","",""
"markdown","missing target anchor","markdown/servicenow-platform/configuration-management-database-cmdb/sg-workspace-ingestion-view.md","32","sg-workspace-ingestion-view.md#section_gps_l51_cjc","markdown/servicenow-platform/configuration-management-database-cmdb/sg-workspace-ingestion-view.md#section_gps_l51_cjc","markdown-link","Data processing performance","",""
"markdown","missing target anchor","markdown/servicenow-platform/configuration-management-database-cmdb/sg-workspace-ingestion-view.md","33","sg-workspace-ingestion-view.md#section_w2h_n51_cjc","markdown/servicenow-platform/configuration-management-database-cmdb/sg-workspace-ingestion-view.md#section_w2h_n51_cjc","markdown-link","Filters","",""
"markdown","missing target anchor","markdown/servicenow-platform/configuration-management-database-cmdb/sg-workspace-ingestion-view.md","199","sg-workspace-ingestion-view.md#section_w2h_n51_cjc","markdown/servicenow-platform/configuration-management-database-cmdb/sg-workspace-ingestion-view.md#section_w2h_n51_cjc","markdown-link","selected filters","",""
"markdown","missing target anchor","markdown/servicenow-platform/configuration-management-database-cmdb/sg-workspace-ingestion-view.md","203","sg-workspace-ingestion-view.md#importset","markdown/servicenow-platform/configuration-management-database-cmdb/sg-workspace-ingestion-view.md#importset","markdown-link","SGC.Integrations.ImportSet","",""
"markdown","missing target anchor","markdown/servicenow-platform/configuration-management-database-cmdb/sg-workspace-ingestion-view.md","205","sg-workspace-ingestion-view.md#succ-import-set","markdown/servicenow-platform/configuration-management-database-cmdb/sg-workspace-ingestion-view.md#succ-import-set","markdown-link","SGC.Fully.successful.ImportSet","",""
"markdown","missing target anchor","markdown/servicenow-platform/configuration-management-database-cmdb/sg-workspace-ingestion-view.md","207","sg-workspace-ingestion-view.md#part-succ-import-set","markdown/servicenow-platform/configuration-management-database-cmdb/sg-workspace-ingestion-view.md#part-succ-import-set","markdown-link","SGC.Part.success.ImportSet","",""
"markdown","missing target anchor","markdown/servicenow-platform/configuration-management-database-cmdb/sg-workspace-ingestion-view.md","209","sg-workspace-ingestion-view.md#error-import-set","markdown/servicenow-platform/configuration-management-database-cmdb/sg-workspace-ingestion-view.md#error-import-set","markdown-link","SGC.Fully.error.ImportSet","",""
"markdown","missing target anchor","markdown/servicenow-platform/configuration-management-database-cmdb/sg-workspace-ingestion-view.md","217","sg-workspace-ingestion-view.md#section_w2h_n51_cjc","markdown/servicenow-platform/configuration-management-database-cmdb/sg-workspace-ingestion-view.md#section_w2h_n51_cjc","markdown-link","selected filters","",""
"markdown","missing target anchor","markdown/servicenow-platform/configuration-management-database-cmdb/sg-workspace-ingestion-view.md","221","sg-workspace-ingestion-view.md#import-set-rows","markdown/servicenow-platform/configuration-management-database-cmdb/sg-workspace-ingestion-view.md#import-set-rows","markdown-link","SGC.Integrations.Importset.rows.ingested","",""
"markdown","missing target anchor","markdown/servicenow-platform/configuration-management-database-cmdb/sg-workspace-ingestion-view.md","229","sg-workspace-ingestion-view.md#section_w2h_n51_cjc","markdown/servicenow-platform/configuration-management-database-cmdb/sg-workspace-ingestion-view.md#section_w2h_n51_cjc","markdown-link","selected filters","",""
"markdown","missing target anchor","markdown/servicenow-platform/configuration-management-database-cmdb/sg-workspace-ingestion-view.md","241","sg-workspace-ingestion-view.md#section_w2h_n51_cjc","markdown/servicenow-platform/configuration-management-database-cmdb/sg-workspace-ingestion-view.md#section_w2h_n51_cjc","markdown-link","selected filters","",""
"markdown","missing target anchor","markdown/servicenow-platform/configuration-management-database-cmdb/sg-workspace-ingestion-view.md","270","sg-workspace-ingestion-view.md#section_w2h_n51_cjc","markdown/servicenow-platform/configuration-management-database-cmdb/sg-workspace-ingestion-view.md#section_w2h_n51_cjc","markdown-link","selected filters","",""
"markdown","missing target anchor","markdown/servicenow-platform/configuration-management-database-cmdb/sg-workspace-ingestion-view.md","274","sg-workspace-ingestion-view.md#records-added","markdown/servicenow-platform/configuration-management-database-cmdb/sg-workspace-ingestion-view.md#records-added","markdown-link","Records added","",""
"markdown","missing target anchor","markdown/servicenow-platform/configuration-management-database-cmdb/sg-workspace-ingestion-view.md","276","sg-workspace-ingestion-view.md#records-updated","markdown/servicenow-platform/configuration-management-database-cmdb/sg-workspace-ingestion-view.md#records-updated","markdown-link","Records updated","",""
"markdown","missing target anchor","markdown/servicenow-platform/configuration-management-database-cmdb/sg-workspace-ingestion-view.md","278","sg-workspace-ingestion-view.md#errors","markdown/servicenow-platform/configuration-management-database-cmdb/sg-workspace-ingestion-view.md#errors","markdown-link","Errors","",""
"markdown","missing target anchor","markdown/servicenow-platform/configuration-management-database-cmdb/sgcc-configure-apigee-x.md","76","sgcc-configure-apigee-x.md#keystorepwd","markdown/servicenow-platform/configuration-management-database-cmdb/sgcc-configure-apigee-x.md#keystorepwd","markdown-link","previous step","",""
"markdown","missing target anchor","markdown/servicenow-platform/configuration-management-database-cmdb/sgcc-configure-apigee-x.md","80","sgcc-configure-apigee-x.md#create-p12","markdown/servicenow-platform/configuration-management-database-cmdb/sgcc-configure-apigee-x.md#create-p12","markdown-link","previous step","",""
"markdown","missing target anchor","markdown/servicenow-platform/configuration-management-database-cmdb/sgcc-configure-apigee-x.md","92","sgcc-configure-apigee-x.md#create-p12","markdown/servicenow-platform/configuration-management-database-cmdb/sgcc-configure-apigee-x.md#create-p12","markdown-link","previous step","",""
"markdown","missing target anchor","markdown/servicenow-platform/configuration-management-database-cmdb/sgcc-configure-apigee-x.md","93","sgcc-configure-apigee-x.md#create-p12","markdown/servicenow-platform/configuration-management-database-cmdb/sgcc-configure-apigee-x.md#create-p12","markdown-link","previous step","",""
"markdown","missing target anchor","markdown/servicenow-platform/configuration-management-database-cmdb/sgcc-configure-apigee-x.md","94","sgcc-configure-apigee-x.md#keystorepwd","markdown/servicenow-platform/configuration-management-database-cmdb/sgcc-configure-apigee-x.md#keystorepwd","markdown-link","previous step","",""
"markdown","missing target anchor","markdown/servicenow-platform/configuration-management-database-cmdb/sgcc-configure-aws-api-gateway.md","126","sgcc-configure-aws-api-gateway.md#exist-props","markdown/servicenow-platform/configuration-management-database-cmdb/sgcc-configure-aws-api-gateway.md#exist-props","markdown-link","7.b","",""
"markdown","missing target anchor","markdown/servicenow-platform/configuration-management-database-cmdb/sgcc-configure-kong-gateway.md","138","sgcc-configure-kong-gateway.md#prometheus-connection","markdown/servicenow-platform/configuration-management-database-cmdb/sgcc-configure-kong-gateway.md#prometheus-connection","markdown-link","9","",""
"markdown","missing target anchor","markdown/servicenow-platform/configuration-management-database-cmdb/sgcc-configure-kong-gateway.md","138","sgcc-configure-kong-gateway.md#prometheus-connection","markdown/servicenow-platform/configuration-management-database-cmdb/sgcc-configure-kong-gateway.md#prometheus-connection","markdown-link","9","",""
"markdown","missing target anchor","markdown/servicenow-platform/document-management-services/view-attachment-doc-viewer.md","26","Documentviewer.md#ul_jvx_dzy_whb","markdown/servicenow-platform/document-management-services/Documentviewer.md#ul_jvx_dzy_whb","markdown-link","document types","",""
"markdown","missing target anchor","markdown/servicenow-platform/mid-server/mid-server-parameters.md","109","ecc-queue-mid-server.md#section_b5j_ysv_s1b","markdown/servicenow-platform/mid-server/ecc-queue-mid-server.md#section_b5j_ysv_s1b","markdown-link","Asynchronous Message Bus","",""
"markdown","missing target anchor","markdown/servicenow-platform/mid-server/mid-server-parameters.md","141","ecc-queue-mid-server.md#section_b5j_ysv_s1b","markdown/servicenow-platform/mid-server/ecc-queue-mid-server.md#section_b5j_ysv_s1b","markdown-link","Asynchronous Message Bus","",""
"markdown","missing target anchor","markdown/servicenow-platform/password-reset/t_CreateAPasswordResetProcess.md","81","configure-password-reset-form.md#table_alq_tgk_xvb","markdown/servicenow-platform/password-reset/configure-password-reset-form.md#table_alq_tgk_xvb","markdown-link","Description of the fields on the **Advanced** tab","",""
"markdown","missing target anchor","markdown/servicenow-platform/service-catalog/c_DefineVariableSetLayout.md","22","r_VariableTypes.md#sect_MultipleChoice","markdown/servicenow-platform/service-catalog/r_VariableTypes.md#sect_MultipleChoice","markdown-link","multiple choice","",""
"markdown","missing target anchor","markdown/servicenow-platform/service-catalog/c_DefineVariableSetLayout.md","46","r_VariableTypes.md#sect_Container","markdown/servicenow-platform/service-catalog/r_VariableTypes.md#sect_Container","markdown-link","container variables","",""
"markdown","missing target anchor","markdown/servicenow-platform/service-catalog/catalog-items-wishlist.md","36","service-catalog-screens.md#fig_jzm_byk_vw","markdown/servicenow-platform/service-catalog/service-catalog-screens.md#fig_jzm_byk_vw","markdown-link","wish list cart","",""
"markdown","missing target anchor","markdown/servicenow-platform/service-catalog/explore-now-assist-for-catalog-generate.md","58","catalog-builder.md#section_n4v_4ct_h4b","markdown/servicenow-platform/service-catalog/catalog-builder.md#section_n4v_4ct_h4b","markdown-link","Limitations","",""
"markdown","missing target anchor","markdown/servicenow-platform/service-graph-connectors/cmdb-data-mapping-aws.md","798","cmdb-aws-classes.md#section_bfg_zlg_fxb","markdown/servicenow-platform/service-graph-connectors/cmdb-aws-classes.md#section_bfg_zlg_fxb","markdown-link","Software Packages","",""
"markdown","missing target anchor","markdown/servicenow-platform/service-graph-connectors/cmdb-integration-intune.md","146","cmdb-intune-classes.md#section_abw_2dv_lbc","markdown/servicenow-platform/service-graph-connectors/cmdb-intune-classes.md#section_abw_2dv_lbc","markdown-link","Network Adapter","",""
"markdown","missing target anchor","markdown/servicenow-platform/service-graph-connectors/cmdb-integration-intune.md","202","cmdb-intune-classes.md#section_abw_2dv_lbc","markdown/servicenow-platform/service-graph-connectors/cmdb-intune-classes.md#section_abw_2dv_lbc","markdown-link","Network adapter","",""
"markdown","missing target anchor","markdown/servicenow-platform/service-graph-connectors/cmdb-sgc-azure-props.md","51","cmdb-sgc-azure-props.md#section_rrf_frg_23c","markdown/servicenow-platform/service-graph-connectors/cmdb-sgc-azure-props.md#section_rrf_frg_23c","markdown-link","Custom system properties","",""
"markdown","missing target anchor","markdown/servicenow-platform/service-graph-connectors/configure-aws-integration.md","427","configure-aws-integration.md#aws-cred-0","markdown/servicenow-platform/service-graph-connectors/configure-aws-integration.md#aws-cred-0","markdown-link","4.a","",""
"markdown","missing target anchor","markdown/servicenow-platform/service-graph-connectors/configure-aws-integration.md","432","configure-aws-integration.md#ec2","markdown/servicenow-platform/service-graph-connectors/configure-aws-integration.md#ec2","markdown-link","5.b","",""
"markdown","missing target anchor","markdown/servicenow-platform/service-graph-connectors/configure-aws-integration.md","432","configure-aws-integration.md#ec2-end","markdown/servicenow-platform/service-graph-connectors/configure-aws-integration.md#ec2-end","markdown-link","5.d","",""
"markdown","missing target anchor","markdown/servicenow-platform/service-graph-connectors/configure-aws-integration.md","484","configure-aws-integration.md#exe-job","markdown/servicenow-platform/service-graph-connectors/configure-aws-integration.md#exe-job","markdown-link","7.e","",""
"markdown","missing target anchor","markdown/servicenow-platform/service-graph-connectors/configure-aws-integration.md","484","configure-aws-integration.md#select-job","markdown/servicenow-platform/service-graph-connectors/configure-aws-integration.md#select-job","markdown-link","7.c","",""
"markdown","missing target anchor","markdown/servicenow-platform/service-graph-connectors/configure-aws-integration.md","549","configure-aws-integration.md#aws-prop","markdown/servicenow-platform/service-graph-connectors/configure-aws-integration.md#aws-prop","markdown-link","4.c","",""
"markdown","missing target anchor","markdown/servicenow-platform/service-graph-connectors/configure-aws-integration.md","555","configure-aws-integration.md#step-eks","markdown/servicenow-platform/service-graph-connectors/configure-aws-integration.md#step-eks","markdown-link","5","",""
"markdown","missing target anchor","markdown/servicenow-platform/service-graph-connectors/configure-aws-integration.md","566","configure-aws-integration.md#new-import-1","markdown/servicenow-platform/service-graph-connectors/configure-aws-integration.md#new-import-1","markdown-link","8.i.iii","",""
"markdown","missing target anchor","markdown/servicenow-platform/service-graph-connectors/configure-aws-integration.md","566","configure-aws-integration.md#new-import-2","markdown/servicenow-platform/service-graph-connectors/configure-aws-integration.md#new-import-2","markdown-link","8.i.v","",""
"markdown","missing target anchor","markdown/servicenow-platform/service-graph-connectors/configure-azure-integration.md","63","configure-azure-integration.md#app","markdown/servicenow-platform/service-graph-connectors/configure-azure-integration.md#app","markdown-link","3.b.v","",""
"markdown","missing target anchor","markdown/servicenow-platform/service-graph-connectors/configure-azure-integration.md","63","configure-azure-integration.md#global","markdown/servicenow-platform/service-graph-connectors/configure-azure-integration.md#global","markdown-link","3.b.ii","",""
"markdown","missing target anchor","markdown/servicenow-platform/service-graph-connectors/configure-azure-integration.md","149","configure-azure-integration.md#azure-oauth-details","markdown/servicenow-platform/service-graph-connectors/configure-azure-integration.md#azure-oauth-details","markdown-link","4.a","",""
"markdown","missing target anchor","markdown/servicenow-platform/service-graph-connectors/configure-azure-integration.md","157","configure-azure-integration.md#azure-oauth-details","markdown/servicenow-platform/service-graph-connectors/configure-azure-integration.md#azure-oauth-details","markdown-link","4.a","",""
"markdown","missing target anchor","markdown/servicenow-platform/service-graph-connectors/configure-azure-integration.md","191","configure-azure-integration.md#azure-oauth-details","markdown/servicenow-platform/service-graph-connectors/configure-azure-integration.md#azure-oauth-details","markdown-link","4.a","",""
"markdown","missing target anchor","markdown/servicenow-platform/service-graph-connectors/configure-azure-integration.md","220","configure-azure-integration.md#azure-oauth-details","markdown/servicenow-platform/service-graph-connectors/configure-azure-integration.md#azure-oauth-details","markdown-link","4.a","",""
"markdown","missing target anchor","markdown/servicenow-platform/service-graph-connectors/configure-azure-integration.md","272","configure-azure-integration.md#hw-connection","markdown/servicenow-platform/service-graph-connectors/configure-azure-integration.md#hw-connection","markdown-link","4.b.iv","",""
"markdown","missing target anchor","markdown/servicenow-platform/service-graph-connectors/configure-azure-integration.md","284","configure-azure-integration.md#config-log-ws","markdown/servicenow-platform/service-graph-connectors/configure-azure-integration.md#config-log-ws","markdown-link","5.a.ii","",""
"markdown","missing target anchor","markdown/servicenow-platform/service-graph-connectors/configure-azure-integration.md","296","configure-azure-integration.md#azure-oauth-details","markdown/servicenow-platform/service-graph-connectors/configure-azure-integration.md#azure-oauth-details","markdown-link","4.a","",""
"markdown","missing target anchor","markdown/servicenow-platform/service-graph-connectors/configure-azure-integration.md","304","configure-azure-integration.md#azure-oauth-details","markdown/servicenow-platform/service-graph-connectors/configure-azure-integration.md#azure-oauth-details","markdown-link","4.a","",""
"markdown","missing target anchor","markdown/servicenow-platform/service-graph-connectors/configure-azure-integration.md","338","configure-azure-integration.md#azure-oauth-details","markdown/servicenow-platform/service-graph-connectors/configure-azure-integration.md#azure-oauth-details","markdown-link","4.a","",""
"markdown","missing target anchor","markdown/servicenow-platform/service-graph-connectors/configure-dynatrace-integration.md","423","configure-dynatrace-integration.md#substep_bbt_zxg_s1c","markdown/servicenow-platform/service-graph-connectors/configure-dynatrace-integration.md#substep_bbt_zxg_s1c","markdown-link","8.g","",""
"markdown","missing target anchor","markdown/servicenow-platform/service-graph-connectors/configure-dynatrace-integration.md","424","configure-dynatrace-integration.md#substep_x21_3yg_s1c","markdown/servicenow-platform/service-graph-connectors/configure-dynatrace-integration.md#substep_x21_3yg_s1c","markdown-link","8.f","",""
"markdown","missing target anchor","markdown/servicenow-platform/service-graph-connectors/configure-intune-integration.md","223","configure-intune-integration.md#app","markdown/servicenow-platform/service-graph-connectors/configure-intune-integration.md#app","markdown-link","6.f","",""
"markdown","missing target anchor","markdown/servicenow-platform/service-graph-connectors/configure-intune-integration.md","223","configure-intune-integration.md#global","markdown/servicenow-platform/service-graph-connectors/configure-intune-integration.md#global","markdown-link","6.c","",""
"markdown","missing target anchor","markdown/servicenow-platform/service-graph-connectors/configure-intune-integration.md","470","configure-intune-integration.md#exe-job","markdown/servicenow-platform/service-graph-connectors/configure-intune-integration.md#exe-job","markdown-link","11.a.iv","",""
"markdown","missing target anchor","markdown/servicenow-platform/service-graph-connectors/configure-intune-integration.md","470","configure-intune-integration.md#select-job","markdown/servicenow-platform/service-graph-connectors/configure-intune-integration.md#select-job","markdown-link","11.a.ii","",""
"markdown","missing target anchor","markdown/servicenow-platform/service-graph-connectors/configure-intune-integration.md","519","configure-intune-integration.md#add-multi-instance","markdown/servicenow-platform/service-graph-connectors/configure-intune-integration.md#add-multi-instance","markdown-link","Add Multiple Instances","",""
"markdown","missing target anchor","markdown/servicenow-platform/service-graph-connectors/configure-intune-integration.md","558","configure-intune-integration.md#exe-job","markdown/servicenow-platform/service-graph-connectors/configure-intune-integration.md#exe-job","markdown-link","11.a.iv","",""
"markdown","missing target anchor","markdown/servicenow-platform/service-graph-connectors/configure-intune-integration.md","558","configure-intune-integration.md#select-job","markdown/servicenow-platform/service-graph-connectors/configure-intune-integration.md#select-job","markdown-link","11.a.ii","",""
"markdown","missing target anchor","markdown/servicenow-platform/service-graph-connectors/configure-intune-integration.md","559","configure-intune-integration.md#data-import-exe","markdown/servicenow-platform/service-graph-connectors/configure-intune-integration.md#data-import-exe","markdown-link","11.b.iv","",""
"markdown","missing target anchor","markdown/servicenow-platform/service-graph-connectors/configure-intune-integration.md","559","configure-intune-integration.md#data-import-start","markdown/servicenow-platform/service-graph-connectors/configure-intune-integration.md#data-import-start","markdown-link","11.b.ii","",""
"markdown","missing target anchor","markdown/servicenow-platform/service-graph-connectors/configure-jamf-integration.md","64","configure-jamf-integration.md#client-credentials","markdown/servicenow-platform/service-graph-connectors/configure-jamf-integration.md#client-credentials","markdown-link","4.c","",""
"markdown","missing target anchor","markdown/servicenow-platform/service-graph-connectors/configure-jamf-integration.md","106","configure-jamf-integration.md#client-credentials","markdown/servicenow-platform/service-graph-connectors/configure-jamf-integration.md#client-credentials","markdown-link","4.c","",""
"markdown","missing target anchor","markdown/servicenow-platform/service-graph-connectors/configure-jamf-integration.md","236","configure-jamf-integration.md#basic-credentials","markdown/servicenow-platform/service-graph-connectors/configure-jamf-integration.md#basic-credentials","markdown-link","4.a","",""
"markdown","missing target anchor","markdown/servicenow-platform/service-graph-connectors/configure-jamf-integration.md","398","configure-jamf-integration.md#exe-job","markdown/servicenow-platform/service-graph-connectors/configure-jamf-integration.md#exe-job","markdown-link","6.d","",""
"markdown","missing target anchor","markdown/servicenow-platform/service-graph-connectors/configure-jamf-integration.md","398","configure-jamf-integration.md#select-job","markdown/servicenow-platform/service-graph-connectors/configure-jamf-integration.md#select-job","markdown-link","6.b","",""
"markdown","missing target anchor","markdown/servicenow-platform/service-graph-connectors/configure-sccm-integration.md","73","configure-sccm-integration.md#app","markdown/servicenow-platform/service-graph-connectors/configure-sccm-integration.md#app","markdown-link","4.e","",""
"markdown","missing target anchor","markdown/servicenow-platform/service-graph-connectors/configure-sccm-integration.md","73","configure-sccm-integration.md#global","markdown/servicenow-platform/service-graph-connectors/configure-sccm-integration.md#global","markdown-link","4.b","",""
"markdown","missing target anchor","markdown/servicenow-platform/service-graph-connectors/configure-sccm-integration.md","77","configure-sccm-integration.md#substep_lsz_jdh_g3c","markdown/servicenow-platform/service-graph-connectors/configure-sccm-integration.md#substep_lsz_jdh_g3c","markdown-link","5.a","",""
"markdown","missing target anchor","markdown/servicenow-platform/service-graph-connectors/configure-sccm-integration.md","78","configure-sccm-integration.md#substep_tnj_mdh_g3c","markdown/servicenow-platform/service-graph-connectors/configure-sccm-integration.md#substep_tnj_mdh_g3c","markdown-link","5.b","",""
"markdown","missing target anchor","markdown/servicenow-platform/service-graph-connectors/configure-solarwinds-integration.md","205","configure-solarwinds-integration.md#app","markdown/servicenow-platform/service-graph-connectors/configure-solarwinds-integration.md#app","markdown-link","7.g","",""
"markdown","missing target anchor","markdown/servicenow-platform/service-graph-connectors/configure-solarwinds-integration.md","205","configure-solarwinds-integration.md#global","markdown/servicenow-platform/service-graph-connectors/configure-solarwinds-integration.md#global","markdown-link","7.d","",""
"markdown","missing target anchor","markdown/servicenow-platform/service-graph-connectors/configure-tanium-integration.md","69","configure-tanium-integration.md#step-value","markdown/servicenow-platform/service-graph-connectors/configure-tanium-integration.md#step-value","markdown-link","4.c.i","",""
"markdown","missing target anchor","markdown/servicenow-platform/service-graph-connectors/configure-tanium-integration.md","107","configure-tanium-integration.md#step-value","markdown/servicenow-platform/service-graph-connectors/configure-tanium-integration.md#step-value","markdown-link","4.c.i","",""
"markdown","missing target anchor","markdown/servicenow-platform/service-graph-connectors/configure-tanium-integration.md","170","configure-tanium-integration.md#config-view","markdown/servicenow-platform/service-graph-connectors/configure-tanium-integration.md#config-view","markdown-link","4.f.i","",""
"markdown","missing target anchor","markdown/servicenow-platform/service-graph-connectors/configure-tanium-integration.md","189","configure-tanium-integration.md#exe-job","markdown/servicenow-platform/service-graph-connectors/configure-tanium-integration.md#exe-job","markdown-link","5.d","",""
"markdown","missing target anchor","markdown/servicenow-platform/service-graph-connectors/configure-tanium-integration.md","189","configure-tanium-integration.md#select-job","markdown/servicenow-platform/service-graph-connectors/configure-tanium-integration.md#select-job","markdown-link","5.b","",""
"markdown","missing target anchor","markdown/servicenow-platform/service-graph-connectors/configure-tanium-integration.md","213","configure-tanium-integration.md#app","markdown/servicenow-platform/service-graph-connectors/configure-tanium-integration.md#app","markdown-link","6.g","",""
"markdown","missing target anchor","markdown/servicenow-platform/service-graph-connectors/configure-tanium-integration.md","213","configure-tanium-integration.md#global","markdown/servicenow-platform/service-graph-connectors/configure-tanium-integration.md#global","markdown-link","6.d","",""
"markdown","missing target anchor","markdown/servicenow-platform/service-graph-connectors/configure-tanium-integration.md","299","configure-tanium-integration.md#exe-job-2","markdown/servicenow-platform/service-graph-connectors/configure-tanium-integration.md#exe-job-2","markdown-link","6.h.iv","",""
"markdown","missing target anchor","markdown/servicenow-platform/service-graph-connectors/configure-tanium-integration.md","299","configure-tanium-integration.md#select-job-2","markdown/servicenow-platform/service-graph-connectors/configure-tanium-integration.md#select-job-2","markdown-link","6.h.ii","",""
"markdown","missing target anchor","markdown/servicenow-platform/service-graph-connectors/configure-workspace-one-integration.md","156","configure-workspace-one-integration.md#step_n4j_nfh_cgc","markdown/servicenow-platform/service-graph-connectors/configure-workspace-one-integration.md#step_n4j_nfh_cgc","markdown-link","5","",""
"markdown","missing target anchor","markdown/servicenow-platform/service-graph-connectors/configure-workspace-one-integration.md","156","configure-workspace-one-integration.md#step_vdc_nfh_cgc","markdown/servicenow-platform/service-graph-connectors/configure-workspace-one-integration.md#step_vdc_nfh_cgc","markdown-link","4","",""
"markdown","missing target anchor","markdown/servicenow-platform/service-graph-connectors/configure-workspace-one-integration.md","220","configure-workspace-one-integration.md#substep_mzy_kfd_1gc","markdown/servicenow-platform/service-graph-connectors/configure-workspace-one-integration.md#substep_mzy_kfd_1gc","markdown-link","9.g","",""
"markdown","missing target anchor","markdown/servicenow-platform/service-graph-connectors/configure-workspace-one-integration.md","220","configure-workspace-one-integration.md#substep_v4t_kfd_1gc","markdown/servicenow-platform/service-graph-connectors/configure-workspace-one-integration.md#substep_v4t_kfd_1gc","markdown-link","9.d","",""
"markdown","missing target anchor","markdown/servicenow-platform/service-graph-connectors/sgc-cmdb-aws-script-op.md","27","sgc-cmdb-aws-script-op.md#section_vfh_wyf_4zb","markdown/servicenow-platform/service-graph-connectors/sgc-cmdb-aws-script-op.md#section_vfh_wyf_4zb","markdown-link","Basic scripts![](../../../reuse/icons/brand-icons/bus-optimize-manage.svg)Scripts for configuring the AWS environment to import data by using the connector.","",""
"markdown","missing target anchor","markdown/servicenow-platform/service-graph-connectors/sgc-cmdb-aws-script-op.md","31","sgc-cmdb-aws-script-op.md#section_ahc_jwf_4zb","markdown/servicenow-platform/service-graph-connectors/sgc-cmdb-aws-script-op.md#section_ahc_jwf_4zb","markdown-link","Deep discovery scripts![](../../../reuse/icons/brand-icons/bus-discover.svg)Scripts for setting up deep discovery on Amazon Elastic Compute Cloud (Amazon EC2...","",""
"markdown","missing target anchor","markdown/servicenow-platform/service-graph-connectors/sgc-cmdb-aws-script-op.md","35","sgc-cmdb-aws-script-op.md#section_osh_4zf_4zb","markdown/servicenow-platform/service-graph-connectors/sgc-cmdb-aws-script-op.md#section_osh_4zf_4zb","markdown-link","Amazon EKS scripts![](../../../reuse/icons/brand-icons/bus-service-aware-cmdb.svg)Scripts for setting up Amazon Elastic Kubernetes Service (EKS) clusters.","",""
"markdown","missing target anchor","markdown/servicenow-platform/service-graph-connectors/sgc-cmdb-aws-scripts-prereq.md","26","sgc-cmdb-aws-script-op.md#section_ahc_jwf_4zb","markdown/servicenow-platform/service-graph-connectors/sgc-cmdb-aws-script-op.md#section_ahc_jwf_4zb","markdown-link","deep discovery scripts","",""
"markdown","missing target anchor","markdown/servicenow-platform/service-graph-connectors/sgc-cmdb-aws-scripts-prereq.md","74","sgc-cmdb-aws-scripts-prereq.md#creates3bucket","markdown/servicenow-platform/service-graph-connectors/sgc-cmdb-aws-scripts-prereq.md#creates3bucket","markdown-link","step 1","",""
"markdown","missing target anchor","markdown/servicenow-platform/service-graph-connectors/sgc-cmdb-aws-scripts-prereq.md","140","sgc-cmdb-aws-scripts-prereq.md#creates3bucket","markdown/servicenow-platform/service-graph-connectors/sgc-cmdb-aws-scripts-prereq.md#creates3bucket","markdown-link","step 1","",""
"markdown","missing target anchor","markdown/servicenow-platform/service-graph-connectors/sgc-cmdb-google-console.md","98","sgc-cmdb-google-console-classes.md#section_dtc_bjg_4bc","markdown/servicenow-platform/service-graph-connectors/sgc-cmdb-google-console-classes.md#section_dtc_bjg_4bc","markdown-link","IP Address","",""
"markdown","missing target anchor","markdown/servicenow-platform/service-graph-connectors/sgc-cmdb-opentelemetry-services.md","67","sgc-cmdb-opentelemetry-services.md#save-ci","markdown/servicenow-platform/service-graph-connectors/sgc-cmdb-opentelemetry-services.md#save-ci","markdown-link","5","",""
"markdown","missing target anchor","markdown/servicenow-platform/service-graph-connectors/sgc-cmdb-opentelemetry-services.md","67","sgc-cmdb-opentelemetry-services.md#select-ci","markdown/servicenow-platform/service-graph-connectors/sgc-cmdb-opentelemetry-services.md#select-ci","markdown-link","3","",""
"markdown","missing target anchor","markdown/servicenow-platform/service-graph-connectors/sgc-cmdb-solarwinds-airgap-high-secure.md","34","sgc-cmdb-solarwinds-airgap-high-secure.md#download-high-secure-ps-scripts","markdown/servicenow-platform/service-graph-connectors/sgc-cmdb-solarwinds-airgap-high-secure.md#download-high-secure-ps-scripts","markdown-link","2","",""
"markdown","missing target anchor","markdown/servicenow-platform/service-graph-connectors/sgc-cmdb-solarwinds-airgap-high-secure.md","38","sgc-cmdb-solarwinds-airgap-high-secure.md#step_otv_xyt_42c","markdown/servicenow-platform/service-graph-connectors/sgc-cmdb-solarwinds-airgap-high-secure.md#step_otv_xyt_42c","markdown-link","4","",""
"markdown","missing target anchor","markdown/servicenow-platform/service-graph-connectors/sgc-cmdb-solarwinds-airgap-low-secure.md","34","sgc-cmdb-solarwinds-airgap-low-secure.md#download-low-secure-ps-script","markdown/servicenow-platform/service-graph-connectors/sgc-cmdb-solarwinds-airgap-low-secure.md#download-low-secure-ps-script","markdown-link","2","",""
"markdown","missing target anchor","markdown/servicenow-platform/service-graph-connectors/sgc-cmdb-solarwinds-airgap-low-secure.md","38","sgc-cmdb-solarwinds-airgap-low-secure.md#step_zb4_k22_p2c","markdown/servicenow-platform/service-graph-connectors/sgc-cmdb-solarwinds-airgap-low-secure.md#step_zb4_k22_p2c","markdown-link","4","",""
"markdown","missing target anchor","markdown/servicenow-platform/service-graph-connectors/sgc-config-gcp-integration.md","74","sgc-config-gcp-integration.md#keystorepwd","markdown/servicenow-platform/service-graph-connectors/sgc-config-gcp-integration.md#keystorepwd","markdown-link","previous step","",""
"markdown","missing target anchor","markdown/servicenow-platform/service-graph-connectors/sgc-config-gcp-integration.md","78","sgc-config-gcp-integration.md#jks","markdown/servicenow-platform/service-graph-connectors/sgc-config-gcp-integration.md#jks","markdown-link","4.b","",""
"markdown","missing target anchor","markdown/servicenow-platform/service-graph-connectors/sgc-config-gcp-integration.md","111","sgc-config-gcp-integration.md#jks","markdown/servicenow-platform/service-graph-connectors/sgc-config-gcp-integration.md#jks","markdown-link","4.b","",""
"markdown","missing target anchor","markdown/servicenow-platform/service-graph-connectors/sgc-config-gcp-integration.md","218","sgc-config-gcp-integration.md#x509cert","markdown/servicenow-platform/service-graph-connectors/sgc-config-gcp-integration.md#x509cert","markdown-link","4.c","",""
"markdown","missing target anchor","markdown/servicenow-platform/service-graph-connectors/sgc-config-gcp-integration.md","256","sgc-config-gcp-integration.md#multi-inst-cert","markdown/servicenow-platform/service-graph-connectors/sgc-config-gcp-integration.md#multi-inst-cert","markdown-link","5.e","",""
"markdown","missing target anchor","markdown/servicenow-platform/service-graph-connectors/sgc-config-gcp-integration.md","302","sgc-config-gcp-integration.md#scheduled-import","markdown/servicenow-platform/service-graph-connectors/sgc-config-gcp-integration.md#scheduled-import","markdown-link","4.f","",""
"markdown","missing target anchor","markdown/servicenow-platform/service-graph-connectors/sgc-config-google-console-integ.md","62","sgc-config-google-console-integ.md#keystorepwd","markdown/servicenow-platform/service-graph-connectors/sgc-config-google-console-integ.md#keystorepwd","markdown-link","previous step","",""
"markdown","missing target anchor","markdown/servicenow-platform/service-graph-connectors/sgc-config-google-console-integ.md","67","sgc-config-google-console-integ.md#keystorepwd","markdown/servicenow-platform/service-graph-connectors/sgc-config-google-console-integ.md#keystorepwd","markdown-link","previous step","",""
"markdown","missing target anchor","markdown/servicenow-platform/service-graph-connectors/sgc-config-google-console-integ.md","109","sgc-config-google-console-integ.md#keystorepwd","markdown/servicenow-platform/service-graph-connectors/sgc-config-google-console-integ.md#keystorepwd","markdown-link","previous step","",""
"markdown","missing target anchor","markdown/servicenow-platform/service-graph-connectors/sgc-config-google-console-integ.md","117","sgc-config-google-console-integ.md#keystorepwd","markdown/servicenow-platform/service-graph-connectors/sgc-config-google-console-integ.md#keystorepwd","markdown-link","previous step","",""
"markdown","missing target anchor","markdown/servicenow-platform/service-graph-connectors/sgc-config-google-console-integ.md","170","sgc-config-google-console-integ.md#x509cert","markdown/servicenow-platform/service-graph-connectors/sgc-config-google-console-integ.md#x509cert","markdown-link","4.c","",""
"markdown","missing target anchor","markdown/servicenow-platform/service-graph-connectors/sgc-config-google-console-integ.md","183","sgc-config-google-console-integ.md#keystorepwd-multiple","markdown/servicenow-platform/service-graph-connectors/sgc-config-google-console-integ.md#keystorepwd-multiple","markdown-link","previous step","",""
"markdown","missing target anchor","markdown/servicenow-platform/service-graph-connectors/sgc-config-google-console-integ.md","184","sgc-config-google-console-integ.md#keystorepwd-multiple","markdown/servicenow-platform/service-graph-connectors/sgc-config-google-console-integ.md#keystorepwd-multiple","markdown-link","previous step","",""
"markdown","missing target anchor","markdown/servicenow-platform/service-graph-connectors/sgc-config-google-console-integ.md","192","sgc-config-google-console-integ.md#connection-name","markdown/servicenow-platform/service-graph-connectors/sgc-config-google-console-integ.md#connection-name","markdown-link","previous step","",""
"markdown","missing target anchor","markdown/servicenow-platform/service-graph-connectors/sgc-config-google-console-integ.md","202","sgc-config-google-console-integ.md#connection-name","markdown/servicenow-platform/service-graph-connectors/sgc-config-google-console-integ.md#connection-name","markdown-link","previous step","",""
"markdown","missing target anchor","markdown/servicenow-platform/service-graph-connectors/sgc-config-google-console-integ.md","218","sgc-config-google-console-integ.md#scheduled-import-multi-instance","markdown/servicenow-platform/service-graph-connectors/sgc-config-google-console-integ.md#scheduled-import-multi-instance","markdown-link","5.d","",""
"markdown","missing target anchor","markdown/servicenow-platform/service-graph-connectors/sgc-config-new-relic-integration.md","188","sgc-config-new-relic-integration.md#exe-job","markdown/servicenow-platform/service-graph-connectors/sgc-config-new-relic-integration.md#exe-job","markdown-link","6.f","",""
"markdown","missing target anchor","markdown/servicenow-platform/service-graph-connectors/sgc-config-new-relic-integration.md","188","sgc-config-new-relic-integration.md#select-job","markdown/servicenow-platform/service-graph-connectors/sgc-config-new-relic-integration.md#select-job","markdown-link","6.c","",""
"markdown","missing target anchor","markdown/servicenow-platform/service-graph-connectors/sgc-config-opentelemetry-integ.md","66","sgc-config-opentelemetry-integ.md#api-key","markdown/servicenow-platform/service-graph-connectors/sgc-config-opentelemetry-integ.md#api-key","markdown-link","4.b","",""
"markdown","missing target anchor","markdown/servicenow-platform/service-graph-connectors/sgc-config-opentelemetry-integ.md","82","sgc-config-opentelemetry-integ.md#org","markdown/servicenow-platform/service-graph-connectors/sgc-config-opentelemetry-integ.md#org","markdown-link","4.c.ii","",""
"markdown","missing target anchor","markdown/servicenow-platform/service-graph-connectors/sgc-config-opentelemetry-integ.md","102","sgc-config-opentelemetry-integ.md#exclude-project","markdown/servicenow-platform/service-graph-connectors/sgc-config-opentelemetry-integ.md#exclude-project","markdown-link","5.c.ii","",""
"markdown","missing target anchor","markdown/servicenow-platform/service-graph-connectors/sgc-config-opentelemetry-integ.md","102","sgc-config-opentelemetry-integ.md#exclude-project-update","markdown/servicenow-platform/service-graph-connectors/sgc-config-opentelemetry-integ.md#exclude-project-update","markdown-link","5.c.iv","",""
"markdown","missing target anchor","markdown/servicenow-platform/service-graph-connectors/sgc-config-opentelemetry-integ.md","114","sgc-config-opentelemetry-integ.md#project-diagnostics","markdown/servicenow-platform/service-graph-connectors/sgc-config-opentelemetry-integ.md#project-diagnostics","markdown-link","5.d.ii","",""
"markdown","missing target anchor","markdown/servicenow-platform/service-graph-connectors/sgc-config-opentelemetry-integ.md","114","sgc-config-opentelemetry-integ.md#project-diagnostics-done","markdown/servicenow-platform/service-graph-connectors/sgc-config-opentelemetry-integ.md#project-diagnostics-done","markdown-link","5.d.iv","",""
"markdown","missing target anchor","markdown/servicenow-platform/service-graph-connectors/sgc-config-opentelemetry-integ.md","174","sgc-config-opentelemetry-integ.md#webhook","markdown/servicenow-platform/service-graph-connectors/sgc-config-opentelemetry-integ.md#webhook","markdown-link","7.b.ii","",""
"markdown","missing target anchor","markdown/servicenow-platform/service-graph-connectors/sgc-config-opentelemetry-integ.md","174","sgc-config-opentelemetry-integ.md#webhook-done","markdown/servicenow-platform/service-graph-connectors/sgc-config-opentelemetry-integ.md#webhook-done","markdown-link","7.b.iv","",""
"markdown","missing target anchor","markdown/servicenow-platform/service-graph-connectors/sgc-config-trellix-integration.md","183","sgc-config-trellix-integration.md#substep_gzr_2hp_nfc","markdown/servicenow-platform/service-graph-connectors/sgc-config-trellix-integration.md#substep_gzr_2hp_nfc","markdown-link","5.e","",""
"markdown","missing target anchor","markdown/servicenow-platform/service-graph-connectors/sgc-config-trellix-integration.md","183","sgc-config-trellix-integration.md#substep_zwt_dv4_nfc","markdown/servicenow-platform/service-graph-connectors/sgc-config-trellix-integration.md#substep_zwt_dv4_nfc","markdown-link","5.c","",""
"markdown","missing target anchor","markdown/servicenow-platform/service-graph-connectors/sgc-configure-datadog-integration.md","92","sgc-configure-datadog-integration.md#datadog-alias","markdown/servicenow-platform/service-graph-connectors/sgc-configure-datadog-integration.md#datadog-alias","markdown-link","3","",""
"markdown","missing target anchor","markdown/servicenow-platform/service-graph-connectors/sgc-configure-datadog-integration.md","104","sgc-configure-datadog-integration.md#substep-datadog-monitor1","markdown/servicenow-platform/service-graph-connectors/sgc-configure-datadog-integration.md#substep-datadog-monitor1","markdown-link","4.g","",""
"markdown","missing target anchor","markdown/servicenow-platform/service-graph-connectors/sgc-configure-datadog-integration.md","104","sgc-configure-datadog-integration.md#substep-datadog-monitor2","markdown/servicenow-platform/service-graph-connectors/sgc-configure-datadog-integration.md#substep-datadog-monitor2","markdown-link","4.h","",""
"markdown","missing target anchor","markdown/servicenow-platform/service-graph-connectors/sgc-configure-infoblox-integration.md","118","sgc-configure-infoblox-integration.md#substep_cyy_1hv_zfc","markdown/servicenow-platform/service-graph-connectors/sgc-configure-infoblox-integration.md#substep_cyy_1hv_zfc","markdown-link","5.d","",""
"markdown","missing target anchor","markdown/servicenow-platform/service-graph-connectors/sgc-configure-infoblox-integration.md","118","sgc-configure-infoblox-integration.md#substep_j1l_bhv_zfc","markdown/servicenow-platform/service-graph-connectors/sgc-configure-infoblox-integration.md#substep_j1l_bhv_zfc","markdown-link","5.g","",""
"markdown","missing target anchor","markdown/servicenow-platform/service-graph-connectors/sgc-configure-infoblox-integration.md","254","sgc-configure-infoblox-integration.md#exe-job","markdown/servicenow-platform/service-graph-connectors/sgc-configure-infoblox-integration.md#exe-job","markdown-link","7.e","",""
"markdown","missing target anchor","markdown/servicenow-platform/service-graph-connectors/sgc-configure-infoblox-integration.md","254","sgc-configure-infoblox-integration.md#select-job","markdown/servicenow-platform/service-graph-connectors/sgc-configure-infoblox-integration.md#select-job","markdown-link","7.c","",""
"markdown","missing target anchor","markdown/servicenow-platform/service-graph-connectors/sgc-infoblox-create-table-cleanup-jobs.md","89","sgc-infoblox-create-table-cleanup-jobs.md#step_lhc_dvb_m3c","markdown/servicenow-platform/service-graph-connectors/sgc-infoblox-create-table-cleanup-jobs.md#step_lhc_dvb_m3c","markdown-link","6","",""
"markdown","missing target anchor","markdown/servicenow-platform/service-graph-connectors/sgc-sccm-airgap-high-secure.md","48","sgc-sccm-airgap-high-secure.md#substep_rj5_lbw_4gc","markdown/servicenow-platform/service-graph-connectors/sgc-sccm-airgap-high-secure.md#substep_rj5_lbw_4gc","markdown-link","3.c","",""
"markdown","missing target anchor","markdown/servicenow-platform/service-graph-connectors/sgc-sccm-airgap-high-secure.md","52","sgc-sccm-airgap-high-secure.md#step_e1p_mbw_4gc","markdown/servicenow-platform/service-graph-connectors/sgc-sccm-airgap-high-secure.md#step_e1p_mbw_4gc","markdown-link","5","",""
"markdown","missing target anchor","markdown/servicenow-platform/service-graph-connectors/sgc-sccm-airgap-high-secure.md","72","sgc-sccm-airgap-high-secure.md#step_e1p_mbw_4gc","markdown/servicenow-platform/service-graph-connectors/sgc-sccm-airgap-high-secure.md#step_e1p_mbw_4gc","markdown-link","5","",""
"markdown","missing target anchor","markdown/servicenow-platform/service-graph-connectors/sgc-sccm-airgap-low-secure.md","48","sgc-sccm-airgap-low-secure.md#substep_tjm_wbw_4gc","markdown/servicenow-platform/service-graph-connectors/sgc-sccm-airgap-low-secure.md#substep_tjm_wbw_4gc","markdown-link","3.c","",""
"markdown","missing target anchor","markdown/servicenow-platform/service-graph-connectors/sgc-sccm-airgap-low-secure.md","52","sgc-sccm-airgap-low-secure.md#step_fk2_xbw_4gc","markdown/servicenow-platform/service-graph-connectors/sgc-sccm-airgap-low-secure.md#step_fk2_xbw_4gc","markdown-link","5","",""
"markdown","missing target anchor","markdown/servicenow-platform/service-graph-connectors/sgcc-configure-appdynamics.md","145","sgcc-configure-appdynamics.md#rule-save","markdown/servicenow-platform/service-graph-connectors/sgcc-configure-appdynamics.md#rule-save","markdown-link","7.d","",""
"markdown","missing target anchor","markdown/servicenow-platform/service-graph-connectors/sgcc-configure-appdynamics.md","145","sgcc-configure-appdynamics.md#rule-select","markdown/servicenow-platform/service-graph-connectors/sgcc-configure-appdynamics.md#rule-select","markdown-link","7.b","",""
"markdown","missing target anchor","markdown/servicenow-platform/service-graph-connectors/sgcc-configure-aws-integ.md","59","sgc-cmdb-aws-script-op.md#section_vfh_wyf_4zb","markdown/servicenow-platform/service-graph-connectors/sgc-cmdb-aws-script-op.md#section_vfh_wyf_4zb","markdown-link","Basic scripts","",""
"markdown","missing target anchor","markdown/servicenow-platform/service-graph-connectors/sgcc-configure-aws-integ.md","70","sgc-cmdb-aws-script-op.md#section_ahc_jwf_4zb","markdown/servicenow-platform/service-graph-connectors/sgc-cmdb-aws-script-op.md#section_ahc_jwf_4zb","markdown-link","Deep discovery scripts","",""
"markdown","missing target anchor","markdown/servicenow-platform/service-graph-connectors/sgcc-configure-aws-integ.md","80","sgc-cmdb-aws-script-op.md#section_osh_4zf_4zb","markdown/servicenow-platform/service-graph-connectors/sgc-cmdb-aws-script-op.md#section_osh_4zf_4zb","markdown-link","Amazon EKS scripts","",""
"markdown","missing target anchor","markdown/servicenow-platform/service-graph-connectors/sgcc-configure-aws-integ.md","251","sgcc-configure-aws-integ.md#aws-cred-0","markdown/servicenow-platform/service-graph-connectors/sgcc-configure-aws-integ.md#aws-cred-0","markdown-link","6.a.ii","",""
"markdown","missing target anchor","markdown/servicenow-platform/service-graph-connectors/sgcc-configure-aws-integ.md","252","sgcc-configure-aws-integ.md#aws-cred-0","markdown/servicenow-platform/service-graph-connectors/sgcc-configure-aws-integ.md#aws-cred-0","markdown-link","6.a.ii","",""
"markdown","missing target anchor","markdown/servicenow-platform/service-graph-connectors/sgcc-configure-aws-integ.md","256","sgcc-configure-aws-integ.md#eks-ec2-add","markdown/servicenow-platform/service-graph-connectors/sgcc-configure-aws-integ.md#eks-ec2-add","markdown-link","6.c.ii","",""
"markdown","missing target anchor","markdown/servicenow-platform/service-graph-connectors/sgcc-configure-aws-integ.md","256","sgcc-configure-aws-integ.md#eks-ec2-save","markdown/servicenow-platform/service-graph-connectors/sgcc-configure-aws-integ.md#eks-ec2-save","markdown-link","6.c.iv","",""
"markdown","missing target anchor","markdown/servicenow-platform/service-graph-connectors/sgcc-configure-azure-integ.md","114","sgcc-configure-azure-integ.md#prereq-azure","markdown/servicenow-platform/service-graph-connectors/sgcc-configure-azure-integ.md#prereq-azure","markdown-link","5.a","",""
"markdown","missing target anchor","markdown/servicenow-platform/service-graph-connectors/sgcc-configure-azure-integ.md","122","sgcc-configure-azure-integ.md#prereq-azure","markdown/servicenow-platform/service-graph-connectors/sgcc-configure-azure-integ.md#prereq-azure","markdown-link","5.a","",""
"markdown","missing target anchor","markdown/servicenow-platform/service-graph-connectors/sgcc-configure-azure-integ.md","156","sgcc-configure-azure-integ.md#prereq-azure","markdown/servicenow-platform/service-graph-connectors/sgcc-configure-azure-integ.md#prereq-azure","markdown-link","5.a","",""
"markdown","missing target anchor","markdown/servicenow-platform/service-graph-connectors/sgcc-configure-azure-integ.md","183","sgcc-configure-azure-integ.md#prereq-sw","markdown/servicenow-platform/service-graph-connectors/sgcc-configure-azure-integ.md#prereq-sw","markdown-link","6.b","",""
"markdown","missing target anchor","markdown/servicenow-platform/service-graph-connectors/sgcc-configure-azure-integ.md","211","sgcc-configure-azure-integ.md#hw-id","markdown/servicenow-platform/service-graph-connectors/sgcc-configure-azure-integ.md#hw-id","markdown-link","7.b","",""
"markdown","missing target anchor","markdown/servicenow-platform/service-graph-connectors/sgcc-configure-azure-integ.md","223","sgcc-configure-azure-integ.md#prereq-azure","markdown/servicenow-platform/service-graph-connectors/sgcc-configure-azure-integ.md#prereq-azure","markdown-link","5.a","",""
"markdown","missing target anchor","markdown/servicenow-platform/service-graph-connectors/sgcc-configure-azure-integ.md","231","sgcc-configure-azure-integ.md#prereq-azure","markdown/servicenow-platform/service-graph-connectors/sgcc-configure-azure-integ.md#prereq-azure","markdown-link","5.a","",""
"markdown","missing target anchor","markdown/servicenow-platform/service-graph-connectors/sgcc-configure-azure-integ.md","239","sgcc-configure-azure-integ.md#prereq-azure","markdown/servicenow-platform/service-graph-connectors/sgcc-configure-azure-integ.md#prereq-azure","markdown-link","5.a","",""
"markdown","missing target anchor","markdown/servicenow-platform/service-graph-connectors/sgcc-configure-azure-integ.md","273","sgcc-configure-azure-integ.md#prereq-azure","markdown/servicenow-platform/service-graph-connectors/sgcc-configure-azure-integ.md#prereq-azure","markdown-link","5.a","",""
"markdown","missing target anchor","markdown/servicenow-platform/service-graph-connectors/sgcc-configure-azure-integ.md","282","sgcc-configure-azure-integ.md#prereq-sw","markdown/servicenow-platform/service-graph-connectors/sgcc-configure-azure-integ.md#prereq-sw","markdown-link","6.b","",""
"markdown","missing target anchor","markdown/servicenow-platform/service-graph-connectors/sgcc-configure-azure-integ.md","296","sgcc-configure-azure-integ.md#parent","markdown/servicenow-platform/service-graph-connectors/sgcc-configure-azure-integ.md#parent","markdown-link","10.b","",""
"markdown","missing target anchor","markdown/servicenow-platform/service-graph-connectors/sgcc-configure-azure-integ.md","296","sgcc-configure-azure-integ.md#save","markdown/servicenow-platform/service-graph-connectors/sgcc-configure-azure-integ.md#save","markdown-link","10.d","",""
"markdown","missing target anchor","markdown/servicenow-platform/service-graph-connectors/sgcc-configure-gcp-integ.md","63","sgcc-configure-gcp-integ.md#keystorepwd","markdown/servicenow-platform/service-graph-connectors/sgcc-configure-gcp-integ.md#keystorepwd","markdown-link","5.a.iii","",""
"markdown","missing target anchor","markdown/servicenow-platform/service-graph-connectors/sgcc-configure-gcp-integ.md","66","sgcc-configure-gcp-integ.md#jks","markdown/servicenow-platform/service-graph-connectors/sgcc-configure-gcp-integ.md#jks","markdown-link","5.a","",""
"markdown","missing target anchor","markdown/servicenow-platform/service-graph-connectors/sgcc-configure-gcp-integ.md","115","sgcc-configure-gcp-integ.md#x509cert","markdown/servicenow-platform/service-graph-connectors/sgcc-configure-gcp-integ.md#x509cert","markdown-link","5.b","",""
"markdown","missing target anchor","markdown/servicenow-platform/service-graph-connectors/sgcc-configure-gcp-integ.md","123","sgcc-configure-gcp-integ.md#keystorepwd","markdown/servicenow-platform/service-graph-connectors/sgcc-configure-gcp-integ.md#keystorepwd","markdown-link","5.a.iii","",""
"markdown","missing target anchor","markdown/servicenow-platform/service-graph-connectors/sgcc-configure-intune-integ.md","228","sgcc-configure-intune-integ.md#substep_vrc_r5m_ygc","markdown/servicenow-platform/service-graph-connectors/sgcc-configure-intune-integ.md#substep_vrc_r5m_ygc","markdown-link","5.b","",""
"markdown","missing target anchor","markdown/servicenow-platform/service-graph-connectors/sgcc-configure-intune-integ.md","242","sgcc-configure-intune-integ.md#step_dbq_wws_ygc","markdown/servicenow-platform/service-graph-connectors/sgcc-configure-intune-integ.md#step_dbq_wws_ygc","markdown-link","9","",""
"markdown","missing target anchor","markdown/servicenow-platform/service-graph-connectors/sgcc-configure-jamf-integration.md","238","sgcc-configure-jamf-integration.md#schedule-save","markdown/servicenow-platform/service-graph-connectors/sgcc-configure-jamf-integration.md#schedule-save","markdown-link","8.d","",""
"markdown","missing target anchor","markdown/servicenow-platform/service-graph-connectors/sgcc-configure-jamf-integration.md","238","sgcc-configure-jamf-integration.md#schedule-start","markdown/servicenow-platform/service-graph-connectors/sgcc-configure-jamf-integration.md#schedule-start","markdown-link","8.b","",""
"markdown","missing target anchor","markdown/servicenow-platform/service-graph-connectors/sgcc-configure-sccm-integ.md","78","sgcc-configure-sccm-integ.md#step_bzt_lbh_g3c","markdown/servicenow-platform/service-graph-connectors/sgcc-configure-sccm-integ.md#step_bzt_lbh_g3c","markdown-link","6","",""
"markdown","missing target anchor","markdown/servicenow-platform/service-graph-connectors/sgcc-configure-sccm-integ.md","78","sgcc-configure-sccm-integ.md#substep_tk2_qgs_4gc","markdown/servicenow-platform/service-graph-connectors/sgcc-configure-sccm-integ.md#substep_tk2_qgs_4gc","markdown-link","5.b","",""
"markdown","missing target anchor","markdown/servicenow-platform/service-graph-connectors/sgcc-configure-sccm-integ.md","79","sgcc-configure-sccm-integ.md#step_skd_3hs_4gc","markdown/servicenow-platform/service-graph-connectors/sgcc-configure-sccm-integ.md#step_skd_3hs_4gc","markdown-link","7","",""
"markdown","missing target anchor","markdown/servicenow-platform/service-graph-connectors/sgcc-configure-sccm-integ.md","79","sgcc-configure-sccm-integ.md#substep_tk2_qgs_4gc","markdown/servicenow-platform/service-graph-connectors/sgcc-configure-sccm-integ.md#substep_tk2_qgs_4gc","markdown-link","5.b","",""
"markdown","missing target anchor","markdown/servicenow-platform/service-graph-connectors/sgcc-configure-sccm-integ.md","82","sgcc-configure-sccm-integ.md#substep_tk2_qgs_4gc","markdown/servicenow-platform/service-graph-connectors/sgcc-configure-sccm-integ.md#substep_tk2_qgs_4gc","markdown-link","5.b","",""
"markdown","missing target anchor","markdown/servicenow-platform/service-graph-connectors/sgcc-configure-sccm-integ.md","100","sgcc-configure-sccm-integ.md#li_dqk_g2h_g3c","markdown/servicenow-platform/service-graph-connectors/sgcc-configure-sccm-integ.md#li_dqk_g2h_g3c","markdown-link","SCCM JDBC Connection Credentials","",""
"markdown","missing target anchor","markdown/servicenow-platform/service-graph-connectors/sgcc-configure-sccm-integ.md","100","sgcc-configure-sccm-integ.md#li_dqk_g2h_g3c","markdown/servicenow-platform/service-graph-connectors/sgcc-configure-sccm-integ.md#li_dqk_g2h_g3c","markdown-link","SCCM JDBC Conn Cred (Integrated Auth)","",""
"markdown","missing target anchor","markdown/servicenow-platform/service-graph-connectors/sgcc-configure-sccm-integ.md","100","sgcc-configure-sccm-integ.md#li_ncv_g2h_g3c","markdown/servicenow-platform/service-graph-connectors/sgcc-configure-sccm-integ.md#li_ncv_g2h_g3c","markdown-link","SCCM Air Gap","",""
"markdown","missing target anchor","markdown/servicenow-platform/service-graph-connectors/sgcc-configure-sccm-integ.md","100","sgcc-configure-sccm-integ.md#substep_tk2_qgs_4gc","markdown/servicenow-platform/service-graph-connectors/sgcc-configure-sccm-integ.md#substep_tk2_qgs_4gc","markdown-link","5.b","",""
"markdown","missing target anchor","markdown/servicenow-platform/service-graph-connectors/sgcc-configure-sccm-integ.md","178","sgcc-configure-sccm-integ.md#alias-template","markdown/servicenow-platform/service-graph-connectors/sgcc-configure-sccm-integ.md#alias-template","markdown-link","5","",""
"markdown","missing target anchor","markdown/servicenow-platform/service-graph-connectors/sgcc-configure-sccm-integ.md","292","sgcc-configure-sccm-integ.md#custom-sql","markdown/servicenow-platform/service-graph-connectors/sgcc-configure-sccm-integ.md#custom-sql","markdown-link","9.b","",""
"markdown","missing target anchor","markdown/servicenow-platform/service-graph-connectors/sgcc-configure-solarwinds-integ.md","53","sgcc-configure-solarwinds-integ.md#substep_j4h_31n_xfc","markdown/servicenow-platform/service-graph-connectors/sgcc-configure-solarwinds-integ.md#substep_j4h_31n_xfc","markdown-link","5.c","",""
"markdown","missing target anchor","markdown/servicenow-platform/service-graph-connectors/sgcc-configure-solarwinds-integ.md","63","sgcc-configure-solarwinds-integ.md#substep_flm_l2n_xfc","markdown/servicenow-platform/service-graph-connectors/sgcc-configure-solarwinds-integ.md#substep_flm_l2n_xfc","markdown-link","5.a","",""
"markdown","missing target anchor","markdown/servicenow-platform/service-graph-connectors/sgcc-configure-tanium.md","146","sgcc-configure-tanium.md#prereq-activity","markdown/servicenow-platform/service-graph-connectors/sgcc-configure-tanium.md#prereq-activity","markdown-link","Prerequisites activity","",""
"markdown","missing target anchor","markdown/servicenow-platform/service-graph-connectors/sgcc-configure-tanium.md","164","sgcc-configure-tanium.md#parent","markdown/servicenow-platform/service-graph-connectors/sgcc-configure-tanium.md#parent","markdown-link","10.b","",""
"markdown","missing target anchor","markdown/servicenow-platform/service-graph-connectors/sgcc-configure-tanium.md","164","sgcc-configure-tanium.md#save","markdown/servicenow-platform/service-graph-connectors/sgcc-configure-tanium.md#save","markdown-link","10.d","",""
"markdown","missing target anchor","markdown/servicenow-platform/sgcc-overview-page-features.md","55","sgcc-overview-page-features.md#section_sb4_f5w_x2c","markdown/servicenow-platform/sgcc-overview-page-features.md#section_sb4_f5w_x2c","markdown-link","Ingested and processed data","",""
"markdown","missing target anchor","markdown/servicenow-platform/sgcc-overview-page-features.md","56","sgcc-overview-page-features.md#section_hg2_l5w_x2c","markdown/servicenow-platform/sgcc-overview-page-features.md#section_hg2_l5w_x2c","markdown-link","Data processing performance","",""
"markdown","missing target anchor","markdown/servicenow-platform/sgcc-overview-page-features.md","57","sgcc-overview-page-features.md#section_uxp_34r_wbc","markdown/servicenow-platform/sgcc-overview-page-features.md#section_uxp_34r_wbc","markdown-link","Filters","",""
"markdown","missing target anchor","markdown/servicenow-platform/sgcc-overview-page-features.md","223","sgcc-overview-page-features.md#section_uxp_34r_wbc","markdown/servicenow-platform/sgcc-overview-page-features.md#section_uxp_34r_wbc","markdown-link","selected filters","",""
"markdown","missing target anchor","markdown/servicenow-platform/sgcc-overview-page-features.md","227","sgcc-overview-page-features.md#importset","markdown/servicenow-platform/sgcc-overview-page-features.md#importset","markdown-link","SGC.Integrations.ImportSet","",""
"markdown","missing target anchor","markdown/servicenow-platform/sgcc-overview-page-features.md","229","sgcc-overview-page-features.md#succ-import-set","markdown/servicenow-platform/sgcc-overview-page-features.md#succ-import-set","markdown-link","SGC.Fully.successful.ImportSet","",""
"markdown","missing target anchor","markdown/servicenow-platform/sgcc-overview-page-features.md","231","sgcc-overview-page-features.md#part-succ-import-set","markdown/servicenow-platform/sgcc-overview-page-features.md#part-succ-import-set","markdown-link","SGC.Part.success.ImportSet","",""
"markdown","missing target anchor","markdown/servicenow-platform/sgcc-overview-page-features.md","233","sgcc-overview-page-features.md#error-import-set","markdown/servicenow-platform/sgcc-overview-page-features.md#error-import-set","markdown-link","SGC.Fully.error.ImportSet","",""
"markdown","missing target anchor","markdown/servicenow-platform/sgcc-overview-page-features.md","241","sgcc-overview-page-features.md#section_uxp_34r_wbc","markdown/servicenow-platform/sgcc-overview-page-features.md#section_uxp_34r_wbc","markdown-link","selected filters","",""
"markdown","missing target anchor","markdown/servicenow-platform/sgcc-overview-page-features.md","245","sgcc-overview-page-features.md#import-set-rows","markdown/servicenow-platform/sgcc-overview-page-features.md#import-set-rows","markdown-link","SGC.Integrations.Importset.rows.ingested","",""
"markdown","missing target anchor","markdown/servicenow-platform/sgcc-overview-page-features.md","253","sgcc-overview-page-features.md#section_uxp_34r_wbc","markdown/servicenow-platform/sgcc-overview-page-features.md#section_uxp_34r_wbc","markdown-link","selected filters","",""
"markdown","missing target anchor","markdown/servicenow-platform/sgcc-overview-page-features.md","265","sgcc-overview-page-features.md#section_uxp_34r_wbc","markdown/servicenow-platform/sgcc-overview-page-features.md#section_uxp_34r_wbc","markdown-link","selected filters","",""
"markdown","missing target anchor","markdown/servicenow-platform/sgcc-overview-page-features.md","294","sgcc-overview-page-features.md#section_uxp_34r_wbc","markdown/servicenow-platform/sgcc-overview-page-features.md#section_uxp_34r_wbc","markdown-link","selected filters","",""
"markdown","missing target anchor","markdown/servicenow-platform/sgcc-overview-page-features.md","298","sgcc-overview-page-features.md#records-added","markdown/servicenow-platform/sgcc-overview-page-features.md#records-added","markdown-link","Records added","",""
"markdown","missing target anchor","markdown/servicenow-platform/sgcc-overview-page-features.md","300","sgcc-overview-page-features.md#records-updated","markdown/servicenow-platform/sgcc-overview-page-features.md#records-updated","markdown-link","Records updated","",""
"markdown","missing target anchor","markdown/servicenow-platform/sgcc-overview-page-features.md","302","sgcc-overview-page-features.md#errors","markdown/servicenow-platform/sgcc-overview-page-features.md#errors","markdown-link","Errors","",""
"markdown","missing target anchor","markdown/servicenow-platform/sgcc-settings.md","44","sgcc-settings.md#sys-prop-save","markdown/servicenow-platform/sgcc-settings.md#sys-prop-save","markdown-link","6","",""
"markdown","missing target anchor","markdown/servicenow-platform/sgcc-settings.md","44","sgcc-settings.md#sys-prop-select","markdown/servicenow-platform/sgcc-settings.md#sys-prop-select","markdown-link","4","",""
"markdown","missing target anchor","markdown/source-to-pay-operations/accounts-payable-operations/apm-docintel-how-it-works.md","44","apm-docintel-how-it-works.md#ip-case-low","markdown/source-to-pay-operations/accounts-payable-operations/apm-docintel-how-it-works.md#ip-case-low","markdown-link","step 1","",""
"markdown","missing target anchor","markdown/source-to-pay-operations/accounts-payable-operations/resolution-plan-scenarios.md","69","exploring-now-assist-apo.md#invoice-finder","markdown/source-to-pay-operations/accounts-payable-operations/exploring-now-assist-apo.md#invoice-finder","markdown-link","Relevant invoice finder skill","",""
"markdown","missing target anchor","markdown/source-to-pay-operations/sourcing-and-procurement-operations/map-spend-product-categories.md","63","map-spend-product-categories.md#spend-category-form","markdown/source-to-pay-operations/sourcing-and-procurement-operations/map-spend-product-categories.md#spend-category-form","markdown-link","step 3","",""
"markdown","missing target anchor","markdown/source-to-pay-operations/sourcing-and-procurement-operations/purchase-requisition.md","365","installed-with-FSC.md#section_fls_xdt_flb","markdown/source-to-pay-operations/sourcing-and-procurement-operations/installed-with-FSC.md#section_fls_xdt_flb","markdown-link","Purchasing properties","",""
"markdown","missing target file","markdown/api-reference/index.md","32","scripts/edit-code-now-assist.md","markdown/api-reference/scripts/edit-code-now-assist.md","markdown-link","edit-code-now-assist","",""
"markdown","missing target file","markdown/api-reference/scripts/exploring-now-assist-code.md","55","edit-code-now-assist.md","markdown/api-reference/scripts/edit-code-now-assist.md","markdown-link","edit-code-now-assist.md","",""
"markdown","missing target file","markdown/api-reference/scripts/exploring-now-assist-code.md","68","edit-code-now-assist.md","markdown/api-reference/scripts/edit-code-now-assist.md","markdown-link","edit-code-now-assist.md","",""
"markdown","missing target file","markdown/api-reference/scripts/using-now-assist-code.md","26","../concept/edit-code-now-assist.md","markdown/api-reference/concept/edit-code-now-assist.md","markdown-link","../concept/edit-code-now-assist.md","",""
"markdown","missing target file","markdown/application-development/now-assist-for-creator/flow-recommendations-landing.md","26","../task/turn-on-the-flow-recommendations-skill.md","markdown/application-development/task/turn-on-the-flow-recommendations-skill.md","markdown-link","Configure![](../../../reuse/icons/brand-icons/bus-sdlc.svg)Activate the Now Assist for Creator plugin and the flow recommendations skill","",""
"markdown","missing target file","markdown/application-development/now-assist-for-creator/flow-recommendations-landing.md","43","../task/turn-on-the-flow-recommendations-skill.md","markdown/application-development/task/turn-on-the-flow-recommendations-skill.md","markdown-link","Turn on the flow recommendations skill","",""
"markdown","missing target file","markdown/application-development/now-assist-for-creator/flow-summarization-landing.md","24","../concept/exploring-flow-summarization.md","markdown/application-development/concept/exploring-flow-summarization.md","markdown-link","Explore![](../../../reuse/icons/brand-icons/bus-explore.svg)Learn about flow summarization","",""
"markdown","missing target file","markdown/application-development/now-assist-for-creator/flow-summarization-landing.md","28","../task/turn-on-the-flow-recommendations-skill.md","markdown/application-development/task/turn-on-the-flow-recommendations-skill.md","markdown-link","Configure![](../../../reuse/icons/brand-icons/bus-sdlc.svg)Activate the Now Assist for Creator plugin and the flow summarization skill","",""
"markdown","missing target file","markdown/application-development/now-assist-for-creator/flow-summarization-landing.md","43","../concept/exploring-flow-summarization.md","markdown/application-development/concept/exploring-flow-summarization.md","markdown-link","Exploring Flow summarization","",""
"markdown","missing target file","markdown/application-development/now-assist-for-creator/now-assist-for-creator-landing.md","67","exploring-flow-summarization.md","markdown/application-development/now-assist-for-creator/exploring-flow-summarization.md","markdown-link","Flow summarization![](../../../reuse/icons/brand-icons/bus-news.svg)Summarize what a flow or subflow does with generative AI.","",""
"markdown","missing target file","markdown/application-portfolio-management/eaw-aict.md","129","eaw-exploring-the-ai-portfolio.md","markdown/application-portfolio-management/eaw-exploring-the-ai-portfolio.md","markdown-link","eaw-exploring-the-ai-portfolio.md","",""
"markdown","missing target file","markdown/application-portfolio-management/eaw-work-with-portfolio-list-view.md","26","eaw-working-with-ai-portfolio.md","markdown/application-portfolio-management/eaw-working-with-ai-portfolio.md","markdown-link","eaw-working-with-ai-portfolio.md","",""
"markdown","missing target file","markdown/application-portfolio-management/index.md","67","eaw-exploring-the-ai-portfolio.md","markdown/application-portfolio-management/eaw-exploring-the-ai-portfolio.md","markdown-link","eaw-exploring-the-ai-portfolio","",""
"markdown","missing target file","markdown/application-portfolio-management/index.md","406","eaw-working-with-ai-portfolio.md","markdown/application-portfolio-management/eaw-working-with-ai-portfolio.md","markdown-link","eaw-working-with-ai-portfolio","",""
"markdown","missing target file","markdown/application-portfolio-management/index.md","407","eaw-view-all-ai-system-digital-assets.md","markdown/application-portfolio-management/eaw-view-all-ai-system-digital-assets.md","markdown-link","eaw-view-all-ai-system-digital-assets","",""
"markdown","missing target file","markdown/application-portfolio-management/index.md","408","eaw-view-all-ai-model-digital-assets.md","markdown/application-portfolio-management/eaw-view-all-ai-model-digital-assets.md","markdown-link","eaw-view-all-ai-model-digital-assets","",""
"markdown","missing target file","markdown/application-portfolio-management/index.md","409","eaw-view-all-ai-dataset-digital-assets.md","markdown/application-portfolio-management/eaw-view-all-ai-dataset-digital-assets.md","markdown-link","eaw-view-all-ai-dataset-digital-assets","",""
"markdown","missing target file","markdown/application-portfolio-management/index.md","410","eaw-view-all-ai-prompt-digital-assets.md","markdown/application-portfolio-management/eaw-view-all-ai-prompt-digital-assets.md","markdown-link","eaw-view-all-ai-prompt-digital-assets","",""
"markdown","missing target file","markdown/application-portfolio-management/portfolio-list-view.md","47","eaw-concept/eaw-exploring-the-ai-portfolio.md","markdown/application-portfolio-management/eaw-concept/eaw-exploring-the-ai-portfolio.md","markdown-link","eaw-concept/eaw-exploring-the-ai-portfolio.md","",""
"markdown","missing target file","markdown/build-workflows/workflow-studio/conversational-actions.md","32","../../conversational-interfaces/now-assist-in-virtual-agent/turn-on-the-subflows-and-actions-skill.md","markdown/conversational-interfaces/now-assist-in-virtual-agent/turn-on-the-subflows-and-actions-skill.md","markdown-link","Turn on the subflows and actions skill","",""
"markdown","missing target file","markdown/build-workflows/workflow-studio/conversational-subflows.md","32","../../conversational-interfaces/now-assist-in-virtual-agent/turn-on-the-subflows-and-actions-skill.md","markdown/conversational-interfaces/now-assist-in-virtual-agent/turn-on-the-subflows-and-actions-skill.md","markdown-link","Turn on the subflows and actions skill","",""
"markdown","missing target file","markdown/build-workflows/workflow-studio/decision-designer-overview.md","26","../../release-notes/decision-builder-rn.md","markdown/release-notes/decision-builder-rn.md","markdown-link","Washington DC Decision Builder release notes","",""
"markdown","missing target file","markdown/build-workflows/workflow-studio/secops-spoke.md","26","../../security-management/security-incident-response/si-confidential-data-exposure-integrationhub-template.md","markdown/security-management/security-incident-response/si-confidential-data-exposure-integrationhub-template.md","markdown-link","Security Incident Confidential Data Exposure flow template","",""
"markdown","missing target file","markdown/build-workflows/workflow-studio/secops-spoke.md","27","../../security-management/security-incident-response/si-denial-of-service-integHub-template.md","markdown/security-management/security-incident-response/si-denial-of-service-integHub-template.md","markdown-link","Security Incident Denial of Service flow template","",""
"markdown","missing target file","markdown/build-workflows/workflow-studio/secops-spoke.md","28","../../security-management/security-incident-response/si-lost-equip-integhub-template.md","markdown/security-management/security-incident-response/si-lost-equip-integhub-template.md","markdown-link","Security Incident Lost Equipment flow template","",""
"markdown","missing target file","markdown/build-workflows/workflow-studio/secops-spoke.md","29","../../security-management/security-incident-response/si-malic-sftwr-integhub-template.md","markdown/security-management/security-incident-response/si-malic-sftwr-integhub-template.md","markdown-link","Security Incident Malicious Software flow template","",""
"markdown","missing target file","markdown/build-workflows/workflow-studio/secops-spoke.md","30","../../security-management/security-incident-response/si-phishing-integhub-template.md","markdown/security-management/security-incident-response/si-phishing-integhub-template.md","markdown-link","Security Incident Phishing flow template","",""
"markdown","missing target file","markdown/build-workflows/workflow-studio/secops-spoke.md","31","../../security-management/security-incident-response/si-policy-violation-integhub-template.md","markdown/security-management/security-incident-response/si-policy-violation-integhub-template.md","markdown-link","Security Incident Policy Violation flow template","",""
"markdown","missing target file","markdown/build-workflows/workflow-studio/secops-spoke.md","32","../../security-management/security-incident-response/si-recon-integhub-flow-template.md","markdown/security-management/security-incident-response/si-recon-integhub-flow-template.md","markdown-link","Security Incident Reconnaissance flow template","",""
"markdown","missing target file","markdown/build-workflows/workflow-studio/secops-spoke.md","33","../../security-management/security-incident-response/si-rogue-integhub-flow-template.md","markdown/security-management/security-incident-response/si-rogue-integhub-flow-template.md","markdown-link","Security Incident Rogue Server or Service flow template","",""
"markdown","missing target file","markdown/build-workflows/workflow-studio/secops-spoke.md","34","../../security-management/security-incident-response/si-spam-integhub-flow-template.md","markdown/security-management/security-incident-response/si-spam-integhub-flow-template.md","markdown-link","Security Incident Spam flow template","",""
"markdown","missing target file","markdown/build-workflows/workflow-studio/secops-spoke.md","35","../../security-management/security-incident-response/si-unauth-access-integhub-flow-template.md","markdown/security-management/security-incident-response/si-unauth-access-integhub-flow-template.md","markdown-link","Security Incident Unauthorized Access flow template","",""
"markdown","missing target file","markdown/build-workflows/workflow-studio/secops-spoke.md","36","../../security-management/security-incident-response/si-web-defacement-integhub-flow-template.md","markdown/security-management/security-incident-response/si-web-defacement-integhub-flow-template.md","markdown-link","Security Incident Web/BBS Defacement flow template","",""
"markdown","missing target file","markdown/conversational-interfaces/ci-additional-resources.md","62","../release-notes/now-assist-va-rn.md","markdown/release-notes/now-assist-va-rn.md","markdown-link","Now Assist in Virtual Agent release notes","",""
"markdown","missing target file","markdown/conversational-interfaces/virtual-agent/create-small-talk.md","20","../concept/va-llm-instruction-guidelines.md","markdown/conversational-interfaces/concept/va-llm-instruction-guidelines.md","markdown-link","LLM description and instruction guidelines for Virtual Agent topics","",""
"markdown","missing target file","markdown/conversational-interfaces/virtual-agent/design-va-topic.md","94","va-llm-instruction-guidelines.md","markdown/conversational-interfaces/virtual-agent/va-llm-instruction-guidelines.md","markdown-link","LLM description and instruction guidelines for Virtual Agent topics","",""
"markdown","missing target file","markdown/conversational-interfaces/virtual-agent/llm-topic-migration.md","51","va-llm-instruction-guidelines.md","markdown/conversational-interfaces/virtual-agent/va-llm-instruction-guidelines.md","markdown-link","LLM description and instruction guidelines for Virtual Agent topics","",""
"markdown","missing target file","markdown/conversational-interfaces/virtual-agent/llm-topic-migration.md","82","va-llm-instruction-guidelines.md","markdown/conversational-interfaces/virtual-agent/va-llm-instruction-guidelines.md","markdown-link","LLM description and instruction guidelines for Virtual Agent topics","",""
"markdown","missing target file","markdown/conversational-interfaces/virtual-agent/migrate-nlu-llm.md","107","../concept/va-llm-instruction-guidelines.md","markdown/conversational-interfaces/concept/va-llm-instruction-guidelines.md","markdown-link","LLM description and instruction guidelines for Virtual Agent topics","",""
"markdown","missing target file","markdown/conversational-interfaces/virtual-agent/vad-topic-creation-form.md","88","../concept/va-llm-instruction-guidelines.md","markdown/conversational-interfaces/concept/va-llm-instruction-guidelines.md","markdown-link","LLM description and instruction guidelines for Virtual Agent topics","",""
"markdown","missing target file","markdown/conversational-interfaces/virtual-agent/working-setup-topics.md","167","../task/hide-reveal-showme-button.md","markdown/conversational-interfaces/task/hide-reveal-showme-button.md","markdown-link","Hide or reveal the Show me everything button","",""
"markdown","missing target file","markdown/customer-service-management/aem-display-knowledge-components.md","120","../concept/aem-style-components-1.md#","markdown/concept/aem-style-components-1.md","markdown-link","../concept/aem-style-components-1.md#","",""
"markdown","missing target file","markdown/customer-service-management/aem-display-knowledge-components.md","220","../concept/aem-style-components-1.md#","markdown/concept/aem-style-components-1.md","markdown-link","../concept/aem-style-components-1.md#","",""
"markdown","missing target file","markdown/customer-service-management/aem-display-knowledge-components.md","271","../concept/aem-style-components-1.md#","markdown/concept/aem-style-components-1.md","markdown-link","../concept/aem-style-components-1.md#","",""
"markdown","missing target file","markdown/customer-service-management/aem-display-knowledge-components.md","371","../concept/aem-style-components-1.md#","markdown/concept/aem-style-components-1.md","markdown-link","../concept/aem-style-components-1.md#","",""
"markdown","missing target file","markdown/customer-service-management/analytics-and-reporting-solutions-for-customer-service/customer-portal-usage-dashboard.md","19","../reference/csm-portal-user-sessions-timeouts.md","markdown/customer-service-management/reference/csm-portal-user-sessions-timeouts.md","markdown-link","Portal usage calculation","",""
"markdown","missing target file","markdown/customer-service-management/analytics-and-reporting-solutions-for-customer-service/customer-portal-usage-dashboard.md","107","../reference/csm-portal-user-sessions-timeouts.md","markdown/customer-service-management/reference/csm-portal-user-sessions-timeouts.md","markdown-link","Portal usage calculation","",""
"markdown","missing target file","markdown/customer-service-management/business-stakeholder-for-csm.md","502","../it-service-management/request-management/installed-with-business-stakeholder.md","markdown/it-service-management/request-management/installed-with-business-stakeholder.md","markdown-link","Installed with Business Stakeholder","",""
"markdown","missing target file","markdown/customer-service-management/now-assist-for-csm/request-gen-ai-capabilities-csm-now-assist-panel.md","23","../../conversational-interfaces/now-assist-in-virtual-agent/turn-on-the-subflows-and-actions-skill.md","markdown/conversational-interfaces/now-assist-in-virtual-agent/turn-on-the-subflows-and-actions-skill.md","markdown-link","Now Assist in Virtual Agent","",""
"markdown","missing target file","markdown/customer-service-management/use-consumer-portal.md","171","../reference/csm-portal-user-sessions-timeouts.md","markdown/reference/csm-portal-user-sessions-timeouts.md","markdown-link","Portal usage calculation","",""
"markdown","missing target file","markdown/customer-service-management/use-consumer-service-portal.md","67","../reference/csm-portal-user-sessions-timeouts.md","markdown/reference/csm-portal-user-sessions-timeouts.md","markdown-link","Portal usage calculation","",""
"markdown","missing target file","markdown/employee-service-management/contract-management-pro/cmpro-som-better-together.md","78","../../order-management/installing-quote-management.md","markdown/order-management/installing-quote-management.md","markdown-link","Install Quote Management","",""
"markdown","missing target file","markdown/employee-service-management/employee-experience-foundation/add-communication-plan-mim-workbench.md","54","notifications-major-incident.md","markdown/employee-service-management/employee-experience-foundation/notifications-major-incident.md","markdown-link","View notifications for a major incident","",""
"markdown","missing target file","markdown/employee-service-management/employee-experience-foundation/config-favorites-instance-options.md","108","../concept/employee-center-favorites.md","markdown/employee-service-management/concept/employee-center-favorites.md","markdown-link","Cross-channel favorites","",""
"markdown","missing target file","markdown/employee-service-management/employee-experience-foundation/configurable-filters-experience.md","44","../../sn-teams/task/va-concur.md","markdown/sn-teams/task/va-concur.md","markdown-link","Manage approvals from Microsoft Teams","",""
"markdown","missing target file","markdown/employee-service-management/employee-experience-foundation/configurable-filters-experience.md","46","../../sn-ms-outlook/task/oam-concur.md","markdown/sn-ms-outlook/task/oam-concur.md","markdown-link","Manage approvals from a Microsoft Outlook email","",""
"markdown","missing target file","markdown/employee-service-management/employee-experience-foundation/ec-and-ecpro-landing-page.md","120","employee-center-favorites.md","markdown/employee-service-management/employee-experience-foundation/employee-center-favorites.md","markdown-link","Cross-channel Favorites","",""
"markdown","missing target file","markdown/employee-service-management/employee-experience-foundation/ec-rtl-language-support.md","38","../../sn-teams/task/va-concur.md","markdown/sn-teams/task/va-concur.md","markdown-link","Manage approvals from Microsoft Teams","",""
"markdown","missing target file","markdown/employee-service-management/employee-experience-foundation/ec-rtl-language-support.md","40","../../sn-ms-outlook/task/oam-concur.md","markdown/sn-ms-outlook/task/oam-concur.md","markdown-link","Manage approvals from a Microsoft Outlook email","",""
"markdown","missing target file","markdown/employee-service-management/employee-experience-foundation/ec-to-dos-use-approval-hub.md","47","../../sn-teams/task/va-concur.md","markdown/sn-teams/task/va-concur.md","markdown-link","Manage approvals from Microsoft Teams","",""
"markdown","missing target file","markdown/employee-service-management/employee-experience-foundation/ec-to-dos-use-approval-hub.md","49","../../sn-ms-outlook/task/oam-concur.md","markdown/sn-ms-outlook/task/oam-concur.md","markdown-link","Manage approvals from a Microsoft Outlook email","",""
"markdown","missing target file","markdown/employee-service-management/employee-experience-foundation/ec-to-dos-use.md","122","../../sn-teams/task/va-concur.md","markdown/sn-teams/task/va-concur.md","markdown-link","Manage approvals from Microsoft Teams","",""
"markdown","missing target file","markdown/employee-service-management/employee-experience-foundation/ec-to-dos-use.md","124","../../sn-ms-outlook/task/oam-concur.md","markdown/sn-ms-outlook/task/oam-concur.md","markdown-link","Manage approvals from a Microsoft Outlook email","",""
"markdown","missing target file","markdown/employee-service-management/employee-experience-foundation/ec-topic-use.md","139","../../sn-teams/task/va-concur.md","markdown/sn-teams/task/va-concur.md","markdown-link","Manage approvals from Microsoft Teams","",""
"markdown","missing target file","markdown/employee-service-management/employee-experience-foundation/ec-topic-use.md","141","../../sn-ms-outlook/task/oam-concur.md","markdown/sn-ms-outlook/task/oam-concur.md","markdown-link","Manage approvals from a Microsoft Outlook email","",""
"markdown","missing target file","markdown/employee-service-management/employee-experience-foundation/employee-sn-ms-teams.md","39","../task/va-concur.md","markdown/employee-service-management/task/va-concur.md","markdown-link","Manage approvals from Microsoft Teams","",""
"markdown","missing target file","markdown/employee-service-management/employee-experience-foundation/explore-itsm-ec.md","143","../../concept/employee-center-favorites.md","markdown/concept/employee-center-favorites.md","markdown-link","Cross-channel Favorites","",""
"markdown","missing target file","markdown/employee-service-management/employee-experience-foundation/gss-guided-self-service-homepage.md","55","../../sn-teams/task/va-concur.md","markdown/sn-teams/task/va-concur.md","markdown-link","Manage approvals from Microsoft Teams","",""
"markdown","missing target file","markdown/employee-service-management/employee-experience-foundation/gss-guided-self-service-homepage.md","57","../../sn-ms-outlook/task/oam-concur.md","markdown/sn-ms-outlook/task/oam-concur.md","markdown-link","Manage approvals from a Microsoft Outlook email","",""
"markdown","missing target file","markdown/employee-service-management/employee-experience-foundation/oam-concur-ec.md","81","../../sn-teams/task/va-concur.md","markdown/sn-teams/task/va-concur.md","markdown-link","Manage approvals from Microsoft Teams","",""
"markdown","missing target file","markdown/employee-service-management/employee-experience-foundation/rfy-employee.md","41","../../sn-teams/task/va-concur.md","markdown/sn-teams/task/va-concur.md","markdown-link","Manage approvals from Microsoft Teams","",""
"markdown","missing target file","markdown/employee-service-management/employee-experience-foundation/rfy-employee.md","43","../../sn-ms-outlook/task/oam-concur.md","markdown/sn-ms-outlook/task/oam-concur.md","markdown-link","Manage approvals from a Microsoft Outlook email","",""
"markdown","missing target file","markdown/employee-service-management/employee-experience-foundation/setup-browse-experience.md","39","employee-center-favorites.md","markdown/employee-service-management/employee-experience-foundation/employee-center-favorites.md","markdown-link","Cross-channel favorites","",""
"markdown","missing target file","markdown/employee-service-management/employee-experience-foundation/topic-managers-and-contributors-for-topic-page-management.md","42","../../sn-teams/task/va-concur.md","markdown/sn-teams/task/va-concur.md","markdown-link","Manage approvals from Microsoft Teams","",""
"markdown","missing target file","markdown/employee-service-management/employee-experience-foundation/topic-managers-and-contributors-for-topic-page-management.md","44","../../sn-ms-outlook/task/oam-concur.md","markdown/sn-ms-outlook/task/oam-concur.md","markdown-link","Manage approvals from a Microsoft Outlook email","",""
"markdown","missing target file","markdown/employee-service-management/employee-experience-foundation/update-employee-profile.md","55","../../sn-teams/task/va-concur.md","markdown/sn-teams/task/va-concur.md","markdown-link","Manage approvals from Microsoft Teams","",""
"markdown","missing target file","markdown/employee-service-management/employee-experience-foundation/update-employee-profile.md","57","../../sn-ms-outlook/task/oam-concur.md","markdown/sn-ms-outlook/task/oam-concur.md","markdown-link","Manage approvals from a Microsoft Outlook email","",""
"markdown","missing target file","markdown/employee-service-management/employee-experience-foundation/using-emp-center.md","26","../../sn-teams/task/va-concur.md","markdown/sn-teams/task/va-concur.md","markdown-link","Manage approvals from Microsoft Teams","",""
"markdown","missing target file","markdown/employee-service-management/employee-experience-foundation/using-emp-center.md","28","../../sn-ms-outlook/task/oam-concur.md","markdown/sn-ms-outlook/task/oam-concur.md","markdown-link","Manage approvals from a Microsoft Outlook email","",""
"markdown","missing target file","markdown/employee-service-management/employee-experience-foundation/using-personalized-search-on-employee-center.md","41","../../sn-teams/task/va-concur.md","markdown/sn-teams/task/va-concur.md","markdown-link","Manage approvals from Microsoft Teams","",""
"markdown","missing target file","markdown/employee-service-management/employee-experience-foundation/using-personalized-search-on-employee-center.md","43","../../sn-ms-outlook/task/oam-concur.md","markdown/sn-ms-outlook/task/oam-concur.md","markdown-link","Manage approvals from a Microsoft Outlook email","",""
"markdown","missing target file","markdown/employee-service-management/employee-experience-foundation/using-sn-ms-outlook.md","26","../task/oam-concur.md","markdown/employee-service-management/task/oam-concur.md","markdown-link","Manage approvals from a Microsoft Outlook email","",""
"markdown","missing target file","markdown/employee-service-management/employee-experience-foundation/va-concur-ec.md","90","../../sn-ms-outlook/task/oam-concur.md","markdown/sn-ms-outlook/task/oam-concur.md","markdown-link","Manage approvals from a Microsoft Outlook email","",""
"markdown","missing target file","markdown/employee-service-management/employee-experience-foundation/view-org-chart.md","41","../../sn-teams/task/va-concur.md","markdown/sn-teams/task/va-concur.md","markdown-link","Manage approvals from Microsoft Teams","",""
"markdown","missing target file","markdown/employee-service-management/employee-experience-foundation/view-org-chart.md","43","../../sn-ms-outlook/task/oam-concur.md","markdown/sn-ms-outlook/task/oam-concur.md","markdown-link","Manage approvals from a Microsoft Outlook email","",""
"markdown","missing target file","markdown/employee-service-management/employee-experience-foundation/web-application-employee.md","44","../../sn-teams/task/va-concur.md","markdown/sn-teams/task/va-concur.md","markdown-link","Manage approvals from Microsoft Teams","",""
"markdown","missing target file","markdown/employee-service-management/employee-experience-foundation/web-application-employee.md","46","../../sn-ms-outlook/task/oam-concur.md","markdown/sn-ms-outlook/task/oam-concur.md","markdown-link","Manage approvals from a Microsoft Outlook email","",""
"markdown","missing target file","markdown/employee-service-management/employee-experience-foundation/web-configure-favorites-employee.md","59","../concept/employee-center-favorites.md","markdown/employee-service-management/concept/employee-center-favorites.md","markdown-link","Cross-channel favorites","",""
"markdown","missing target file","markdown/employee-service-management/employee-experience-foundation/web-configure-favorites-employee.md","75","../../sn-teams/task/va-concur.md","markdown/sn-teams/task/va-concur.md","markdown-link","Manage approvals from Microsoft Teams","",""
"markdown","missing target file","markdown/employee-service-management/employee-experience-foundation/web-configure-favorites-employee.md","77","../../sn-ms-outlook/task/oam-concur.md","markdown/sn-ms-outlook/task/oam-concur.md","markdown-link","Manage approvals from a Microsoft Outlook email","",""
"markdown","missing target file","markdown/employee-service-management/employee-experience-foundation/zoom-create-email-notification.md","50","../../sn-teams/task/va-concur.md","markdown/sn-teams/task/va-concur.md","markdown-link","Manage approvals from Microsoft Teams","",""
"markdown","missing target file","markdown/employee-service-management/employee-experience-foundation/zoom-create-email-notification.md","52","../../sn-ms-outlook/task/oam-concur.md","markdown/sn-ms-outlook/task/oam-concur.md","markdown-link","Manage approvals from a Microsoft Outlook email","",""
"markdown","missing target file","markdown/employee-service-management/employee-service-management-overview.md","33","egd-employee-growth-development-suite.md","markdown/employee-service-management/egd-employee-growth-development-suite.md","markdown-link","Intuitively manage career growth and development.![](../../../reuse/icons/brand-icons/bus-security-incident-response.svg)Use Growth Experiences suite of prod...","",""
"markdown","missing target file","markdown/employee-service-management/employee-service-management/add-a-floor-1.md","281","raise-a-space-recommendation-request.md","markdown/employee-service-management/employee-service-management/raise-a-space-recommendation-request.md","markdown-link","Raise a space assistance request","",""
"markdown","missing target file","markdown/employee-service-management/employee-service-management/add-new-building-1.md","302","raise-a-space-recommendation-request.md","markdown/employee-service-management/employee-service-management/raise-a-space-recommendation-request.md","markdown-link","Raise a space assistance request","",""
"markdown","missing target file","markdown/employee-service-management/employee-service-management/Reconfig-office-space-1.md","88","../../workplace-space-management/task/raise-a-space-recommendation-request.md","markdown/workplace-space-management/task/raise-a-space-recommendation-request.md","markdown-link","Raise a space assistance request","",""
"markdown","missing target file","markdown/employee-service-management/eslate-employee-comms.md","52","../task/eslate-create-announcement.md","markdown/task/eslate-create-announcement.md","markdown-link","Create an Employee Slate announcement","",""
"markdown","missing target file","markdown/employee-service-management/eslate-employee-slate-announcement-fields.md","19","../task/eslate-create-announcement.md","markdown/task/eslate-create-announcement.md","markdown-link","Create an Employee Slate announcement","",""
"markdown","missing target file","markdown/employee-service-management/eslate-getting-started-employee-slate.md","45","../task/eslate-create-announcement.md","markdown/task/eslate-create-announcement.md","markdown-link","Create an Employee Slate announcement","",""
"markdown","missing target file","markdown/employee-service-management/hr-service-delivery/hr-service-delivery.md","47","../../employee-service-management/concept/egd-employee-growth-development-suite.md","markdown/employee-service-management/concept/egd-employee-growth-development-suite.md","markdown-link","Growth Experiences![](../../../reuse/icons/brand-icons/bus-manage.svg)Help employees develop, grow and deliver on critical business outcomes","",""
"markdown","missing target file","markdown/employee-service-management/index.md","4256","now-assist-for-wsd/implement-autonomous-l1-agent-for-workplace.md","markdown/employee-service-management/now-assist-for-wsd/implement-autonomous-l1-agent-for-workplace.md","markdown-link","implement-autonomous-l1-agent-for-workplace","",""
"markdown","missing target file","markdown/employee-service-management/learning-core/collection-form-lc.md","187","lifecycle-stages-collection.md","markdown/employee-service-management/learning-core/lifecycle-stages-collection.md","markdown-link","Life-cycle stages of a content collection in Learning Core","",""
"markdown","missing target file","markdown/employee-service-management/learning-core/collection-form-lc.md","189","learning-internal-content-form.md","markdown/employee-service-management/learning-core/learning-internal-content-form.md","markdown-link","Learning internal content form","",""
"markdown","missing target file","markdown/employee-service-management/learning-core/course-catalog-table.md","43","lifecycle-stages-collection.md","markdown/employee-service-management/learning-core/lifecycle-stages-collection.md","markdown-link","Life-cycle stages of a content collection in Learning Core","",""
"markdown","missing target file","markdown/employee-service-management/learning-core/course-catalog-table.md","45","learning-internal-content-form.md","markdown/employee-service-management/learning-core/learning-internal-content-form.md","markdown-link","Learning internal content form","",""
"markdown","missing target file","markdown/employee-service-management/learning-core/create-internal-learning-content.md","30","../reference/learning-internal-content-form.md","markdown/employee-service-management/reference/learning-internal-content-form.md","markdown-link","Learning internal content form","",""
"markdown","missing target file","markdown/employee-service-management/learning-core/create-internal-learning-content.md","65","../reference/learning-internal-content-form.md","markdown/employee-service-management/reference/learning-internal-content-form.md","markdown-link","Learning internal content form","",""
"markdown","missing target file","markdown/employee-service-management/learning-core/create-ln-cnt.md","30","../reference/learning-internal-content-form.md","markdown/employee-service-management/reference/learning-internal-content-form.md","markdown-link","Learning internal content form","",""
"markdown","missing target file","markdown/employee-service-management/learning-core/create-ln-cnt.md","54","../reference/learning-internal-content-form.md","markdown/employee-service-management/reference/learning-internal-content-form.md","markdown-link","Learning internal content form","",""
"markdown","missing target file","markdown/employee-service-management/learning-core/learning-core-components-installed.md","190","lifecycle-stages-collection.md","markdown/employee-service-management/learning-core/lifecycle-stages-collection.md","markdown-link","Life-cycle stages of a content collection in Learning Core","",""
"markdown","missing target file","markdown/employee-service-management/learning-core/learning-core-components-installed.md","192","learning-internal-content-form.md","markdown/employee-service-management/learning-core/learning-internal-content-form.md","markdown-link","Learning internal content form","",""
"markdown","missing target file","markdown/employee-service-management/learning-core/learning-core-reference.md","26","lifecycle-stages-collection.md","markdown/employee-service-management/learning-core/lifecycle-stages-collection.md","markdown-link","Life-cycle stages of a content collection in Learning Core","",""
"markdown","missing target file","markdown/employee-service-management/learning-core/learning-core-reference.md","28","learning-internal-content-form.md","markdown/employee-service-management/learning-core/learning-internal-content-form.md","markdown-link","Learning internal content form","",""
"markdown","missing target file","markdown/employee-service-management/learning-core/learning-experience-reference.md","20","learning-internal-content-form.md","markdown/employee-service-management/learning-core/learning-internal-content-form.md","markdown-link","Learning internal content form","",""
"markdown","missing target file","markdown/employee-service-management/learning-core/learning-experience-reference.md","34","lifecycle-stages-collection.md","markdown/employee-service-management/learning-core/lifecycle-stages-collection.md","markdown-link","Life-cycle stages of a content collection in Learning Core","",""
"markdown","missing target file","markdown/employee-service-management/learning-core/learning-external-contents-form.md","44","lifecycle-stages-collection.md","markdown/employee-service-management/learning-core/lifecycle-stages-collection.md","markdown-link","Life-cycle stages of a content collection in Learning Core","",""
"markdown","missing target file","markdown/employee-service-management/learning-core/learning-external-contents-form.md","46","learning-internal-content-form.md","markdown/employee-service-management/learning-core/learning-internal-content-form.md","markdown-link","Learning internal content form","",""
"markdown","missing target file","markdown/employee-service-management/learning-core/learning-internal-content-form-exp.md","233","lifecycle-stages-collection.md","markdown/employee-service-management/learning-core/lifecycle-stages-collection.md","markdown-link","Life-cycle stages of a content collection in Learning Core","",""
"markdown","missing target file","markdown/employee-service-management/learning-core/learning-library-form.md","86","lifecycle-stages-collection.md","markdown/employee-service-management/learning-core/lifecycle-stages-collection.md","markdown-link","Life-cycle stages of a content collection in Learning Core","",""
"markdown","missing target file","markdown/employee-service-management/learning-core/learning-library-form.md","88","learning-internal-content-form.md","markdown/employee-service-management/learning-core/learning-internal-content-form.md","markdown-link","Learning internal content form","",""
"markdown","missing target file","markdown/employee-service-management/learning-core/learning-task-form.md","41","lifecycle-stages-collection.md","markdown/employee-service-management/learning-core/lifecycle-stages-collection.md","markdown-link","Life-cycle stages of a content collection in Learning Core","",""
"markdown","missing target file","markdown/employee-service-management/learning-core/learning-task-form.md","43","learning-internal-content-form.md","markdown/employee-service-management/learning-core/learning-internal-content-form.md","markdown-link","Learning internal content form","",""
"markdown","missing target file","markdown/employee-service-management/learning-core/lifecycle-stages-collection-exp.md","42","learning-internal-content-form.md","markdown/employee-service-management/learning-core/learning-internal-content-form.md","markdown-link","Learning internal content form","",""
"markdown","missing target file","markdown/employee-service-management/now-assist-for-wsd/automate-map-updates-agent-ai.md","70","implement-autonomous-l1-agent-for-workplace.md","markdown/employee-service-management/now-assist-for-wsd/implement-autonomous-l1-agent-for-workplace.md","markdown-link","implement-autonomous-l1-agent-for-workplace.md","",""
"markdown","missing target file","markdown/employee-service-management/now-assist-for-wsd/maintenance-meeting-room-agent-ai.md","203","implement-autonomous-l1-agent-for-workplace.md","markdown/employee-service-management/now-assist-for-wsd/implement-autonomous-l1-agent-for-workplace.md","markdown-link","implement-autonomous-l1-agent-for-workplace.md","",""
"markdown","missing target file","markdown/employee-service-management/now-assist-for-wsd/manage-workplace-reservations-agent-ai.md","155","implement-autonomous-l1-agent-for-workplace.md","markdown/employee-service-management/now-assist-for-wsd/implement-autonomous-l1-agent-for-workplace.md","markdown-link","implement-autonomous-l1-agent-for-workplace.md","",""
"markdown","missing target file","markdown/employee-service-management/now-assist-for-wsd/now-assist-wsd-using-agentic-use-cases.md","125","implement-autonomous-l1-agent-for-workplace.md","markdown/employee-service-management/now-assist-for-wsd/implement-autonomous-l1-agent-for-workplace.md","markdown-link","implement-autonomous-l1-agent-for-workplace.md","",""
"markdown","missing target file","markdown/employee-service-management/now-assist-for-wsd/optimise-cleaning-agent-overview.md","70","implement-autonomous-l1-agent-for-workplace.md","markdown/employee-service-management/now-assist-for-wsd/implement-autonomous-l1-agent-for-workplace.md","markdown-link","implement-autonomous-l1-agent-for-workplace.md","",""
"markdown","missing target file","markdown/employee-service-management/now-assist-for-wsd/workplace-advisor-overview.md","52","implement-autonomous-l1-agent-for-workplace.md","markdown/employee-service-management/now-assist-for-wsd/implement-autonomous-l1-agent-for-workplace.md","markdown-link","implement-autonomous-l1-agent-for-workplace.md","",""
"markdown","missing target file","markdown/employee-service-management/now-assist-for-wsd/workplace-concierge-ai-agent.md","81","implement-autonomous-l1-agent-for-workplace.md","markdown/employee-service-management/now-assist-for-wsd/implement-autonomous-l1-agent-for-workplace.md","markdown-link","implement-autonomous-l1-agent-for-workplace.md","",""
"markdown","missing target file","markdown/employee-service-management/safe-workplace/workplace-manager-dashboard.md","72","../concept/workplace-dashboards.md","markdown/employee-service-management/concept/workplace-dashboards.md","markdown-link","Workplace dashboards","",""
"markdown","missing target file","markdown/employee-service-management/safe-workplace/wsm-workplace-dashboard.md","76","../concept/workplace-dashboards.md","markdown/employee-service-management/concept/workplace-dashboards.md","markdown-link","Workplace dashboards","",""
"markdown","missing target file","markdown/employee-service-management/talent-development-core/exploring-skills-intelligence.md","26","../../employee-service-management/concept/egd-employee-growth-development-suite.md","markdown/employee-service-management/concept/egd-employee-growth-development-suite.md","markdown-link","Growth Experiences","",""
"markdown","missing target file","markdown/employee-service-management/workplace-case-management/edit-workplace-request.md","83","../../workplace-space-management/task/raise-a-space-recommendation-request.md","markdown/workplace-space-management/task/raise-a-space-recommendation-request.md","markdown-link","Raise a space assistance request","",""
"markdown","missing target file","markdown/employee-service-management/workplace-case-management/request-desk-change.md","217","../../workplace-space-management/task/raise-a-space-recommendation-request.md","markdown/workplace-space-management/task/raise-a-space-recommendation-request.md","markdown-link","Raise a space assistance request","",""
"markdown","missing target file","markdown/employee-service-management/workplace-case-management/request-furniture.md","135","../../workplace-space-management/task/raise-a-space-recommendation-request.md","markdown/workplace-space-management/task/raise-a-space-recommendation-request.md","markdown-link","Raise a space assistance request","",""
"markdown","missing target file","markdown/employee-service-management/workplace-case-management/request-workplace-services.md","30","../../workplace-space-management/task/raise-a-space-recommendation-request.md","markdown/workplace-space-management/task/raise-a-space-recommendation-request.md","markdown-link","Raise a space assistance request","",""
"markdown","missing target file","markdown/employee-service-management/workplace-case-management/submit-a-badge-request.md","183","../../workplace-space-management/task/raise-a-space-recommendation-request.md","markdown/workplace-space-management/task/raise-a-space-recommendation-request.md","markdown-link","Raise a space assistance request","",""
"markdown","missing target file","markdown/employee-service-management/workplace-case-management/submit-a-catering-request.md","187","../../workplace-space-management/task/raise-a-space-recommendation-request.md","markdown/workplace-space-management/task/raise-a-space-recommendation-request.md","markdown-link","Raise a space assistance request","",""
"markdown","missing target file","markdown/employee-service-management/workplace-case-management/submit-a-cleaning-request.md","177","../../workplace-space-management/task/raise-a-space-recommendation-request.md","markdown/workplace-space-management/task/raise-a-space-recommendation-request.md","markdown-link","Raise a space assistance request","",""
"markdown","missing target file","markdown/employee-service-management/workplace-case-management/submit-a-equipment-request.md","179","../../workplace-space-management/task/raise-a-space-recommendation-request.md","markdown/workplace-space-management/task/raise-a-space-recommendation-request.md","markdown-link","Raise a space assistance request","",""
"markdown","missing target file","markdown/employee-service-management/workplace-case-management/submit-a-maintenance-request.md","161","../../workplace-space-management/task/raise-a-space-recommendation-request.md","markdown/workplace-space-management/task/raise-a-space-recommendation-request.md","markdown-link","Raise a space assistance request","",""
"markdown","missing target file","markdown/employee-service-management/workplace-case-management/submit-a-tech-support-request.md","179","../../workplace-space-management/task/raise-a-space-recommendation-request.md","markdown/workplace-space-management/task/raise-a-space-recommendation-request.md","markdown-link","Raise a space assistance request","",""
"markdown","missing target file","markdown/employee-service-management/workplace-case-management/submit-change-event-reservation.md","66","../../workplace-space-management/task/raise-a-space-recommendation-request.md","markdown/workplace-space-management/task/raise-a-space-recommendation-request.md","markdown-link","Raise a space assistance request","",""
"markdown","missing target file","markdown/employee-service-management/workplace-case-management/submit-emergency-maint-request.md","59","../../workplace-space-management/task/raise-a-space-recommendation-request.md","markdown/workplace-space-management/task/raise-a-space-recommendation-request.md","markdown-link","Raise a space assistance request","",""
"markdown","missing target file","markdown/employee-service-management/workplace-case-management/submit-gen-workplace-serv-req.md","100","../../workplace-space-management/task/raise-a-space-recommendation-request.md","markdown/workplace-space-management/task/raise-a-space-recommendation-request.md","markdown-link","Raise a space assistance request","",""
"markdown","missing target file","markdown/employee-service-management/workplace-case-management/submit-heating-and-cooling-request.md","175","../../workplace-space-management/task/raise-a-space-recommendation-request.md","markdown/workplace-space-management/task/raise-a-space-recommendation-request.md","markdown-link","Raise a space assistance request","",""
"markdown","missing target file","markdown/employee-service-management/workplace-central/add-or-edit-user-assignments-of-a-neighbourhood.md","27","create-a-scenario.md","markdown/employee-service-management/workplace-central/create-a-scenario.md","markdown-link","Create a scenario","",""
"markdown","missing target file","markdown/employee-service-management/workplace-central/add-or-edit-user-assignments-of-a-neighbourhood.md","121","edit-scenario-stack-plan.md","markdown/employee-service-management/workplace-central/edit-scenario-stack-plan.md","markdown-link","Edit a scenario using the stack plan","",""
"markdown","missing target file","markdown/employee-service-management/workplace-central/add-or-edit-user-assignments-of-a-neighbourhood.md","123","edit-scenario-floor-map.md","markdown/employee-service-management/workplace-central/edit-scenario-floor-map.md","markdown-link","Edit a scenario using the floor map","",""
"markdown","missing target file","markdown/employee-service-management/workplace-central/approve-a-scenario.md","79","../../workplace-space-management/task/raise-a-space-recommendation-request.md","markdown/workplace-space-management/task/raise-a-space-recommendation-request.md","markdown-link","Raise a space assistance request","",""
"markdown","missing target file","markdown/employee-service-management/workplace-central/approve-a-space-assist-request.md","73","../../workplace-space-management/task/raise-a-space-recommendation-request.md","markdown/workplace-space-management/task/raise-a-space-recommendation-request.md","markdown-link","Raise a space assistance request","",""
"markdown","missing target file","markdown/employee-service-management/workplace-central/change-owner-of-a-scenario.md","22","create-a-scenario.md","markdown/employee-service-management/workplace-central/create-a-scenario.md","markdown-link","Create a scenario","",""
"markdown","missing target file","markdown/employee-service-management/workplace-central/change-owner-of-a-scenario.md","106","create-a-scenario.md","markdown/employee-service-management/workplace-central/create-a-scenario.md","markdown-link","Create a scenario","",""
"markdown","missing target file","markdown/employee-service-management/workplace-central/change-owner-of-a-scenario.md","116","deploy-a-scenoria.md","markdown/employee-service-management/workplace-central/deploy-a-scenoria.md","markdown-link","Deploy a scenario","",""
"markdown","missing target file","markdown/employee-service-management/workplace-central/create-copy-of-scenario.md","62","create-a-scenario.md","markdown/employee-service-management/workplace-central/create-a-scenario.md","markdown-link","Create a scenario","",""
"markdown","missing target file","markdown/employee-service-management/workplace-central/create-copy-of-scenario.md","69","create-a-scenario.md","markdown/employee-service-management/workplace-central/create-a-scenario.md","markdown-link","Create a scenario","",""
"markdown","missing target file","markdown/employee-service-management/workplace-central/create-copy-of-scenario.md","81","deploy-a-scenoria.md","markdown/employee-service-management/workplace-central/deploy-a-scenoria.md","markdown-link","Deploy a scenario","",""
"markdown","missing target file","markdown/employee-service-management/workplace-central/create-multi-building-scenario.md","125","deploy-a-scenoria.md","markdown/employee-service-management/workplace-central/deploy-a-scenoria.md","markdown-link","Deploy a scenario","",""
"markdown","missing target file","markdown/employee-service-management/workplace-central/deploy-neighborhood-scenario.md","21","create-a-scenario.md","markdown/employee-service-management/workplace-central/create-a-scenario.md","markdown-link","Create a scenario","",""
"markdown","missing target file","markdown/employee-service-management/workplace-central/deploy-neighborhood-scenario.md","102","create-a-scenario.md","markdown/employee-service-management/workplace-central/create-a-scenario.md","markdown-link","Create a scenario","",""
"markdown","missing target file","markdown/employee-service-management/workplace-central/edit-view-scenario-floormap.md","20","create-a-scenario.md","markdown/employee-service-management/workplace-central/create-a-scenario.md","markdown-link","Create a scenario","",""
"markdown","missing target file","markdown/employee-service-management/workplace-central/edit-view-scenario-floormap.md","239","edit-scenario-stack-plan.md","markdown/employee-service-management/workplace-central/edit-scenario-stack-plan.md","markdown-link","Edit a scenario using the stack plan","",""
"markdown","missing target file","markdown/employee-service-management/workplace-central/edit-view-stackplan-multi-building.md","20","create-a-scenario.md","markdown/employee-service-management/workplace-central/create-a-scenario.md","markdown-link","Create a scenario","",""
"markdown","missing target file","markdown/employee-service-management/workplace-central/edit-view-stackplan-multi-building.md","129","edit-scenario-floor-map.md","markdown/employee-service-management/workplace-central/edit-scenario-floor-map.md","markdown-link","Edit a scenario using the floor map","",""
"markdown","missing target file","markdown/employee-service-management/workplace-central/manage-workplace-central.md","24","../../workplace-space-management/task/raise-a-space-recommendation-request.md","markdown/workplace-space-management/task/raise-a-space-recommendation-request.md","markdown-link","Raise a space assistance request","",""
"markdown","missing target file","markdown/employee-service-management/workplace-central/map-based-space-administration.md","37","../task/create-a-scenario.md","markdown/employee-service-management/task/create-a-scenario.md","markdown-link","Create a scenario","",""
"markdown","missing target file","markdown/employee-service-management/workplace-central/map-based-space-administration.md","49","../task/deploy-a-scenoria.md","markdown/employee-service-management/task/deploy-a-scenoria.md","markdown-link","Deploy a scenario","",""
"markdown","missing target file","markdown/employee-service-management/workplace-central/publish-a-scenario.md","20","create-a-scenario.md","markdown/employee-service-management/workplace-central/create-a-scenario.md","markdown-link","Create a scenario","",""
"markdown","missing target file","markdown/employee-service-management/workplace-central/publish-a-scenario.md","113","create-a-scenario.md","markdown/employee-service-management/workplace-central/create-a-scenario.md","markdown-link","Create a scenario","",""
"markdown","missing target file","markdown/employee-service-management/workplace-central/publish-a-scenario.md","123","deploy-a-scenoria.md","markdown/employee-service-management/workplace-central/deploy-a-scenoria.md","markdown-link","Deploy a scenario","",""
"markdown","missing target file","markdown/employee-service-management/workplace-central/review-a-scenario.md","71","create-a-scenario.md","markdown/employee-service-management/workplace-central/create-a-scenario.md","markdown-link","Create a scenario","",""
"markdown","missing target file","markdown/employee-service-management/workplace-central/review-a-scenario.md","81","deploy-a-scenoria.md","markdown/employee-service-management/workplace-central/deploy-a-scenoria.md","markdown-link","Deploy a scenario","",""
"markdown","missing target file","markdown/employee-service-management/workplace-central/send-a-scenario-for-approval.md","22","create-a-scenario.md","markdown/employee-service-management/workplace-central/create-a-scenario.md","markdown-link","Create a scenario","",""
"markdown","missing target file","markdown/employee-service-management/workplace-central/send-a-scenario-for-approval.md","123","deploy-a-scenoria.md","markdown/employee-service-management/workplace-central/deploy-a-scenoria.md","markdown-link","Deploy a scenario","",""
"markdown","missing target file","markdown/employee-service-management/workplace-central/send-a-scenario-for-approval.md","132","deploy-a-scenoria.md","markdown/employee-service-management/workplace-central/deploy-a-scenoria.md","markdown-link","Deploy a scenario","",""
"markdown","missing target file","markdown/employee-service-management/workplace-central/send-a-scenario-for-approval.md","139","create-a-scenario.md","markdown/employee-service-management/workplace-central/create-a-scenario.md","markdown-link","Create a scenario","",""
"markdown","missing target file","markdown/employee-service-management/workplace-central/send-a-scenario-for-approval.md","149","deploy-a-scenoria.md","markdown/employee-service-management/workplace-central/deploy-a-scenoria.md","markdown-link","Deploy a scenario","",""
"markdown","missing target file","markdown/employee-service-management/workplace-central/space-optmization-features-and-actions-.md","23","../task/create-a-scenario.md","markdown/employee-service-management/task/create-a-scenario.md","markdown-link","Create a scenario","",""
"markdown","missing target file","markdown/employee-service-management/workplace-central/view-or-edit-space-alloctions-of-a-building.md","133","create-a-scenario.md","markdown/employee-service-management/workplace-central/create-a-scenario.md","markdown-link","Create a scenario","",""
"markdown","missing target file","markdown/employee-service-management/workplace-central/view-or-edit-space-alloctions-of-a-building.md","145","deploy-a-scenoria.md","markdown/employee-service-management/workplace-central/deploy-a-scenoria.md","markdown-link","Deploy a scenario","",""
"markdown","missing target file","markdown/employee-service-management/workplace-central/view-scenario-change-details.md","20","create-a-scenario.md","markdown/employee-service-management/workplace-central/create-a-scenario.md","markdown-link","Create a scenario","",""
"markdown","missing target file","markdown/employee-service-management/workplace-central/view-scenario-change-details.md","102","create-a-scenario.md","markdown/employee-service-management/workplace-central/create-a-scenario.md","markdown-link","Create a scenario","",""
"markdown","missing target file","markdown/employee-service-management/workplace-central/view-scenario-change-details.md","114","deploy-a-scenoria.md","markdown/employee-service-management/workplace-central/deploy-a-scenoria.md","markdown-link","Deploy a scenario","",""
"markdown","missing target file","markdown/employee-service-management/workplace-central/view-space-optimization-board.md","74","../../workplace-space-management/task/raise-a-space-recommendation-request.md","markdown/workplace-space-management/task/raise-a-space-recommendation-request.md","markdown-link","Raise a space assistance request","",""
"markdown","missing target file","markdown/employee-service-management/workplace-central/viewing-editing-scenario.md","65","../task/edit-scenario-stack-plan.md","markdown/employee-service-management/task/edit-scenario-stack-plan.md","markdown-link","Edit a scenario using the stack plan","",""
"markdown","missing target file","markdown/employee-service-management/workplace-central/viewing-editing-scenario.md","67","../task/edit-scenario-floor-map.md","markdown/employee-service-management/task/edit-scenario-floor-map.md","markdown-link","Edit a scenario using the floor map","",""
"markdown","missing target file","markdown/employee-service-management/workplace-central/viewing-editing-scenario.md","77","../task/create-a-scenario.md","markdown/employee-service-management/task/create-a-scenario.md","markdown-link","Create a scenario","",""
"markdown","missing target file","markdown/employee-service-management/workplace-central/viewing-editing-scenario.md","87","../task/deploy-a-scenoria.md","markdown/employee-service-management/task/deploy-a-scenoria.md","markdown-link","Deploy a scenario","",""
"markdown","missing target file","markdown/employee-service-management/workplace-central/work-on-space-assist-request.md","122","create-a-scenario.md","markdown/employee-service-management/workplace-central/create-a-scenario.md","markdown-link","Create a scenario","",""
"markdown","missing target file","markdown/employee-service-management/workplace-central/work-on-space-assist-request.md","134","deploy-a-scenoria.md","markdown/employee-service-management/workplace-central/deploy-a-scenoria.md","markdown-link","Deploy a scenario","",""
"markdown","missing target file","markdown/employee-service-management/workplace-central/working-with-space-optimization.md","20","../task/create-a-scenario.md","markdown/employee-service-management/task/create-a-scenario.md","markdown-link","Create a scenario","",""
"markdown","missing target file","markdown/employee-service-management/workplace-central/working-with-space-optimization.md","32","../task/deploy-a-scenoria.md","markdown/employee-service-management/task/deploy-a-scenoria.md","markdown-link","Deploy a scenario","",""
"markdown","missing target file","markdown/employee-service-management/workplace-concierge/explore-workplace-concierge.md","57","../task/create-insights-proactive-prompts.md","markdown/employee-service-management/task/create-insights-proactive-prompts.md","markdown-link","Create custom insights using Proactive Prompts","",""
"markdown","missing target file","markdown/employee-service-management/workplace-concierge/manage-workplace-concierge.md","20","../task/create-insights-proactive-prompts.md","markdown/employee-service-management/task/create-insights-proactive-prompts.md","markdown-link","Create custom insights using Proactive Prompts","",""
"markdown","missing target file","markdown/employee-service-management/workplace-concierge/view-employee-routines-and-collaborators.md","56","create-insights-proactive-prompts.md","markdown/employee-service-management/workplace-concierge/create-insights-proactive-prompts.md","markdown-link","Create custom insights using Proactive Prompts","",""
"markdown","missing target file","markdown/employee-service-management/workplace-connectors/space-occupancy-data.md","91","../../workplace-service-delivery/concept/location-directory.md","markdown/workplace-service-delivery/concept/location-directory.md","markdown-link","Manage workplace activities and services with Location directory","",""
"markdown","missing target file","markdown/employee-service-management/workplace-core/configure-map-properties-location-directory.md","43","../concept/location-directory.md","markdown/employee-service-management/concept/location-directory.md","markdown-link","Manage workplace activities and services with Location directory","",""
"markdown","missing target file","markdown/employee-service-management/workplace-core/making-workspace-reservations.md","61","location-directory.md","markdown/employee-service-management/workplace-core/location-directory.md","markdown-link","Manage workplace activities and services with Location directory","",""
"markdown","missing target file","markdown/employee-service-management/workplace-core/neighborhoods.md","33","../../workplace-central/task/create-a-scenario.md","markdown/workplace-central/task/create-a-scenario.md","markdown-link","Create a scenario","",""
"markdown","missing target file","markdown/employee-service-management/workplace-core/neighborhoods.md","35","../../workplace-service-delivery/concept/location-directory.md","markdown/workplace-service-delivery/concept/location-directory.md","markdown-link","Manage workplace activities and services with Location directory","",""
"markdown","missing target file","markdown/employee-service-management/workplace-core/request-employee-services.md","28","location-directory.md","markdown/employee-service-management/workplace-core/location-directory.md","markdown-link","Manage workplace activities and services with Location directory","",""
"markdown","missing target file","markdown/employee-service-management/workplace-core/schedule-your-arrival-time-to-the-workplace-wsd.md","62","../concept/location-directory.md","markdown/employee-service-management/concept/location-directory.md","markdown-link","Manage workplace activities and services with Location directory","",""
"markdown","missing target file","markdown/employee-service-management/workplace-core/view-neighborhood-core.md","188","../../workplace-central/task/create-a-scenario.md","markdown/workplace-central/task/create-a-scenario.md","markdown-link","Create a scenario","",""
"markdown","missing target file","markdown/employee-service-management/workplace-core/wsd-card-view-loc-directory.md","168","../concept/location-directory.md","markdown/employee-service-management/concept/location-directory.md","markdown-link","Manage workplace activities and services with Location directory","",""
"markdown","missing target file","markdown/employee-service-management/workplace-core/wsd-map-view-loc-directiory.md","268","../concept/location-directory.md","markdown/employee-service-management/concept/location-directory.md","markdown-link","Manage workplace activities and services with Location directory","",""
"markdown","missing target file","markdown/employee-service-management/workplace-space-management/add-a-campus.md","214","raise-a-space-recommendation-request.md","markdown/employee-service-management/workplace-space-management/raise-a-space-recommendation-request.md","markdown-link","Raise a space assistance request","",""
"markdown","missing target file","markdown/employee-service-management/workplace-space-management/add-a-room.md","279","raise-a-space-recommendation-request.md","markdown/employee-service-management/workplace-space-management/raise-a-space-recommendation-request.md","markdown-link","Raise a space assistance request","",""
"markdown","missing target file","markdown/employee-service-management/workplace-space-management/add-a-space.md","356","raise-a-space-recommendation-request.md","markdown/employee-service-management/workplace-space-management/raise-a-space-recommendation-request.md","markdown-link","Raise a space assistance request","",""
"markdown","missing target file","markdown/employee-service-management/workplace-space-management/add-an-area.md","308","raise-a-space-recommendation-request.md","markdown/employee-service-management/workplace-space-management/raise-a-space-recommendation-request.md","markdown-link","Raise a space assistance request","",""
"markdown","missing target file","markdown/employee-service-management/workplace-space-management/add-cost-center-department-floor.md","181","raise-a-space-recommendation-request.md","markdown/employee-service-management/workplace-space-management/raise-a-space-recommendation-request.md","markdown-link","Raise a space assistance request","",""
"markdown","missing target file","markdown/employee-service-management/workplace-space-management/assign-a-flex-perm-space.md","91","raise-a-space-recommendation-request.md","markdown/employee-service-management/workplace-space-management/raise-a-space-recommendation-request.md","markdown-link","Raise a space assistance request","",""
"markdown","missing target file","markdown/employee-service-management/workplace-space-management/change-active-status-of-workplace-location.md","108","raise-a-space-recommendation-request.md","markdown/employee-service-management/workplace-space-management/raise-a-space-recommendation-request.md","markdown-link","Raise a space assistance request","",""
"markdown","missing target file","markdown/employee-service-management/workplace-space-management/configure-a-boma-type.md","74","raise-a-space-recommendation-request.md","markdown/employee-service-management/workplace-space-management/raise-a-space-recommendation-request.md","markdown-link","Raise a space assistance request","",""
"markdown","missing target file","markdown/employee-service-management/workplace-space-management/create-a-space-recommender-rule.md","178","raise-a-space-recommendation-request.md","markdown/employee-service-management/workplace-space-management/raise-a-space-recommendation-request.md","markdown-link","Raise a space assistance request","",""
"markdown","missing target file","markdown/employee-service-management/workplace-space-management/create-view-by-config.md","66","raise-a-space-recommendation-request.md","markdown/employee-service-management/workplace-space-management/raise-a-space-recommendation-request.md","markdown-link","Raise a space assistance request","",""
"markdown","missing target file","markdown/employee-service-management/workplace-space-management/Creating-workplace-location-records-using-spce-mgmt.md","79","../task/raise-a-space-recommendation-request.md","markdown/employee-service-management/task/raise-a-space-recommendation-request.md","markdown-link","Raise a space assistance request","",""
"markdown","missing target file","markdown/employee-service-management/workplace-space-management/map-a-space-type-with-boma-type.md","79","raise-a-space-recommendation-request.md","markdown/employee-service-management/workplace-space-management/raise-a-space-recommendation-request.md","markdown-link","Raise a space assistance request","",""
"markdown","missing target file","markdown/employee-service-management/workplace-space-management/reviewing-allocation-changes.md","147","../task/raise-a-space-recommendation-request.md","markdown/employee-service-management/task/raise-a-space-recommendation-request.md","markdown-link","Raise a space assistance request","",""
"markdown","missing target file","markdown/employee-service-management/workplace-space-management/update-measurement-details-of-workplace-location.md","106","raise-a-space-recommendation-request.md","markdown/employee-service-management/workplace-space-management/raise-a-space-recommendation-request.md","markdown-link","Raise a space assistance request","",""
"markdown","missing target file","markdown/environmental-social-governance/filter-citations-and-authority-documents-for-esg.md","42","../governance-risk-compliance/policy-and-compliance-management/t_CreateCitations.md","markdown/governance-risk-compliance/policy-and-compliance-management/t_CreateCitations.md","markdown-link","Create or deactivate a citation","",""
"markdown","missing target file","markdown/financial-services-operations/configure-the-authentication-profile.md","28","../reference/jwt-authentication.md","markdown/reference/jwt-authentication.md","markdown-link","../reference/jwt-authentication.md","",""
"markdown","missing target file","markdown/financial-services-operations/configure-the-authentication-profile.md","36","configure-financial-services-integration-with-verifi-cdrn.md","markdown/financial-services-operations/configure-financial-services-integration-with-verifi-cdrn.md","markdown-link","configure-financial-services-integration-with-verifi-cdrn.md","",""
"markdown","missing target file","markdown/financial-services-operations/financial-services-operations-verifi-cdrn-integration-app-landing-page.md","20","explore-fso-integration-with-verifi-cdrn.md","markdown/financial-services-operations/explore-fso-integration-with-verifi-cdrn.md","markdown-link","Explore ![](../../../reuse/icons/brand-icons/bus-explore.svg) Learn about the Financial Services Operations Integration with Verifi application.","",""
"markdown","missing target file","markdown/financial-services-operations/financial-services-operations-verifi-cdrn-integration-app-landing-page.md","24","../task/configure-financial-services-integration-with-verifi-cdrn.md","markdown/task/configure-financial-services-integration-with-verifi-cdrn.md","markdown-link","Configure![](../../../reuse/icons/brand-icons/bus-integration-and-apis.svg)Plan and configure Financial Services Operations Integration with Verifi.","",""
"markdown","missing target file","markdown/financial-services-operations/financial-services-operations-verifi-cdrn-integration-app-landing-page.md","28","../task/use-financial-services-operations-integration-with-verifi-cdrn.md","markdown/task/use-financial-services-operations-integration-with-verifi-cdrn.md","markdown-link","Use![](../../../reuse/icons/brand-icons/bus-sdlc.svg)Using the Financial Services Operations Integration with Verifi application as a dispute agent.","",""
"markdown","missing target file","markdown/financial-services-operations/financial-services-operations-verifi-cdrn-integration-app-landing-page.md","32","referring-financial-services-operations-integration-with-verifi-cdrn.md","markdown/financial-services-operations/referring-financial-services-operations-integration-with-verifi-cdrn.md","markdown-link","Reference![](../../../reuse/icons/brand-icons/bus-learn.svg)Get additional details to help you use Financial Services Operations Integration with Verifi appl...","",""
"markdown","missing target file","markdown/financial-services-operations/financial-services-operations-verifi-cdrn-integration-app-landing-page.md","87","explore-fso-integration-with-verifi-cdrn.md","markdown/financial-services-operations/explore-fso-integration-with-verifi-cdrn.md","markdown-link","explore-fso-integration-with-verifi-cdrn.md","",""
"markdown","missing target file","markdown/financial-services-operations/financial-services-operations-verifi-cdrn-integration-app-landing-page.md","89","../task/configure-financial-services-integration-with-verifi-cdrn.md","markdown/task/configure-financial-services-integration-with-verifi-cdrn.md","markdown-link","../task/configure-financial-services-integration-with-verifi-cdrn.md","",""
"markdown","missing target file","markdown/financial-services-operations/financial-services-operations-verifi-cdrn-integration-app-landing-page.md","91","../task/use-financial-services-operations-integration-with-verifi-cdrn.md","markdown/task/use-financial-services-operations-integration-with-verifi-cdrn.md","markdown-link","../task/use-financial-services-operations-integration-with-verifi-cdrn.md","",""
"markdown","missing target file","markdown/financial-services-operations/financial-services-operations-verifi-cdrn-integration-app-landing-page.md","93","referring-financial-services-operations-integration-with-verifi-cdrn.md","markdown/financial-services-operations/referring-financial-services-operations-integration-with-verifi-cdrn.md","markdown-link","referring-financial-services-operations-integration-with-verifi-cdrn.md","",""
"markdown","missing target file","markdown/financial-services-operations/index.md","118","explore-fso-integration-with-verifi-cdrn.md","markdown/financial-services-operations/explore-fso-integration-with-verifi-cdrn.md","markdown-link","explore-fso-integration-with-verifi-cdrn","",""
"markdown","missing target file","markdown/financial-services-operations/index.md","119","configure-financial-services-integration-with-verifi-cdrn.md","markdown/financial-services-operations/configure-financial-services-integration-with-verifi-cdrn.md","markdown-link","configure-financial-services-integration-with-verifi-cdrn","",""
"markdown","missing target file","markdown/financial-services-operations/index.md","120","configure-rest-end-point.md","markdown/financial-services-operations/configure-rest-end-point.md","markdown-link","configure-rest-end-point","",""
"markdown","missing target file","markdown/financial-services-operations/index.md","123","use-financial-services-operations-integration-with-verifi-cdrn.md","markdown/financial-services-operations/use-financial-services-operations-integration-with-verifi-cdrn.md","markdown-link","use-financial-services-operations-integration-with-verifi-cdrn","",""
"markdown","missing target file","markdown/financial-services-operations/index.md","124","referring-financial-services-operations-integration-with-verifi-cdrn.md","markdown/financial-services-operations/referring-financial-services-operations-integration-with-verifi-cdrn.md","markdown-link","referring-financial-services-operations-integration-with-verifi-cdrn","",""
"markdown","missing target file","markdown/financial-services-operations/index.md","125","jwt-authentication.md","markdown/financial-services-operations/jwt-authentication.md","markdown-link","jwt-authentication","",""
"markdown","missing target file","markdown/financial-services-operations/index.md","126","api-subflows-and-endpoints.md","markdown/financial-services-operations/api-subflows-and-endpoints.md","markdown-link","api-subflows-and-endpoints","",""
"markdown","missing target file","markdown/financial-services-operations/insurance-claims/view-claim-fraud-score.md","20","../../fso-friss-spoke/task/configure-ranges-for-scores.md","markdown/fso-friss-spoke/task/configure-ranges-for-scores.md","markdown-link","Configure the fraud score ranges with UI Builder","",""
"markdown","missing target file","markdown/financial-services-operations/insurance-claims/view-claim-fraud-score.md","43","../../fso-friss-spoke/task/configure-ranges-for-scores.md","markdown/fso-friss-spoke/task/configure-ranges-for-scores.md","markdown-link","Configure the fraud score ranges with UI Builder","",""
"markdown","missing target file","markdown/governance-risk-compliance/ai-risk-management/attest-controls-for-ai-systems.md","42","../../grc-policy-and-compliance/concept/c_Attestations.md#","markdown/grc-policy-and-compliance/concept/c_Attestations.md","markdown-link","Group control attestations using the Same Response feature","",""
"markdown","missing target file","markdown/governance-risk-compliance/ai-risk-management/attest-controls-for-ai-systems.md","43","../../grc-policy-and-compliance/concept/c_Attestations.md#","markdown/grc-policy-and-compliance/concept/c_Attestations.md","markdown-link","Group control attestations using the Different Response feature","",""
"markdown","missing target file","markdown/governance-risk-compliance/audit-management/audit-manager-dashboard.md","197","../../../product/grc-common/concept/advanced-grc-dashboard.md","product/grc-common/concept/advanced-grc-dashboard.md","markdown-link","Advanced Governance, Risk, and Compliance Application Risk dashboard","",""
"markdown","missing target file","markdown/governance-risk-compliance/audit-management/t_CreateEngagement.md","29","../../grc-policy-and-compliance/task/t_CreateAPolicyStatement.md","markdown/grc-policy-and-compliance/task/t_CreateAPolicyStatement.md","markdown-link","Create a control objective","",""
"markdown","missing target file","markdown/governance-risk-compliance/continuous-risk-monitoring/assess-control-effectiveness.md","96","../../grc-policy-and-compliance/concept/manage-indicators-policy-comp.md#","markdown/grc-policy-and-compliance/concept/manage-indicators-policy-comp.md","markdown-link","Manage control indicators","",""
"markdown","missing target file","markdown/governance-risk-compliance/continuous-risk-monitoring/cam-configure-word-based-template.md","20","../../grc-common/task/install-document-designer.md","markdown/grc-common/task/install-document-designer.md","markdown-link","Install the ServiceNow Document Designer add-in","",""
"markdown","missing target file","markdown/governance-risk-compliance/continuous-risk-monitoring/implement-controls.md","39","../../grc-policy-and-compliance/concept/c_Attestations.md#","markdown/grc-policy-and-compliance/concept/c_Attestations.md","markdown-link","Manage control attestations","",""
"markdown","missing target file","markdown/governance-risk-compliance/continuous-risk-monitoring/implement-controls.md","40","../../grc-policy-and-compliance/concept/manage-indicators-policy-comp.md#","markdown/grc-policy-and-compliance/concept/manage-indicators-policy-comp.md","markdown-link","Manage control indicators","",""
"markdown","missing target file","markdown/governance-risk-compliance/continuous-risk-monitoring/install-document-designer-referencing-for-cam-ato2.md","49","../concept/document-designer-template.md","markdown/governance-risk-compliance/concept/document-designer-template.md","markdown-link","../concept/document-designer-template.md","",""
"markdown","missing target file","markdown/governance-risk-compliance/grc-common-functions/common-grc-features.md","74","advanced-grc-dashboard.md","markdown/governance-risk-compliance/grc-common-functions/advanced-grc-dashboard.md","markdown-link","Advanced Governance, Risk, and Compliance Application Risk dashboard","",""
"markdown","missing target file","markdown/governance-risk-compliance/grc-common-functions/common-grc-features.md","78","document-designer-template.md","markdown/governance-risk-compliance/grc-common-functions/document-designer-template.md","markdown-link","document-designer-template.md","",""
"markdown","missing target file","markdown/governance-risk-compliance/grc-common-functions/configuring-audit-word-based-templates.md","40","../task/install-document-designer.md","markdown/governance-risk-compliance/task/install-document-designer.md","markdown-link","Install the ServiceNow Document Designer add-in","",""
"markdown","missing target file","markdown/governance-risk-compliance/grc-common-functions/create-an-audit-report-template.md","20","install-document-designer.md","markdown/governance-risk-compliance/grc-common-functions/install-document-designer.md","markdown-link","Install the ServiceNow Document Designer add-in","",""
"markdown","missing target file","markdown/governance-risk-compliance/grc-common-functions/exploring-the-entities.md","22","what-is-an-entity.md","markdown/governance-risk-compliance/grc-common-functions/what-is-an-entity.md","markdown-link","Entities in GRC","",""
"markdown","missing target file","markdown/governance-risk-compliance/grc-common-functions/manage-recommend-co-reg-alert.md","172","../../grc-policy-and-compliance/task/t_CreateAPolicyStatement.md","markdown/grc-policy-and-compliance/task/t_CreateAPolicyStatement.md","markdown-link","Create a control objective","",""
"markdown","missing target file","markdown/governance-risk-compliance/grc-common-functions/manage-recommend-co-reg-alert.md","172","../../grc-policy-and-compliance/task/t_DefineAPolicy.md","markdown/grc-policy-and-compliance/task/t_DefineAPolicy.md","markdown-link","Create a policy","",""
"markdown","missing target file","markdown/governance-risk-compliance/grc-common-functions/manage-recommendation-reg-alert.md","132","../../grc-policy-and-compliance/task/t_CreateAPolicyStatement.md","markdown/grc-policy-and-compliance/task/t_CreateAPolicyStatement.md","markdown-link","Create a control objective","",""
"markdown","missing target file","markdown/governance-risk-compliance/grc-common-functions/manage-recommendation-reg-alert.md","132","../../grc-policy-and-compliance/task/t_CreateCitations.md","markdown/grc-policy-and-compliance/task/t_CreateCitations.md","markdown-link","Create or deactivate a citation","",""
"markdown","missing target file","markdown/governance-risk-compliance/grc-common-functions/manage-recos-for-controls.md","160","../../grc-policy-and-compliance/task/t_CreateAPolicyStatement.md","markdown/grc-policy-and-compliance/task/t_CreateAPolicyStatement.md","markdown-link","Create a control objective","",""
"markdown","missing target file","markdown/governance-risk-compliance/grc-common-functions/manage-recos-for-controls.md","160","../../grc-policy-and-compliance/task/t_DefineAPolicy.md","markdown/grc-policy-and-compliance/task/t_DefineAPolicy.md","markdown-link","Create a policy","",""
"markdown","missing target file","markdown/governance-risk-compliance/grc-common-functions/manage-recos-for-policies.md","172","../../grc-policy-and-compliance/task/t_CreateAPolicyStatement.md","markdown/grc-policy-and-compliance/task/t_CreateAPolicyStatement.md","markdown-link","Create a control objective","",""
"markdown","missing target file","markdown/governance-risk-compliance/grc-common-functions/manage-recos-for-policies.md","172","../../grc-policy-and-compliance/task/t_DefineAPolicy.md","markdown/grc-policy-and-compliance/task/t_DefineAPolicy.md","markdown-link","Create a policy","",""
"markdown","missing target file","markdown/governance-risk-compliance/grc-common-functions/properties-for-document-designer.md","75","../task/install-document-designer.md","markdown/governance-risk-compliance/task/install-document-designer.md","markdown-link","Install the ServiceNow Document Designer add-in","",""
"markdown","missing target file","markdown/governance-risk-compliance/grc-compliance-management-workspace/group-attestation-pc-ws.md","40","../../grc-policy-and-compliance/concept/c_Attestations.md#","markdown/grc-policy-and-compliance/concept/c_Attestations.md","markdown-link","Group attestations using Same Response","",""
"markdown","missing target file","markdown/governance-risk-compliance/grc-risk-management-workspace/activate-grc-pa-prem-integ-2.md","50","activate-grc-pa-prem-integ.md","markdown/governance-risk-compliance/grc-risk-management-workspace/activate-grc-pa-prem-integ.md","markdown-link","List of plugins","",""
"markdown","missing target file","markdown/governance-risk-compliance/grc-risk-management-workspace/grc-risk-mgmt-content-pack.md","54","../../../product/grc-common/concept/advanced-grc-dashboard.md","product/grc-common/concept/advanced-grc-dashboard.md","markdown-link","Advanced Governance, Risk, and Compliance Application Risk dashboard","",""
"markdown","missing target file","markdown/governance-risk-compliance/grc-risk-management-workspace/manage-entities.md","20","what-is-an-entity.md","markdown/governance-risk-compliance/grc-risk-management-workspace/what-is-an-entity.md","markdown-link","Entities in GRC","",""
"markdown","missing target file","markdown/governance-risk-compliance/grc-risk-management-workspace/pa-indicators-risk.md","35","../../grc-common/task/activate-grc-pa-prem-integ.md","markdown/grc-common/task/activate-grc-pa-prem-integ.md","markdown-link","Activate GRC: Performance Analytics Integration","",""
"markdown","missing target file","markdown/governance-risk-compliance/grc-risk-management-workspace/pa-indicators-risk.md","37","../../grc-indicators/task/associate-pa-indicator-grc-content.md","markdown/grc-indicators/task/associate-pa-indicator-grc-content.md","markdown-link","Associate a PA indicator with a risk statement or control objective","",""
"markdown","missing target file","markdown/governance-risk-compliance/grc-risk-management-workspace/pa-indicators-risk.md","39","../../grc-indicators/task/associate-pa-indicator-grc-item.md","markdown/grc-indicators/task/associate-pa-indicator-grc-item.md","markdown-link","Associate a PA indicator with risks and controls","",""
"markdown","missing target file","markdown/governance-risk-compliance/grc-risk-management-workspace/pa-indicators-risk.md","41","../../grc-indicators/task/update-associted-indicators-set-of-items.md","markdown/grc-indicators/task/update-associted-indicators-set-of-items.md","markdown-link","Update associated GRC indicators for a set of items","",""
"markdown","missing target file","markdown/governance-risk-compliance/grc-risk-management-workspace/using-risk-workspace.md","50","associate-similar-risk-events.md","markdown/governance-risk-compliance/grc-risk-management-workspace/associate-similar-risk-events.md","markdown-link","Associate similar risk events","",""
"markdown","missing target file","markdown/governance-risk-compliance/index.md","1769","smart-assessment-engine/template-versioning.md","markdown/governance-risk-compliance/smart-assessment-engine/template-versioning.md","markdown-link","template-versioning","",""
"markdown","missing target file","markdown/governance-risk-compliance/index.md","1770","smart-assessment-engine/create-a-new-template-version.md","markdown/governance-risk-compliance/smart-assessment-engine/create-a-new-template-version.md","markdown-link","create-a-new-template-version","",""
"markdown","missing target file","markdown/governance-risk-compliance/index.md","1789","smart-assessment-engine/tables-installed-in-smart-assessment-engine.md","markdown/governance-risk-compliance/smart-assessment-engine/tables-installed-in-smart-assessment-engine.md","markdown-link","tables-installed-in-smart-assessment-engine","",""
"markdown","missing target file","markdown/governance-risk-compliance/index.md","2281","grc-common-functions/document-designer-template.md","markdown/governance-risk-compliance/grc-common-functions/document-designer-template.md","markdown-link","document-designer-template","",""
"markdown","missing target file","markdown/governance-risk-compliance/index.md","2282","grc-common-functions/exploring-document-designer-template.md","markdown/governance-risk-compliance/grc-common-functions/exploring-document-designer-template.md","markdown-link","exploring-document-designer-template","",""
"markdown","missing target file","markdown/governance-risk-compliance/policy-and-compliance-management/create-attestation-using-attestation-designer-2.md","36","c_Attestations.md#","markdown/governance-risk-compliance/policy-and-compliance-management/c_Attestations.md","markdown-link","Create a control attestation using the Attestation Designer","",""
"markdown","missing target file","markdown/governance-risk-compliance/policy-and-compliance-management/create-attestation-using-attestation-designer-2.md","38","c_Attestations.md#","markdown/governance-risk-compliance/policy-and-compliance-management/c_Attestations.md","markdown-link","Create an attestation type","",""
"markdown","missing target file","markdown/governance-risk-compliance/policy-and-compliance-management/create-attestation-using-attestation-designer-2.md","338","c_Attestations.md#","markdown/governance-risk-compliance/policy-and-compliance-management/c_Attestations.md","markdown-link","define additional assessment criteria","",""
"markdown","missing target file","markdown/governance-risk-compliance/policy-and-compliance-management/create-attestation-using-attestation-designer-2.md","423","c_Attestations.md#","markdown/governance-risk-compliance/policy-and-compliance-management/c_Attestations.md","markdown-link","define additional assessment criteria","",""
"markdown","missing target file","markdown/governance-risk-compliance/policy-and-compliance-management/create-except-quest.md","50","../concept/c_Attestations.md#","markdown/governance-risk-compliance/concept/c_Attestations.md","markdown-link","Attestation Designer","",""
"markdown","missing target file","markdown/governance-risk-compliance/policy-and-compliance-management/group-attestations-ec-pol-comp.md","42","../concept/c_Attestations.md#","markdown/governance-risk-compliance/concept/c_Attestations.md","markdown-link","Group attestations using Same Response","",""
"markdown","missing target file","markdown/governance-risk-compliance/policy-and-compliance-management/pa-indicators-policy-comp.md","73","../../grc-common/task/activate-grc-pa-prem-integ.md","markdown/grc-common/task/activate-grc-pa-prem-integ.md","markdown-link","List of plugins","",""
"markdown","missing target file","markdown/governance-risk-compliance/policy-and-compliance-management/policy-compliance-impl-checklist.md","79","../../grc-policy-and-compliance/task/t_DefineAPolicy.md","markdown/grc-policy-and-compliance/task/t_DefineAPolicy.md","markdown-link","Create a policy","",""
"markdown","missing target file","markdown/governance-risk-compliance/policy-and-compliance-management/policy-compliance-impl-checklist.md","89","../../grc-policy-and-compliance/task/t_CreateAPolicyStatement.md","markdown/grc-policy-and-compliance/task/t_CreateAPolicyStatement.md","markdown-link","Create a control objective","",""
"markdown","missing target file","markdown/governance-risk-compliance/policy-and-compliance-management/policy-compliance-impl-checklist.md","99","../../grc-policy-and-compliance/task/t_RelatePolicyStateToPolicy.md","markdown/grc-policy-and-compliance/task/t_RelatePolicyStateToPolicy.md","markdown-link","Relate a control objective to a policy","",""
"markdown","missing target file","markdown/governance-risk-compliance/policy-and-compliance-management/policy-compliance-impl-checklist.md","109","../../grc-policy-and-compliance/concept/c_Attestations.md#","markdown/grc-policy-and-compliance/concept/c_Attestations.md","markdown-link","Create a control attestation using the Attestation Designer","",""
"markdown","missing target file","markdown/governance-risk-compliance/policy-and-compliance-management/policy-compliance-impl-checklist.md","119","../../grc-policy-and-compliance/concept/manage-indicators-policy-comp.md#","markdown/grc-policy-and-compliance/concept/manage-indicators-policy-comp.md","markdown-link","Create a control indicator","",""
"markdown","missing target file","markdown/governance-risk-compliance/policy-and-compliance-management/policy-compliance-mandatory-setup.md","24","../../grc-policy-and-compliance/task/t_DefineAPolicy.md","markdown/grc-policy-and-compliance/task/t_DefineAPolicy.md","markdown-link","Create a policy","",""
"markdown","missing target file","markdown/governance-risk-compliance/policy-and-compliance-management/policy-compliance-mandatory-setup.md","26","../../grc-policy-and-compliance/task/t_CreateAPolicyStatement.md","markdown/grc-policy-and-compliance/task/t_CreateAPolicyStatement.md","markdown-link","Create a control objective","",""
"markdown","missing target file","markdown/governance-risk-compliance/policy-and-compliance-management/policy-compliance-mandatory-setup.md","28","../../grc-policy-and-compliance/task/t_RelatePolicyStateToPolicy.md","markdown/grc-policy-and-compliance/task/t_RelatePolicyStateToPolicy.md","markdown-link","Relate a control objective to a policy","",""
"markdown","missing target file","markdown/governance-risk-compliance/policy-and-compliance-management/policy-compliance-mandatory-setup.md","30","../../grc-policy-and-compliance/concept/c_Attestations.md#","markdown/grc-policy-and-compliance/concept/c_Attestations.md","markdown-link","Create a control attestation using the Attestation Designer","",""
"markdown","missing target file","markdown/governance-risk-compliance/policy-and-compliance-management/policy-compliance-mandatory-setup.md","32","../../grc-policy-and-compliance/concept/manage-indicators-policy-comp.md#","markdown/grc-policy-and-compliance/concept/manage-indicators-policy-comp.md","markdown-link","Create a control indicator","",""
"markdown","missing target file","markdown/governance-risk-compliance/policy-and-compliance-management/policy-compliance-optional-steps.md","18","../../grc-policy-and-compliance/task/t_CreateArticleTemplate.md","markdown/grc-policy-and-compliance/task/t_CreateArticleTemplate.md","markdown-link","Create a GRC article template","",""
"markdown","missing target file","markdown/governance-risk-compliance/policy-and-compliance-management/policy-compliance-optional-steps.md","20","../../grc-policy-and-compliance/task/t_CreateCitations.md","markdown/grc-policy-and-compliance/task/t_CreateCitations.md","markdown-link","Create or deactivate a citation","",""
"markdown","missing target file","markdown/governance-risk-compliance/policy-and-compliance-management/policy-compliance-optional-steps.md","38","../../grc-policy-and-compliance/task/t_CreateArticleTemplate.md","markdown/grc-policy-and-compliance/task/t_CreateArticleTemplate.md","markdown-link","Create a GRC article template","",""
"markdown","missing target file","markdown/governance-risk-compliance/policy-and-compliance-management/policy-compliance-optional-steps.md","40","../../grc-policy-and-compliance/task/t_CreateCitations.md","markdown/grc-policy-and-compliance/task/t_CreateCitations.md","markdown-link","Create or deactivate a citation","",""
"markdown","missing target file","markdown/governance-risk-compliance/policy-and-compliance-management/r_PoliciesAndProcedures.md","98","../task/t_DefineAPolicy.md","markdown/governance-risk-compliance/task/t_DefineAPolicy.md","markdown-link","Create a policy","",""
"markdown","missing target file","markdown/governance-risk-compliance/policy-and-compliance-management/r_PoliciesAndProcedures.md","106","../task/t_CreateArticleTemplate.md","markdown/governance-risk-compliance/task/t_CreateArticleTemplate.md","markdown-link","Create a GRC article template","",""
"markdown","missing target file","markdown/governance-risk-compliance/policy-and-compliance-management/r_PoliciesAndProcedures.md","108","../task/t_CreateAPolicyStatement.md","markdown/governance-risk-compliance/task/t_CreateAPolicyStatement.md","markdown-link","Create a control objective","",""
"markdown","missing target file","markdown/governance-risk-compliance/policy-and-compliance-management/r_PoliciesAndProcedures.md","112","../task/t_RelatePolicyStateToPolicy.md","markdown/governance-risk-compliance/task/t_RelatePolicyStateToPolicy.md","markdown-link","Relate a control objective to a policy","",""
"markdown","missing target file","markdown/governance-risk-compliance/policy-and-compliance-management/r_PoliciesAndProcedures.md","116","../task/t_CreateCitations.md","markdown/governance-risk-compliance/task/t_CreateCitations.md","markdown-link","Create or deactivate a citation","",""
"markdown","missing target file","markdown/governance-risk-compliance/policy-and-compliance-management/t_CreateAnAuthorityDocument.md","162","t_CreateCitations.md","markdown/governance-risk-compliance/policy-and-compliance-management/t_CreateCitations.md","markdown-link","Create or deactivate a citation","",""
"markdown","missing target file","markdown/governance-risk-compliance/smart-assessment-engine/sae-how-legacy-metrics-migrated.md","109","tables-installed-in-smart-assessment-engine.md","markdown/governance-risk-compliance/smart-assessment-engine/tables-installed-in-smart-assessment-engine.md","markdown-link","tables-installed-in-smart-assessment-engine.md","",""
"markdown","missing target file","markdown/governance-risk-compliance/third-party-risk-management/create-sae-q-template.md","57","../reference/create-sae-q-template-form.md","markdown/governance-risk-compliance/reference/create-sae-q-template-form.md","markdown-link","Create New TPRM SAE questionnaire template form","",""
"markdown","missing target file","markdown/governance-risk-compliance/third-party-risk-management/tprm-add-controls-q.md","26","../../grc-policy-and-compliance/task/t_DefineAPolicy.md","markdown/grc-policy-and-compliance/task/t_DefineAPolicy.md","markdown-link","Create a policy","",""
"markdown","missing target file","markdown/governance-risk-compliance/third-party-risk-management/tprm-add-controls-tp.md","26","../../grc-policy-and-compliance/task/t_DefineAPolicy.md","markdown/grc-policy-and-compliance/task/t_DefineAPolicy.md","markdown-link","Create a policy","",""
"markdown","missing target file","markdown/governance-risk-compliance/third-party-risk-management/tprm-ws-dd-mgt-pg-extrnl-assessment.md","144","../../grc-vendor-risk/reference/create-sae-q-template-form.md","markdown/grc-vendor-risk/reference/create-sae-q-template-form.md","markdown-link","Create New TPRM SAE questionnaire template form","",""
"markdown","missing target file","markdown/government-industry/configuring-information-request-playbook.md","23","create-or-edit-assignment-group-psds.md","markdown/government-industry/create-or-edit-assignment-group-psds.md","markdown-link","create-or-edit-assignment-group-psds.md","",""
"markdown","missing target file","markdown/government-industry/index.md","148","create-or-edit-assignment-group-psds.md","markdown/government-industry/create-or-edit-assignment-group-psds.md","markdown-link","create-or-edit-assignment-group-psds","",""
"markdown","missing target file","markdown/healthcare-life-sciences/healthcare-and-life-sciences-service-management-core/hcls-allergy-intolerance.md","25","../concept/hcls-serv-mgmt-core-1.md","markdown/healthcare-life-sciences/concept/hcls-serv-mgmt-core-1.md","markdown-link","Healthcare and Life Sciences data model","",""
"markdown","missing target file","markdown/healthcare-life-sciences/healthcare-and-life-sciences-service-management-core/hcls-appointment-participant.md","25","../concept/hcls-serv-mgmt-core-1.md","markdown/healthcare-life-sciences/concept/hcls-serv-mgmt-core-1.md","markdown-link","Healthcare and Life Sciences data model","",""
"markdown","missing target file","markdown/healthcare-life-sciences/healthcare-and-life-sciences-service-management-core/hcls-appointment-table.md","25","../concept/hcls-serv-mgmt-core-1.md","markdown/healthcare-life-sciences/concept/hcls-serv-mgmt-core-1.md","markdown-link","Healthcare and Life Sciences data model","",""
"markdown","missing target file","markdown/healthcare-life-sciences/healthcare-and-life-sciences-service-management-core/hcls-attribute.md","25","../concept/hcls-serv-mgmt-core-1.md","markdown/healthcare-life-sciences/concept/hcls-serv-mgmt-core-1.md","markdown-link","Healthcare and Life Sciences data model","",""
"markdown","missing target file","markdown/healthcare-life-sciences/healthcare-and-life-sciences-service-management-core/hcls-book-appointment-table.md","25","../concept/hcls-serv-mgmt-core-1.md","markdown/healthcare-life-sciences/concept/hcls-serv-mgmt-core-1.md","markdown-link","Healthcare and Life Sciences data model","",""
"markdown","missing target file","markdown/healthcare-life-sciences/healthcare-and-life-sciences-service-management-core/hcls-case-table.md","26","../concept/hcls-serv-mgmt-core-1.md","markdown/healthcare-life-sciences/concept/hcls-serv-mgmt-core-1.md","markdown-link","Healthcare and Life Sciences data model","",""
"markdown","missing target file","markdown/healthcare-life-sciences/healthcare-and-life-sciences-service-management-core/hcls-claim-diagnosis-table.md","25","../concept/hcls-serv-mgmt-core-1.md","markdown/healthcare-life-sciences/concept/hcls-serv-mgmt-core-1.md","markdown-link","Healthcare and Life Sciences data model","",""
"markdown","missing target file","markdown/healthcare-life-sciences/healthcare-and-life-sciences-service-management-core/hcls-claim-header-table.md","26","../concept/hcls-serv-mgmt-core-1.md","markdown/healthcare-life-sciences/concept/hcls-serv-mgmt-core-1.md","markdown-link","Healthcare and Life Sciences data model","",""
"markdown","missing target file","markdown/healthcare-life-sciences/healthcare-and-life-sciences-service-management-core/hcls-claim-line-table.md","25","../concept/hcls-serv-mgmt-core-1.md","markdown/healthcare-life-sciences/concept/hcls-serv-mgmt-core-1.md","markdown-link","Healthcare and Life Sciences data model","",""
"markdown","missing target file","markdown/healthcare-life-sciences/healthcare-and-life-sciences-service-management-core/hcls-clinical-device-ib-item.md","25","../concept/hcls-serv-mgmt-core-1.md","markdown/healthcare-life-sciences/concept/hcls-serv-mgmt-core-1.md","markdown-link","Healthcare and Life Sciences data model","",""
"markdown","missing target file","markdown/healthcare-life-sciences/healthcare-and-life-sciences-service-management-core/hcls-components-installed-serv-mgmt.md","636","hcls-policy-1.md","markdown/healthcare-life-sciences/healthcare-and-life-sciences-service-management-core/hcls-policy-1.md","markdown-link","Policy [sn_hcls_policy]","",""
"markdown","missing target file","markdown/healthcare-life-sciences/healthcare-and-life-sciences-service-management-core/hcls-condition-table.md","25","../concept/hcls-serv-mgmt-core-1.md","markdown/healthcare-life-sciences/concept/hcls-serv-mgmt-core-1.md","markdown-link","Healthcare and Life Sciences data model","",""
"markdown","missing target file","markdown/healthcare-life-sciences/healthcare-and-life-sciences-service-management-core/hcls-config-doc-templates.md","22","../../employee-service-management/hr-service-delivery/document-templates-flow.md.md","markdown/employee-service-management/hr-service-delivery/document-templates-flow.md.md","markdown-link","Document Templates of type HTML","",""
"markdown","missing target file","markdown/healthcare-life-sciences/healthcare-and-life-sciences-service-management-core/hcls-dosage-defn-table.md","26","../concept/hcls-serv-mgmt-core-1.md","markdown/healthcare-life-sciences/concept/hcls-serv-mgmt-core-1.md","markdown-link","Healthcare and Life Sciences data model","",""
"markdown","missing target file","markdown/healthcare-life-sciences/healthcare-and-life-sciences-service-management-core/hcls-dosage-spec-table.md","26","../concept/hcls-serv-mgmt-core-1.md","markdown/healthcare-life-sciences/concept/hcls-serv-mgmt-core-1.md","markdown-link","Healthcare and Life Sciences data model","",""
"markdown","missing target file","markdown/healthcare-life-sciences/healthcare-and-life-sciences-service-management-core/hcls-dosage-var-table.md","26","../concept/hcls-serv-mgmt-core-1.md","markdown/healthcare-life-sciences/concept/hcls-serv-mgmt-core-1.md","markdown-link","Healthcare and Life Sciences data model","",""
"markdown","missing target file","markdown/healthcare-life-sciences/healthcare-and-life-sciences-service-management-core/hcls-encounter-table.md","25","../concept/hcls-serv-mgmt-core-1.md","markdown/healthcare-life-sciences/concept/hcls-serv-mgmt-core-1.md","markdown-link","Healthcare and Life Sciences data model","",""
"markdown","missing target file","markdown/healthcare-life-sciences/healthcare-and-life-sciences-service-management-core/hcls-enrolled-program-service.md","25","../concept/hcls-serv-mgmt-core-1.md","markdown/healthcare-life-sciences/concept/hcls-serv-mgmt-core-1.md","markdown-link","Healthcare and Life Sciences data model","",""
"markdown","missing target file","markdown/healthcare-life-sciences/healthcare-and-life-sciences-service-management-core/hcls-enrolled-program.md","25","../concept/hcls-serv-mgmt-core-1.md","markdown/healthcare-life-sciences/concept/hcls-serv-mgmt-core-1.md","markdown-link","Healthcare and Life Sciences data model","",""
"markdown","missing target file","markdown/healthcare-life-sciences/healthcare-and-life-sciences-service-management-core/hcls-healthcare-code-set-table.md","39","../concept/hcls-serv-mgmt-core-1.md","markdown/healthcare-life-sciences/concept/hcls-serv-mgmt-core-1.md","markdown-link","Healthcare and Life Sciences data model","",""
"markdown","missing target file","markdown/healthcare-life-sciences/healthcare-and-life-sciences-service-management-core/hcls-healthcare-location-table.md","32","../concept/hcls-serv-mgmt-core-1.md","markdown/healthcare-life-sciences/concept/hcls-serv-mgmt-core-1.md","markdown-link","Healthcare and Life Sciences data model","",""
"markdown","missing target file","markdown/healthcare-life-sciences/healthcare-and-life-sciences-service-management-core/hcls-healthcare-organization-table.md","30","../concept/hcls-serv-mgmt-core-1.md","markdown/healthcare-life-sciences/concept/hcls-serv-mgmt-core-1.md","markdown-link","Healthcare and Life Sciences data model","",""
"markdown","missing target file","markdown/healthcare-life-sciences/healthcare-and-life-sciences-service-management-core/hcls-immunization-table.md","25","../concept/hcls-serv-mgmt-core-1.md","markdown/healthcare-life-sciences/concept/hcls-serv-mgmt-core-1.md","markdown-link","Healthcare and Life Sciences data model","",""
"markdown","missing target file","markdown/healthcare-life-sciences/healthcare-and-life-sciences-service-management-core/hcls-insurance-info-task-table.md","25","../concept/hcls-serv-mgmt-core-1.md","markdown/healthcare-life-sciences/concept/hcls-serv-mgmt-core-1.md","markdown-link","Healthcare and Life Sciences data model","",""
"markdown","missing target file","markdown/healthcare-life-sciences/healthcare-and-life-sciences-service-management-core/hcls-medication-presc-table.md","24","../concept/hcls-serv-mgmt-core-1.md","markdown/healthcare-life-sciences/concept/hcls-serv-mgmt-core-1.md","markdown-link","Healthcare and Life Sciences data model","",""
"markdown","missing target file","markdown/healthcare-life-sciences/healthcare-and-life-sciences-service-management-core/hcls-medication-table.md","25","../concept/hcls-serv-mgmt-core-1.md","markdown/healthcare-life-sciences/concept/hcls-serv-mgmt-core-1.md","markdown-link","Healthcare and Life Sciences data model","",""
"markdown","missing target file","markdown/healthcare-life-sciences/healthcare-and-life-sciences-service-management-core/hcls-memb-plan-table.md","25","../concept/hcls-serv-mgmt-core-1.md","markdown/healthcare-life-sciences/concept/hcls-serv-mgmt-core-1.md","markdown-link","Healthcare and Life Sciences data model","",""
"markdown","missing target file","markdown/healthcare-life-sciences/healthcare-and-life-sciences-service-management-core/hcls-observation-table.md","25","../concept/hcls-serv-mgmt-core-1.md","markdown/healthcare-life-sciences/concept/hcls-serv-mgmt-core-1.md","markdown-link","Healthcare and Life Sciences data model","",""
"markdown","missing target file","markdown/healthcare-life-sciences/healthcare-and-life-sciences-service-management-core/hcls-patient-identifier-table.md","24","../concept/hcls-serv-mgmt-core-1.md","markdown/healthcare-life-sciences/concept/hcls-serv-mgmt-core-1.md","markdown-link","Healthcare and Life Sciences data model","",""
"markdown","missing target file","markdown/healthcare-life-sciences/healthcare-and-life-sciences-service-management-core/hcls-patient-table.md","27","../concept/hcls-serv-mgmt-core-1.md","markdown/healthcare-life-sciences/concept/hcls-serv-mgmt-core-1.md","markdown-link","Healthcare and Life Sciences data model","",""
"markdown","missing target file","markdown/healthcare-life-sciences/healthcare-and-life-sciences-service-management-core/hcls-policy-consent-table.md","25","../concept/hcls-serv-mgmt-core-1.md","markdown/healthcare-life-sciences/concept/hcls-serv-mgmt-core-1.md","markdown-link","Healthcare and Life Sciences data model","",""
"markdown","missing target file","markdown/healthcare-life-sciences/healthcare-and-life-sciences-service-management-core/hcls-policy.md","25","../concept/hcls-serv-mgmt-core-1.md","markdown/healthcare-life-sciences/concept/hcls-serv-mgmt-core-1.md","markdown-link","Healthcare and Life Sciences data model","",""
"markdown","missing target file","markdown/healthcare-life-sciences/healthcare-and-life-sciences-service-management-core/hcls-practitioner-loc-spec-table.md","25","../concept/hcls-serv-mgmt-core-1.md","markdown/healthcare-life-sciences/concept/hcls-serv-mgmt-core-1.md","markdown-link","Healthcare and Life Sciences data model","",""
"markdown","missing target file","markdown/healthcare-life-sciences/healthcare-and-life-sciences-service-management-core/hcls-practitioner-location-table.md","25","../concept/hcls-serv-mgmt-core-1.md","markdown/healthcare-life-sciences/concept/hcls-serv-mgmt-core-1.md","markdown-link","Healthcare and Life Sciences data model","",""
"markdown","missing target file","markdown/healthcare-life-sciences/healthcare-and-life-sciences-service-management-core/hcls-practitioner-specialty-table.md","28","../concept/hcls-serv-mgmt-core-1.md","markdown/healthcare-life-sciences/concept/hcls-serv-mgmt-core-1.md","markdown-link","Healthcare and Life Sciences data model","",""
"markdown","missing target file","markdown/healthcare-life-sciences/healthcare-and-life-sciences-service-management-core/hcls-practitioner-table.md","26","../concept/hcls-serv-mgmt-core-1.md","markdown/healthcare-life-sciences/concept/hcls-serv-mgmt-core-1.md","markdown-link","Healthcare and Life Sciences data model","",""
"markdown","missing target file","markdown/healthcare-life-sciences/healthcare-and-life-sciences-service-management-core/hcls-pre-auth-diagnosis-table.md","25","../concept/hcls-serv-mgmt-core-1.md","markdown/healthcare-life-sciences/concept/hcls-serv-mgmt-core-1.md","markdown-link","Healthcare and Life Sciences data model","",""
"markdown","missing target file","markdown/healthcare-life-sciences/healthcare-and-life-sciences-service-management-core/hcls-pre-auth-header-table.md","26","../concept/hcls-serv-mgmt-core-1.md","markdown/healthcare-life-sciences/concept/hcls-serv-mgmt-core-1.md","markdown-link","Healthcare and Life Sciences data model","",""
"markdown","missing target file","markdown/healthcare-life-sciences/healthcare-and-life-sciences-service-management-core/hcls-pre-auth-item-table.md","25","../concept/hcls-serv-mgmt-core-1.md","markdown/healthcare-life-sciences/concept/hcls-serv-mgmt-core-1.md","markdown-link","Healthcare and Life Sciences data model","",""
"markdown","missing target file","markdown/healthcare-life-sciences/healthcare-and-life-sciences-service-management-core/hcls-procedure-table.md","25","../concept/hcls-serv-mgmt-core-1.md","markdown/healthcare-life-sciences/concept/hcls-serv-mgmt-core-1.md","markdown-link","Healthcare and Life Sciences data model","",""
"markdown","missing target file","markdown/healthcare-life-sciences/healthcare-and-life-sciences-service-management-core/hcls-program-relation.md","25","../concept/hcls-serv-mgmt-core-1.md","markdown/healthcare-life-sciences/concept/hcls-serv-mgmt-core-1.md","markdown-link","Healthcare and Life Sciences data model","",""
"markdown","missing target file","markdown/healthcare-life-sciences/healthcare-and-life-sciences-service-management-core/hcls-program-service.md","25","../concept/hcls-serv-mgmt-core-1.md","markdown/healthcare-life-sciences/concept/hcls-serv-mgmt-core-1.md","markdown-link","Healthcare and Life Sciences data model","",""
"markdown","missing target file","markdown/healthcare-life-sciences/healthcare-and-life-sciences-service-management-core/hcls-program.md","25","../concept/hcls-serv-mgmt-core-1.md","markdown/healthcare-life-sciences/concept/hcls-serv-mgmt-core-1.md","markdown-link","Healthcare and Life Sciences data model","",""
"markdown","missing target file","markdown/healthcare-life-sciences/healthcare-and-life-sciences-service-management-core/hcls-source-system.md","25","../concept/hcls-serv-mgmt-core-1.md","markdown/healthcare-life-sciences/concept/hcls-serv-mgmt-core-1.md","markdown-link","Healthcare and Life Sciences data model","",""
"markdown","missing target file","markdown/healthcare-life-sciences/healthcare-and-life-sciences-service-management-core/hcls-task-table.md","26","../concept/hcls-serv-mgmt-core-1.md","markdown/healthcare-life-sciences/concept/hcls-serv-mgmt-core-1.md","markdown-link","Healthcare and Life Sciences data model","",""
"markdown","missing target file","markdown/healthcare-life-sciences/index.md","239","pss-analytics-reporting.md","markdown/healthcare-life-sciences/pss-analytics-reporting.md","markdown-link","pss-analytics-reporting","",""
"markdown","missing target file","markdown/healthcare-life-sciences/index.md","240","pss-dashboard.md","markdown/healthcare-life-sciences/pss-dashboard.md","markdown-link","pss-dashboard","",""
"markdown","missing target file","markdown/healthcare-life-sciences/index.md","282","pre-visit-analytics-reporting.md","markdown/healthcare-life-sciences/pre-visit-analytics-reporting.md","markdown-link","pre-visit-analytics-reporting","",""
"markdown","missing target file","markdown/healthcare-life-sciences/index.md","283","pre-visit-dashboard.md","markdown/healthcare-life-sciences/pre-visit-dashboard.md","markdown-link","pre-visit-dashboard","",""
"markdown","missing target file","markdown/healthcare-life-sciences/pre-visit-mgmt-app.md","52","pre-visit-analytics-reporting.md","markdown/healthcare-life-sciences/pre-visit-analytics-reporting.md","markdown-link","Analytics and reporting ![](../../../reuse/icons/brand-icons/bus-performance-forecasting-2.svg) Coordinate work and improve processes with dashboards and rep...","",""
"markdown","missing target file","markdown/healthcare-life-sciences/pss-data-model.md","143","hcls-serv-mgmt-core-1.md","markdown/healthcare-life-sciences/hcls-serv-mgmt-core-1.md","markdown-link","Healthcare and Life Sciences data model","",""
"markdown","missing target file","markdown/healthcare-life-sciences/vaccine-administration-management/hcls-vam-data-model.md","403","../../healthcare-life-sciences/concept/hcls-serv-mgmt-core-1.md","markdown/healthcare-life-sciences/concept/hcls-serv-mgmt-core-1.md","markdown-link","Healthcare and Life Sciences data model","",""
"markdown","missing target file","markdown/impact/index.md","118","scan-engine-parallel-processing-task.md","markdown/impact/scan-engine-parallel-processing-task.md","markdown-link","scan-engine-parallel-processing-task","",""
"markdown","missing target file","markdown/impact/index.md","354","accelerator-and-initiative-list/jumpstart-employee-center-usps.md","markdown/impact/accelerator-and-initiative-list/jumpstart-employee-center-usps.md","markdown-link","jumpstart-employee-center-usps","",""
"markdown","missing target file","markdown/impact/scan-engine-parallel-processing.md","69","../task/scan-engine-parallel-processing-task.md","markdown/task/scan-engine-parallel-processing-task.md","markdown-link","Initiating parallel scans","",""
"markdown","missing target file","markdown/impact/using-impact-scan-engine.md","72","scan-engine-parallel-processing-task.md","markdown/impact/scan-engine-parallel-processing-task.md","markdown-link","scan-engine-parallel-processing-task.md","",""
"markdown","missing target file","markdown/industrial-connected-workforce/industrial-connected-workforce-mobile-experience/exploring-icw-mobile-experience.md","159","ai-search-in-icw-mobile-experience.md","markdown/industrial-connected-workforce/industrial-connected-workforce-mobile-experience/ai-search-in-icw-mobile-experience.md","markdown-link","AI Search in Industrial Connected Workforce Mobile Experience","",""
"markdown","missing target file","markdown/integrate-applications/connecthub-connections-and-credentials.md","28","../task/connecthub-set-up-outbound-connections.md","markdown/task/connecthub-set-up-outbound-connections.md","markdown-link","Set up outbound connections","",""
"markdown","missing target file","markdown/integrate-applications/connecthub-connections-and-credentials.md","42","../task/connecthub-set-up-inbound-connections.md","markdown/task/connecthub-set-up-inbound-connections.md","markdown-link","Set up inbound connections","",""
"markdown","missing target file","markdown/integrate-applications/erp-integration-framework/add-an-entity-to-model.md","25","erp-rest-api-connector.md","markdown/integrate-applications/erp-integration-framework/erp-rest-api-connector.md","markdown-link","erp-rest-api-connector.md","",""
"markdown","missing target file","markdown/integrate-applications/erp-integration-framework/add-an-entity-to-model.md","27","../task/erp-add-a-rest-service-manually.md","markdown/integrate-applications/task/erp-add-a-rest-service-manually.md","markdown-link","../task/erp-add-a-rest-service-manually.md","",""
"markdown","missing target file","markdown/integrate-applications/erp-integration-framework/add-an-entity-to-model.md","41","../task/add-a-rest-entity-to-a-model-operation.md","markdown/integrate-applications/task/add-a-rest-entity-to-a-model-operation.md","markdown-link","../task/add-a-rest-entity-to-a-model-operation.md","",""
"markdown","missing target file","markdown/integrate-applications/erp-integration-framework/erp-canvas-field-descriptions.md","57","erp-rest-api-tables.md","markdown/integrate-applications/erp-integration-framework/erp-rest-api-tables.md","markdown-link","erp-rest-api-tables.md","",""
"markdown","missing target file","markdown/integrate-applications/erp-integration-framework/erp-canvas-use-odata-and-http-connection.md","31","../../platform-security/r_GeneralSecuritySettings.md","markdown/platform-security/r_GeneralSecuritySettings.md","markdown-link","Security settings properties","",""
"markdown","missing target file","markdown/integrate-applications/erp-integration-framework/erpc-export-and-import-custom-models.md","25","../../platform-security/r_GeneralSecuritySettings.md","markdown/platform-security/r_GeneralSecuritySettings.md","markdown-link","Security settings properties","",""
"markdown","missing target file","markdown/integrate-applications/erp-integration-framework/work-with-erp-data-models.md","85","../task/erpc-manage-model-inputs-rest.md","markdown/integrate-applications/task/erpc-manage-model-inputs-rest.md","markdown-link","../task/erpc-manage-model-inputs-rest.md","",""
"markdown","missing target file","markdown/integrate-applications/erp-integration-framework/work-with-erp-data-models.md","89","../task/erp-canvas-manage-outputs-rest.md","markdown/integrate-applications/task/erp-canvas-manage-outputs-rest.md","markdown-link","../task/erp-canvas-manage-outputs-rest.md","",""
"markdown","missing target file","markdown/integrate-applications/exploring-workflow-data-fabric.md","70","connecthub-connect-to-external-systems.md","markdown/integrate-applications/connecthub-connect-to-external-systems.md","markdown-link","Connect to external systems","",""
"markdown","missing target file","markdown/integrate-applications/index.md","2410","now-assist-for-zero-copy-connector-reference.md","markdown/integrate-applications/now-assist-for-zero-copy-connector-reference.md","markdown-link","now-assist-for-zero-copy-connector-reference","",""
"markdown","missing target file","markdown/integrate-applications/index.md","2473","erp-integration-framework/erp-rest-api-connector.md","markdown/integrate-applications/erp-integration-framework/erp-rest-api-connector.md","markdown-link","erp-rest-api-connector","",""
"markdown","missing target file","markdown/integrate-applications/index.md","2474","erp-integration-framework/erp-add-a-rest-service-manually.md","markdown/integrate-applications/erp-integration-framework/erp-add-a-rest-service-manually.md","markdown-link","erp-add-a-rest-service-manually","",""
"markdown","missing target file","markdown/integrate-applications/index.md","2481","erp-integration-framework/add-a-rest-entity-to-a-model-operation.md","markdown/integrate-applications/erp-integration-framework/add-a-rest-entity-to-a-model-operation.md","markdown-link","add-a-rest-entity-to-a-model-operation","",""
"markdown","missing target file","markdown/integrate-applications/index.md","2484","erp-integration-framework/erpc-manage-model-inputs-rest.md","markdown/integrate-applications/erp-integration-framework/erpc-manage-model-inputs-rest.md","markdown-link","erpc-manage-model-inputs-rest","",""
"markdown","missing target file","markdown/integrate-applications/index.md","2486","erp-integration-framework/erp-canvas-manage-outputs-rest.md","markdown/integrate-applications/erp-integration-framework/erp-canvas-manage-outputs-rest.md","markdown-link","erp-canvas-manage-outputs-rest","",""
"markdown","missing target file","markdown/integrate-applications/index.md","2534","erp-integration-framework/erp-rest-api-tables.md","markdown/integrate-applications/erp-integration-framework/erp-rest-api-tables.md","markdown-link","erp-rest-api-tables","",""
"markdown","missing target file","markdown/integrate-applications/integrate-applications/dec-table-ans-1.md","59","../concept/jenkins-spoke-1.md","markdown/integrate-applications/concept/jenkins-spoke-1.md","markdown-link","Jenkins v2 Spoke","",""
"markdown","missing target file","markdown/integrate-applications/integration-hub-remote-process-sync/getting-started-with-remote-process-sync.md","22","../../integrationhub-store-spokes/concept/remote-instance-spoke-1.md","markdown/integrationhub-store-spokes/concept/remote-instance-spoke-1.md","markdown-link","Remote Instance spoke","",""
"markdown","missing target file","markdown/integrate-applications/integration-hub-remote-process-sync/integrationhub-remote-process-sync.md","60","../../integrationhub-store-spokes/concept/remote-instance-spoke-1.md","markdown/integrationhub-store-spokes/concept/remote-instance-spoke-1.md","markdown-link","Remote Instance spoke","",""
"markdown","missing target file","markdown/integrate-applications/integration-hub/aws-lambda-spoke.md","39","aws-iam-spoke-1.md","markdown/integrate-applications/integration-hub/aws-iam-spoke-1.md","markdown-link","AWS IAM Spoke","",""
"markdown","missing target file","markdown/integrate-applications/integration-hub/aws-translate-spk.md","107","amazon-ec2-spoke-1.md","markdown/integrate-applications/integration-hub/amazon-ec2-spoke-1.md","markdown-link","Amazon EC2 Spoke","",""
"markdown","missing target file","markdown/integrate-applications/integration-hub/first-advantage-spoke.md","52","../task/create-fadv-case-1.md","markdown/integrate-applications/task/create-fadv-case-1.md","markdown-link","Create a case in First Advantage from ServiceNow","",""
"markdown","missing target file","markdown/integrate-applications/integration-hub/first-advantage-spoke.md","53","../task/create-fadv-case-1.md","markdown/integrate-applications/task/create-fadv-case-1.md","markdown-link","Create a case in First Advantage from ServiceNow","",""
"markdown","missing target file","markdown/integrate-applications/integration-hub/gcloud-functions.md","42","gidentityaccess-spoke-1.md","markdown/integrate-applications/integration-hub/gidentityaccess-spoke-1.md","markdown-link","Google Identity and Access Spoke","",""
"markdown","missing target file","markdown/integrate-applications/integration-hub/gcloud-functions.md","43","gcloud-vpc-access-1.md","markdown/integrate-applications/integration-hub/gcloud-vpc-access-1.md","markdown-link","Google Cloud VPC Access Spoke","",""
"markdown","missing target file","markdown/integrate-applications/integration-hub/gcloud-functions.md","44","gcloudstorage-spoke-1.md","markdown/integrate-applications/integration-hub/gcloudstorage-spoke-1.md","markdown-link","Google Cloud Storage Spoke","",""
"markdown","missing target file","markdown/integrate-applications/integration-hub/gcloudvirntwrk-spoke.md","39","gpersistentdisk-spoke-1.md","markdown/integrate-applications/integration-hub/gpersistentdisk-spoke-1.md","markdown-link","Google Persistent Disk Spoke","",""
"markdown","missing target file","markdown/integrate-applications/integration-hub/gcloudvirntwrk-spoke.md","40","gcomengine-spoke-1.md","markdown/integrate-applications/integration-hub/gcomengine-spoke-1.md","markdown-link","Google Compute Engine Spoke","",""
"markdown","missing target file","markdown/integrate-applications/integration-hub/oblock-storage-dec.md","38","oracle-iam-1.md","markdown/integrate-applications/integration-hub/oracle-iam-1.md","markdown-link","Oracle Cloud IAM Spoke","",""
"markdown","missing target file","markdown/integrate-applications/integration-hub/oboot-volume-dec.md","38","oracle-iam-1.md","markdown/integrate-applications/integration-hub/oracle-iam-1.md","markdown-link","Oracle Cloud IAM Spoke","",""
"markdown","missing target file","markdown/integrate-applications/integration-hub/oracle-fin-cloud.md","38","utilityact-spoke-1.md","markdown/integrate-applications/integration-hub/utilityact-spoke-1.md","markdown-link","Utility Actions Spoke","",""
"markdown","missing target file","markdown/integrate-applications/integration-hub/oraclevcn-dec.md","38","oracle-iam-1.md","markdown/integrate-applications/integration-hub/oracle-iam-1.md","markdown-link","Oracle Cloud IAM Spoke","",""
"markdown","missing target file","markdown/integrate-applications/integration-hub/sap-ariba-spoke.md","146","utilityact-spoke-1.md","markdown/integrate-applications/integration-hub/utilityact-spoke-1.md","markdown-link","Utility Actions Spoke","",""
"markdown","missing target file","markdown/integrate-applications/integration-hub/set-up-sccm.md","23","../../servicenow-platform/orchestration/t_ConfigMIDServerForSCCMActivities.md","markdown/servicenow-platform/orchestration/t_ConfigMIDServerForSCCMActivities.md","markdown-link","Configure the MID Server for SCCM activities","",""
"markdown","missing target file","markdown/integrate-applications/integration-hub/set-up-sccm.md","35","../../servicenow-platform/orchestration/t_ConfigMIDServerForSCCMActivities.md","markdown/servicenow-platform/orchestration/t_ConfigMIDServerForSCCMActivities.md","markdown-link","Configure the MID Server for SCCM activities","",""
"markdown","missing target file","markdown/integrate-applications/integration-hub/spokes-list.md","34","../../integrationhub-store-spokes/concept/adobe-exp-spoke-1.md","markdown/integrationhub-store-spokes/concept/adobe-exp-spoke-1.md","markdown-link","Adobe Experience Platform Spoke","",""
"markdown","missing target file","markdown/integrate-applications/integration-hub/spokes-list.md","35","../../integrationhub-store-spokes/concept/adobe-sign-spoke-1.md","markdown/integrationhub-store-spokes/concept/adobe-sign-spoke-1.md","markdown-link","Adobe Sign Spoke","",""
"markdown","missing target file","markdown/integrate-applications/integration-hub/spokes-list.md","36","../../integrationhub-store-spokes/concept/acc-spoke-1.md","markdown/integrationhub-store-spokes/concept/acc-spoke-1.md","markdown-link","Agent Client Collector Spoke","",""
"markdown","missing target file","markdown/integrate-applications/integration-hub/spokes-list.md","37","../../integrationhub-store-spokes/concept/aha-spoke-1.md","markdown/integrationhub-store-spokes/concept/aha-spoke-1.md","markdown-link","Aha! Spoke","",""
"markdown","missing target file","markdown/integrate-applications/integration-hub/spokes-list.md","38","../../integrationhub-store-spokes/concept/ai-search-spoke-1.md","markdown/integrationhub-store-spokes/concept/ai-search-spoke-1.md","markdown-link","AI Search Spoke","",""
"markdown","missing target file","markdown/integrate-applications/integration-hub/spokes-list.md","39","../../integrationhub-store-spokes/concept/alexa-spoke-1.md","markdown/integrationhub-store-spokes/concept/alexa-spoke-1.md","markdown-link","Amazon Alexa Spoke","",""
"markdown","missing target file","markdown/integrate-applications/integration-hub/spokes-list.md","40","../../integrationhub-store-spokes/concept/amazon-cloudwatch-1.md","markdown/integrationhub-store-spokes/concept/amazon-cloudwatch-1.md","markdown-link","Amazon CloudWatch Spoke","",""
"markdown","missing target file","markdown/integrate-applications/integration-hub/spokes-list.md","41","../../integrationhub-store-spokes/concept/amazon-connect-spoke-1.md","markdown/integrationhub-store-spokes/concept/amazon-connect-spoke-1.md","markdown-link","Amazon Connect Spoke","",""
"markdown","missing target file","markdown/integrate-applications/integration-hub/spokes-list.md","42","../../integrationhub-store-spokes/concept/amazon-dyndb-spoke-1.md","markdown/integrationhub-store-spokes/concept/amazon-dyndb-spoke-1.md","markdown-link","Amazon DynamoDB Spoke","",""
"markdown","missing target file","markdown/integrate-applications/integration-hub/spokes-list.md","43","../concept/amazon-ebs-spoke-1.md","markdown/integrate-applications/concept/amazon-ebs-spoke-1.md","markdown-link","Amazon EBS Spoke","",""
"markdown","missing target file","markdown/integrate-applications/integration-hub/spokes-list.md","44","../../integrationhub-store-spokes/concept/amazon-ec2-spoke-1.md","markdown/integrationhub-store-spokes/concept/amazon-ec2-spoke-1.md","markdown-link","Amazon EC2 Spoke","",""
"markdown","missing target file","markdown/integrate-applications/integration-hub/spokes-list.md","45","../concept/amzn-elastic-container-1.md","markdown/integrate-applications/concept/amzn-elastic-container-1.md","markdown-link","Amazon Elastic Container Service Spoke","",""
"markdown","missing target file","markdown/integrate-applications/integration-hub/spokes-list.md","46","../../integrationhub-store-spokes/concept/amazon-rds-spoke-1.md","markdown/integrationhub-store-spokes/concept/amazon-rds-spoke-1.md","markdown-link","Amazon RDS Spoke","",""
"markdown","missing target file","markdown/integrate-applications/integration-hub/spokes-list.md","47","../../integrationhub-store-spokes/concept/amazon-route53-1.md","markdown/integrationhub-store-spokes/concept/amazon-route53-1.md","markdown-link","Amazon Route 53 Spoke","",""
"markdown","missing target file","markdown/integrate-applications/integration-hub/spokes-list.md","48","../../integrationhub-store-spokes/concept/amazon-s3-spoke-1.md","markdown/integrationhub-store-spokes/concept/amazon-s3-spoke-1.md","markdown-link","Amazon S3 Spoke","",""
"markdown","missing target file","markdown/integrate-applications/integration-hub/spokes-list.md","49","../../integrationhub-store-spokes/concept/amazon-sns-spoke-1.md","markdown/integrationhub-store-spokes/concept/amazon-sns-spoke-1.md","markdown-link","Amazon SNS Spoke","",""
"markdown","missing target file","markdown/integrate-applications/integration-hub/spokes-list.md","50","../../integrationhub-store-spokes/concept/amazon-sqs-spoke-1.md","markdown/integrationhub-store-spokes/concept/amazon-sqs-spoke-1.md","markdown-link","Amazon SQS Spoke","",""
"markdown","missing target file","markdown/integrate-applications/integration-hub/spokes-list.md","51","../concept/amazon-vpc-spoke-1.md","markdown/integrate-applications/concept/amazon-vpc-spoke-1.md","markdown-link","Amazon VPC Spoke","",""
"markdown","missing target file","markdown/integrate-applications/integration-hub/spokes-list.md","52","../../integrationhub-store-spokes/concept/ansible-spoke-1.md","markdown/integrationhub-store-spokes/concept/ansible-spoke-1.md","markdown-link","Ansible Spoke","",""
"markdown","missing target file","markdown/integrate-applications/integration-hub/spokes-list.md","53","../../integrationhub-store-spokes/concept/asana-spoke-1.md","markdown/integrationhub-store-spokes/concept/asana-spoke-1.md","markdown-link","Asana Spoke","",""
"markdown","missing target file","markdown/integrate-applications/integration-hub/spokes-list.md","55","../../integrationhub-store-spokes/concept/automation-anywhr-spoke-1.md","markdown/integrationhub-store-spokes/concept/automation-anywhr-spoke-1.md","markdown-link","Automation Anywhere Spoke","",""
"markdown","missing target file","markdown/integrate-applications/integration-hub/spokes-list.md","56","../../integrationhub-store-spokes/concept/aws-cert-manager-spoke-1.md","markdown/integrationhub-store-spokes/concept/aws-cert-manager-spoke-1.md","markdown-link","AWS Certificate Manager Spoke","",""
"markdown","missing target file","markdown/integrate-applications/integration-hub/spokes-list.md","57","../../integrationhub-store-spokes/concept/aws-cloudformation-1.md","markdown/integrationhub-store-spokes/concept/aws-cloudformation-1.md","markdown-link","AWS CloudFormation Spoke","",""
"markdown","missing target file","markdown/integrate-applications/integration-hub/spokes-list.md","58","../../integrationhub-store-spokes/concept/aws-elasticbean-spoke-1.md","markdown/integrationhub-store-spokes/concept/aws-elasticbean-spoke-1.md","markdown-link","AWS Elastic Beanstalk Spoke","",""
"markdown","missing target file","markdown/integrate-applications/integration-hub/spokes-list.md","59","../../integrationhub-store-spokes/concept/aws-elasticload-spoke-1.md","markdown/integrationhub-store-spokes/concept/aws-elasticload-spoke-1.md","markdown-link","AWS Elastic Load Balancing Spoke","",""
"markdown","missing target file","markdown/integrate-applications/integration-hub/spokes-list.md","60","../../integrationhub-store-spokes/concept/aws-iam-spoke-1.md","markdown/integrationhub-store-spokes/concept/aws-iam-spoke-1.md","markdown-link","AWS IAM Spoke","",""
"markdown","missing target file","markdown/integrate-applications/integration-hub/spokes-list.md","61","../../integrationhub-store-spokes/concept/aws-lambda-spoke-1.md","markdown/integrationhub-store-spokes/concept/aws-lambda-spoke-1.md","markdown-link","AWS Lambda Spoke","",""
"markdown","missing target file","markdown/integrate-applications/integration-hub/spokes-list.md","62","../../integrationhub-store-spokes/concept/aws-opsworks-spoke-1.md","markdown/integrationhub-store-spokes/concept/aws-opsworks-spoke-1.md","markdown-link","AWS OpsWorks Spoke","",""
"markdown","missing target file","markdown/integrate-applications/integration-hub/spokes-list.md","63","../../integrationhub-store-spokes/concept/aws-translate-spk-1.md","markdown/integrationhub-store-spokes/concept/aws-translate-spk-1.md","markdown-link","AWS Translate Spoke","",""
"markdown","missing target file","markdown/integrate-applications/integration-hub/spokes-list.md","64","../../integrationhub-store-spokes/concept/bigfix-spoke-1.md","markdown/integrationhub-store-spokes/concept/bigfix-spoke-1.md","markdown-link","BigFix Inventory Spoke","",""
"markdown","missing target file","markdown/integrate-applications/integration-hub/spokes-list.md","65","../../integrationhub-store-spokes/concept/blueprism-spoke-1.md","markdown/integrationhub-store-spokes/concept/blueprism-spoke-1.md","markdown-link","Blue Prism Spoke","",""
"markdown","missing target file","markdown/integrate-applications/integration-hub/spokes-list.md","66","../../integrationhub-store-spokes/concept/bmcremedy-spoke-1.md","markdown/integrationhub-store-spokes/concept/bmcremedy-spoke-1.md","markdown-link","BMC Remedy Spoke","",""
"markdown","missing target file","markdown/integrate-applications/integration-hub/spokes-list.md","67","../../integrationhub-store-spokes/concept/box-spoke-1.md","markdown/integrationhub-store-spokes/concept/box-spoke-1.md","markdown-link","Box Spoke","",""
"markdown","missing target file","markdown/integrate-applications/integration-hub/spokes-list.md","68","../../integrationhub-store-spokes/concept/calendly-spoke-1.md","markdown/integrationhub-store-spokes/concept/calendly-spoke-1.md","markdown-link","Calendly Spoke","",""
"markdown","missing target file","markdown/integrate-applications/integration-hub/spokes-list.md","69","../../integrationhub-store-spokes/concept/cisco-webex-meetings-spoke-1.md","markdown/integrationhub-store-spokes/concept/cisco-webex-meetings-spoke-1.md","markdown-link","Cisco Webex Meetings Spoke","",""
"markdown","missing target file","markdown/integrate-applications/integration-hub/spokes-list.md","70","../../integrationhub-store-spokes/concept/cisco-teams-spoke-1.md","markdown/integrationhub-store-spokes/concept/cisco-teams-spoke-1.md","markdown-link","Cisco Webex Teams Spoke","",""
"markdown","missing target file","markdown/integrate-applications/integration-hub/spokes-list.md","71","../../integrationhub-store-spokes/concept/confluence-cloud-spoke-1.md","markdown/integrationhub-store-spokes/concept/confluence-cloud-spoke-1.md","markdown-link","Confluence Cloud Spoke","",""
"markdown","missing target file","markdown/integrate-applications/integration-hub/spokes-list.md","73","../../integrationhub-store-spokes/concept/cicd-spoke-1.md","markdown/integrationhub-store-spokes/concept/cicd-spoke-1.md","markdown-link","Continuous Integration and Continuous Delivery (CICD) Spoke","",""
"markdown","missing target file","markdown/integrate-applications/integration-hub/spokes-list.md","74","../../integrationhub-store-spokes/concept/cornerstone-spoke-1.md","markdown/integrationhub-store-spokes/concept/cornerstone-spoke-1.md","markdown-link","Cornerstone Spoke","",""
"markdown","missing target file","markdown/integrate-applications/integration-hub/spokes-list.md","75","../../integrationhub-store-spokes/concept/coupa-spoke-1.md","markdown/integrationhub-store-spokes/concept/coupa-spoke-1.md","markdown-link","Coupa Spoke","",""
"markdown","missing target file","markdown/integrate-applications/integration-hub/spokes-list.md","78","../../integrationhub-store-spokes/concept/crowdstrike-spoke-1.md","markdown/integrationhub-store-spokes/concept/crowdstrike-spoke-1.md","markdown-link","CrowdStrike Spoke","",""
"markdown","missing target file","markdown/integrate-applications/integration-hub/spokes-list.md","79","../../integrationhub-store-spokes/concept/docker-spoke-1.md","markdown/integrationhub-store-spokes/concept/docker-spoke-1.md","markdown-link","Docker Spoke","",""
"markdown","missing target file","markdown/integrate-applications/integration-hub/spokes-list.md","80","../../integrationhub-store-spokes/concept/docusign-spoke-1.md","markdown/integrationhub-store-spokes/concept/docusign-spoke-1.md","markdown-link","Docusign eSignature Spoke","",""
"markdown","missing target file","markdown/integrate-applications/integration-hub/spokes-list.md","81","../../integrationhub-store-spokes/concept/dropbox-busi-spoke-1.md","markdown/integrationhub-store-spokes/concept/dropbox-busi-spoke-1.md","markdown-link","Dropbox Business Spoke","",""
"markdown","missing target file","markdown/integrate-applications/integration-hub/spokes-list.md","85","../../integrationhub-store-spokes/concept/f5-spoke-1.md","markdown/integrationhub-store-spokes/concept/f5-spoke-1.md","markdown-link","F5 BIG-IP Spoke","",""
"markdown","missing target file","markdown/integrate-applications/integration-hub/spokes-list.md","86","../../integrationhub-store-spokes/concept/first-advantage-spoke-1.md","markdown/integrationhub-store-spokes/concept/first-advantage-spoke-1.md","markdown-link","First Advantage Spoke","",""
"markdown","missing target file","markdown/integrate-applications/integration-hub/spokes-list.md","88","../../integrationhub-store-spokes/concept/github-spoke-1.md","markdown/integrationhub-store-spokes/concept/github-spoke-1.md","markdown-link","GitHub Spoke","",""
"markdown","missing target file","markdown/integrate-applications/integration-hub/spokes-list.md","89","../../integrationhub-store-spokes/concept/gitlab-spoke-1.md","markdown/integrationhub-store-spokes/concept/gitlab-spoke-1.md","markdown-link","GitLab Spoke","",""
"markdown","missing target file","markdown/integrate-applications/integration-hub/spokes-list.md","90","../../integrationhub-store-spokes/concept/gmail-spoke-1.md","markdown/integrationhub-store-spokes/concept/gmail-spoke-1.md","markdown-link","Gmail Spoke","",""
"markdown","missing target file","markdown/integrate-applications/integration-hub/spokes-list.md","91","../../integrationhub-store-spokes/concept/gcal-spoke-1.md","markdown/integrationhub-store-spokes/concept/gcal-spoke-1.md","markdown-link","Google Calendar Spoke","",""
"markdown","missing target file","markdown/integrate-applications/integration-hub/spokes-list.md","92","../../integrationhub-store-spokes/concept/google-chat-spoke-1.md","markdown/integrationhub-store-spokes/concept/google-chat-spoke-1.md","markdown-link","Google Chat spoke","",""
"markdown","missing target file","markdown/integrate-applications/integration-hub/spokes-list.md","93","../../integrationhub-store-spokes/concept/gcloud-datastore-spoke-1.md","markdown/integrationhub-store-spokes/concept/gcloud-datastore-spoke-1.md","markdown-link","Google Cloud Datastore Spoke","",""
"markdown","missing target file","markdown/integrate-applications/integration-hub/spokes-list.md","94","../../integrationhub-store-spokes/concept/gcloud-dns-spoke-1.md","markdown/integrationhub-store-spokes/concept/gcloud-dns-spoke-1.md","markdown-link","Google Cloud DNS Spoke","",""
"markdown","missing target file","markdown/integrate-applications/integration-hub/spokes-list.md","95","../../integrationhub-store-spokes/concept/gcloud-functions-1.md","markdown/integrationhub-store-spokes/concept/gcloud-functions-1.md","markdown-link","Google Cloud Functions Spoke","",""
"markdown","missing target file","markdown/integrate-applications/integration-hub/spokes-list.md","96","../../integrationhub-store-spokes/concept/gcloud-load-bal-spoke-1.md","markdown/integrationhub-store-spokes/concept/gcloud-load-bal-spoke-1.md","markdown-link","Google Cloud Load Balancer Spoke","",""
"markdown","missing target file","markdown/integrate-applications/integration-hub/spokes-list.md","97","../../integrationhub-store-spokes/concept/google-pubsub-spoke-1.md","markdown/integrationhub-store-spokes/concept/google-pubsub-spoke-1.md","markdown-link","Google Cloud Pub Sub Spoke","",""
"markdown","missing target file","markdown/integrate-applications/integration-hub/spokes-list.md","98","../../integrationhub-store-spokes/concept/gcloud-sql-spoke-1.md","markdown/integrationhub-store-spokes/concept/gcloud-sql-spoke-1.md","markdown-link","Google Cloud SQL Spoke","",""
"markdown","missing target file","markdown/integrate-applications/integration-hub/spokes-list.md","99","../../integrationhub-store-spokes/concept/gcloudstorage-spoke-1.md","markdown/integrationhub-store-spokes/concept/gcloudstorage-spoke-1.md","markdown-link","Google Cloud Storage Spoke","",""
"markdown","missing target file","markdown/integrate-applications/integration-hub/spokes-list.md","101","../../integrationhub-store-spokes/concept/gcloudvirntwrk-spoke-1.md","markdown/integrationhub-store-spokes/concept/gcloudvirntwrk-spoke-1.md","markdown-link","Google Cloud Virtual Network Spoke","",""
"markdown","missing target file","markdown/integrate-applications/integration-hub/spokes-list.md","102","../../integrationhub-store-spokes/concept/gcloud-vpc-access-1.md","markdown/integrationhub-store-spokes/concept/gcloud-vpc-access-1.md","markdown-link","Google Cloud VPC Access Spoke","",""
"markdown","missing target file","markdown/integrate-applications/integration-hub/spokes-list.md","103","../../integrationhub-store-spokes/concept/gcomengine-spoke-1.md","markdown/integrationhub-store-spokes/concept/gcomengine-spoke-1.md","markdown-link","Google Compute Engine Spoke","",""
"markdown","missing target file","markdown/integrate-applications/integration-hub/spokes-list.md","104","../../integrationhub-store-spokes/concept/gdirectory-spoke-1.md","markdown/integrationhub-store-spokes/concept/gdirectory-spoke-1.md","markdown-link","Google Directory Spoke","",""
"markdown","missing target file","markdown/integrate-applications/integration-hub/spokes-list.md","105","../../integrationhub-store-spokes/concept/gdocs-spoke-1.md","markdown/integrationhub-store-spokes/concept/gdocs-spoke-1.md","markdown-link","Google Docs Spoke","",""
"markdown","missing target file","markdown/integrate-applications/integration-hub/spokes-list.md","106","../../integrationhub-store-spokes/concept/googledrive-spoke-1.md","markdown/integrationhub-store-spokes/concept/googledrive-spoke-1.md","markdown-link","Google Drive Spoke","",""
"markdown","missing target file","markdown/integrate-applications/integration-hub/spokes-list.md","107","../../integrationhub-store-spokes/concept/gidentityaccess-spoke-1.md","markdown/integrationhub-store-spokes/concept/gidentityaccess-spoke-1.md","markdown-link","Google Identity and Access Spoke","",""
"markdown","missing target file","markdown/integrate-applications/integration-hub/spokes-list.md","109","../../integrationhub-store-spokes/concept/gpersistentdisk-spoke-1.md","markdown/integrationhub-store-spokes/concept/gpersistentdisk-spoke-1.md","markdown-link","Google Persistent Disk Spoke","",""
"markdown","missing target file","markdown/integrate-applications/integration-hub/spokes-list.md","110","../../integrationhub-store-spokes/concept/gsheets-spoke-1.md","markdown/integrationhub-store-spokes/concept/gsheets-spoke-1.md","markdown-link","Google Sheets Spoke","",""
"markdown","missing target file","markdown/integrate-applications/integration-hub/spokes-list.md","111","../../integrationhub-store-spokes/concept/gtask-spoke-1.md","markdown/integrationhub-store-spokes/concept/gtask-spoke-1.md","markdown-link","Google Tasks Spoke","",""
"markdown","missing target file","markdown/integrate-applications/integration-hub/spokes-list.md","112","../../integrationhub-store-spokes/concept/goto-spoke-1.md","markdown/integrationhub-store-spokes/concept/goto-spoke-1.md","markdown-link","GoTo Spoke","",""
"markdown","missing target file","markdown/integrate-applications/integration-hub/spokes-list.md","113","../../integrationhub-store-spokes/concept/gov-notify-1.md","markdown/integrationhub-store-spokes/concept/gov-notify-1.md","markdown-link","GovNotify Spoke","",""
"markdown","missing target file","markdown/integrate-applications/integration-hub/spokes-list.md","114","../../integrationhub-store-spokes/concept/gremlin-spoke-1.md","markdown/integrationhub-store-spokes/concept/gremlin-spoke-1.md","markdown-link","Gremlin Spoke","",""
"markdown","missing target file","markdown/integrate-applications/integration-hub/spokes-list.md","116","../../integrationhub-store-spokes/concept/imanage-spoke-1.md","markdown/integrationhub-store-spokes/concept/imanage-spoke-1.md","markdown-link","iManage Spoke","",""
"markdown","missing target file","markdown/integrate-applications/integration-hub/spokes-list.md","117","../../integrationhub-store-spokes/concept/infoblox-spoke-1.md","markdown/integrationhub-store-spokes/concept/infoblox-spoke-1.md","markdown-link","Infoblox Spoke","",""
"markdown","missing target file","markdown/integrate-applications/integration-hub/spokes-list.md","118","../../integrationhub-store-spokes/concept/jha-spoke-1.md","markdown/integrationhub-store-spokes/concept/jha-spoke-1.md","markdown-link","Jack Henry jXchange Spoke","",""
"markdown","missing target file","markdown/integrate-applications/integration-hub/spokes-list.md","119","../../integrationhub-store-spokes/concept/jamf-spoke-1.md","markdown/integrationhub-store-spokes/concept/jamf-spoke-1.md","markdown-link","Jamf Spoke","",""
"markdown","missing target file","markdown/integrate-applications/integration-hub/spokes-list.md","120","../../integrationhub-store-spokes/concept/jenkins-v1-spoke-1.md","markdown/integrationhub-store-spokes/concept/jenkins-v1-spoke-1.md","markdown-link","Jenkins Spoke","",""
"markdown","missing target file","markdown/integrate-applications/integration-hub/spokes-list.md","121","../../integrationhub-store-spokes/concept/jenkins-spoke-1.md","markdown/integrationhub-store-spokes/concept/jenkins-spoke-1.md","markdown-link","Jenkins v2 Spoke","",""
"markdown","missing target file","markdown/integrate-applications/integration-hub/spokes-list.md","122","../../integrationhub-store-spokes/concept/jira-serv-mngmt-1.md","markdown/integrationhub-store-spokes/concept/jira-serv-mngmt-1.md","markdown-link","Jira Service Management Spoke","",""
"markdown","missing target file","markdown/integrate-applications/integration-hub/spokes-list.md","123","../../integrationhub-store-spokes/concept/jira-spoke-v3-0-2-1.md","markdown/integrationhub-store-spokes/concept/jira-spoke-v3-0-2-1.md","markdown-link","Jira Spoke","",""
"markdown","missing target file","markdown/integrate-applications/integration-hub/spokes-list.md","124","../../integrationhub-store-spokes/concept/kubernetes-spoke-1.md","markdown/integrationhub-store-spokes/concept/kubernetes-spoke-1.md","markdown-link","Kubernetes Spoke","",""
"markdown","missing target file","markdown/integrate-applications/integration-hub/spokes-list.md","125","../../integrationhub-store-spokes/concept/legal-tracker-spoke-1.md","markdown/integrationhub-store-spokes/concept/legal-tracker-spoke-1.md","markdown-link","Legal Tracker Spoke","",""
"markdown","missing target file","markdown/integrate-applications/integration-hub/spokes-list.md","127","../../integrationhub-store-spokes/concept/looker-spoke-1.md","markdown/integrationhub-store-spokes/concept/looker-spoke-1.md","markdown-link","Looker Spoke","",""
"markdown","missing target file","markdown/integrate-applications/integration-hub/spokes-list.md","128","../../integrationhub-store-spokes/concept/lucidchart-spoke-1.md","markdown/integrationhub-store-spokes/concept/lucidchart-spoke-1.md","markdown-link","Lucidchart Diagramming Spoke","",""
"markdown","missing target file","markdown/integrate-applications/integration-hub/spokes-list.md","130","../../integrationhub-store-spokes/concept/magnit-spoke-1.md","markdown/integrationhub-store-spokes/concept/magnit-spoke-1.md","markdown-link","Magnit Spoke","",""
"markdown","missing target file","markdown/integrate-applications/integration-hub/spokes-list.md","131","../../integrationhub-store-spokes/concept/mastercard-spoke-1.md","markdown/integrationhub-store-spokes/concept/mastercard-spoke-1.md","markdown-link","Mastercard Spoke","",""
"markdown","missing target file","markdown/integrate-applications/integration-hub/spokes-list.md","132","../../integrationhub-store-spokes/concept/office-365-spoke-1.md","markdown/integrationhub-store-spokes/concept/office-365-spoke-1.md","markdown-link","Microsoft 365 Excel Spoke","",""
"markdown","missing target file","markdown/integrate-applications/integration-hub/spokes-list.md","133","../../integrationhub-store-spokes/concept/ms365-spoke-1.md","markdown/integrationhub-store-spokes/concept/ms365-spoke-1.md","markdown-link","Microsoft Dynamics 365 Spoke","",""
"markdown","missing target file","markdown/integrate-applications/integration-hub/spokes-list.md","134","../../integrationhub-store-spokes/concept/ms-ad-v2-spoke-1.md","markdown/integrationhub-store-spokes/concept/ms-ad-v2-spoke-1.md","markdown-link","Microsoft Active Directory v2 Spoke","",""
"markdown","missing target file","markdown/integrate-applications/integration-hub/spokes-list.md","136","../../integrationhub-store-spokes/concept/msazure-app-insight-1.md","markdown/integrationhub-store-spokes/concept/msazure-app-insight-1.md","markdown-link","Microsoft Azure Application Insights Spoke","",""
"markdown","missing target file","markdown/integrate-applications/integration-hub/spokes-list.md","137","../../integrationhub-store-spokes/concept/azure-artifacts-spoke-1.md","markdown/integrationhub-store-spokes/concept/azure-artifacts-spoke-1.md","markdown-link","Microsoft Azure Artifacts Spoke","",""
"markdown","missing target file","markdown/integrate-applications/integration-hub/spokes-list.md","138","../../integrationhub-store-spokes/concept/azure-automation-1.md","markdown/integrationhub-store-spokes/concept/azure-automation-1.md","markdown-link","Microsoft Azure Automation Spoke","",""
"markdown","missing target file","markdown/integrate-applications/integration-hub/spokes-list.md","139","../../integrationhub-store-spokes/concept/azure-blob-spoke-1.md","markdown/integrationhub-store-spokes/concept/azure-blob-spoke-1.md","markdown-link","Microsoft Azure Blob Storage Spoke","",""
"markdown","missing target file","markdown/integrate-applications/integration-hub/spokes-list.md","140","../../integrationhub-store-spokes/concept/azure-cosmos-db-spoke-1.md","markdown/integrationhub-store-spokes/concept/azure-cosmos-db-spoke-1.md","markdown-link","Microsoft Azure Cosmos DB Spoke","",""
"markdown","missing target file","markdown/integrate-applications/integration-hub/spokes-list.md","141","../../integrationhub-store-spokes/concept/azure-devops-spoke-1.md","markdown/integrationhub-store-spokes/concept/azure-devops-spoke-1.md","markdown-link","Microsoft Azure DevOps Boards Spoke","",""
"markdown","missing target file","markdown/integrate-applications/integration-hub/spokes-list.md","142","../../integrationhub-store-spokes/concept/microsoft-azure-devops-pipelines-spoke-1.md","markdown/integrationhub-store-spokes/concept/microsoft-azure-devops-pipelines-spoke-1.md","markdown-link","Microsoft Azure DevOps Pipelines Spoke","",""
"markdown","missing target file","markdown/integrate-applications/integration-hub/spokes-list.md","143","../../integrationhub-store-spokes/concept/azure-mangstorage-spoke-1.md","markdown/integrationhub-store-spokes/concept/azure-mangstorage-spoke-1.md","markdown-link","Microsoft Azure Managed Storage Spoke","",""
"markdown","missing target file","markdown/integrate-applications/integration-hub/spokes-list.md","144","../../integrationhub-store-spokes/concept/azure-notif-hub-spoke-1.md","markdown/integrationhub-store-spokes/concept/azure-notif-hub-spoke-1.md","markdown-link","Microsoft Azure Notification Hub Spoke","",""
"markdown","missing target file","markdown/integrate-applications/integration-hub/spokes-list.md","145","../../integrationhub-store-spokes/concept/azure-rbac-spoke-1.md","markdown/integrationhub-store-spokes/concept/azure-rbac-spoke-1.md","markdown-link","Microsoft Azure RBAC Spoke","",""
"markdown","missing target file","markdown/integrate-applications/integration-hub/spokes-list.md","146","../../integrationhub-store-spokes/concept/azure-res-mngmt-spoke-1.md","markdown/integrationhub-store-spokes/concept/azure-res-mngmt-spoke-1.md","markdown-link","Microsoft Azure Resource Management Spoke","",""
"markdown","missing target file","markdown/integrate-applications/integration-hub/spokes-list.md","147","../../integrationhub-store-spokes/concept/azuresql-spoke-1.md","markdown/integrationhub-store-spokes/concept/azuresql-spoke-1.md","markdown-link","Microsoft Azure SQL Database Spoke","",""
"markdown","missing target file","markdown/integrate-applications/integration-hub/spokes-list.md","148","../../integrationhub-store-spokes/concept/azure-traffic-mngr-1.md","markdown/integrationhub-store-spokes/concept/azure-traffic-mngr-1.md","markdown-link","Microsoft Azure Traffic Manager Spoke","",""
"markdown","missing target file","markdown/integrate-applications/integration-hub/spokes-list.md","149","../../integrationhub-store-spokes/concept/azure-vir-mach-spoke-1.md","markdown/integrationhub-store-spokes/concept/azure-vir-mach-spoke-1.md","markdown-link","Microsoft Azure Virtual Machine Spoke","",""
"markdown","missing target file","markdown/integrate-applications/integration-hub/spokes-list.md","150","../../integrationhub-store-spokes/concept/azure-vir-net-spoke-1.md","markdown/integrationhub-store-spokes/concept/azure-vir-net-spoke-1.md","markdown-link","Microsoft Azure Virtual Network Spoke","",""
"markdown","missing target file","markdown/integrate-applications/integration-hub/spokes-list.md","151","../../integrationhub-store-spokes/concept/msdyn-finops-spoke-1.md","markdown/integrationhub-store-spokes/concept/msdyn-finops-spoke-1.md","markdown-link","Microsoft Dynamics 365 for Finance and Operations Spoke","",""
"markdown","missing target file","markdown/integrate-applications/integration-hub/spokes-list.md","152","../../integrationhub-store-spokes/concept/microsoft-dynamics-crm-spoke-1.md","markdown/integrationhub-store-spokes/concept/microsoft-dynamics-crm-spoke-1.md","markdown-link","Microsoft Dynamics CRM Spoke","",""
"markdown","missing target file","markdown/integrate-applications/integration-hub/spokes-list.md","153","../../integrationhub-store-spokes/concept/ms-endpoint-1.md","markdown/integrationhub-store-spokes/concept/ms-endpoint-1.md","markdown-link","Microsoft Endpoint Configuration Manager Spoke","",""
"markdown","missing target file","markdown/integrate-applications/integration-hub/spokes-list.md","154","../concept/microsoft-azure-ad-spoke-1.md","markdown/integrate-applications/concept/microsoft-azure-ad-spoke-1.md","markdown-link","Microsoft Entra ID Spoke (formerly Microsoft Azure Active Directory spoke)","",""
"markdown","missing target file","markdown/integrate-applications/integration-hub/spokes-list.md","155","../../integrationhub-store-spokes/concept/ms-exch-online-spoke-1.md","markdown/integrationhub-store-spokes/concept/ms-exch-online-spoke-1.md","markdown-link","Microsoft Exchange Online Spoke","",""
"markdown","missing target file","markdown/integrate-applications/integration-hub/spokes-list.md","156","../../integrationhub-store-spokes/concept/msexchangeserver-spoke-1.md","markdown/integrationhub-store-spokes/concept/msexchangeserver-spoke-1.md","markdown-link","Microsoft Exchange Server Spoke","",""
"markdown","missing target file","markdown/integrate-applications/integration-hub/spokes-list.md","157","../../integrationhub-store-spokes/concept/ms-intune-spoke-1.md","markdown/integrationhub-store-spokes/concept/ms-intune-spoke-1.md","markdown-link","Microsoft Intune Spoke","",""
"markdown","missing target file","markdown/integrate-applications/integration-hub/spokes-list.md","158","../../integrationhub-store-spokes/concept/onedrive-spoke-1.md","markdown/integrationhub-store-spokes/concept/onedrive-spoke-1.md","markdown-link","Microsoft OneDrive Spoke","",""
"markdown","missing target file","markdown/integrate-applications/integration-hub/spokes-list.md","159","../concept/microsoft-sccm-spoke-1.md","markdown/integrate-applications/concept/microsoft-sccm-spoke-1.md","markdown-link","Microsoft SCCM Spoke","",""
"markdown","missing target file","markdown/integrate-applications/integration-hub/spokes-list.md","160","../../integrationhub-store-spokes/concept/msrc-spoke-dec-1.md","markdown/integrationhub-store-spokes/concept/msrc-spoke-dec-1.md","markdown-link","Microsoft Security Response Center Spoke","",""
"markdown","missing target file","markdown/integrate-applications/integration-hub/spokes-list.md","161","../../integrationhub-store-spokes/concept/sharepoint-online-spoke-1.md","markdown/integrationhub-store-spokes/concept/sharepoint-online-spoke-1.md","markdown-link","Microsoft SharePoint Online Spoke","",""
"markdown","missing target file","markdown/integrate-applications/integration-hub/spokes-list.md","162","microsoft-teams-spoke-1.md","markdown/integrate-applications/integration-hub/microsoft-teams-spoke-1.md","markdown-link","Microsoft Teams Spoke","",""
"markdown","missing target file","markdown/integrate-applications/integration-hub/spokes-list.md","163","../../integrationhub-store-spokes/concept/msteams-comm-1.md","markdown/integrationhub-store-spokes/concept/msteams-comm-1.md","markdown-link","Microsoft Teams Communications Spoke","",""
"markdown","missing target file","markdown/integrate-applications/integration-hub/spokes-list.md","164","../../integrationhub-store-spokes/concept/msteams-spoke-1.md","markdown/integrationhub-store-spokes/concept/msteams-spoke-1.md","markdown-link","Microsoft Teams Graph Spoke","",""
"markdown","missing target file","markdown/integrate-applications/integration-hub/spokes-list.md","165","../../integrationhub-store-spokes/concept/miro-spoke-1.md","markdown/integrationhub-store-spokes/concept/miro-spoke-1.md","markdown-link","Miro Spoke","",""
"markdown","missing target file","markdown/integrate-applications/integration-hub/spokes-list.md","166","../../integrationhub-store-spokes/concept/monday-spoke-1.md","markdown/integrationhub-store-spokes/concept/monday-spoke-1.md","markdown-link","monday.com Spoke","",""
"markdown","missing target file","markdown/integrate-applications/integration-hub/spokes-list.md","168","../../integrationhub-store-spokes/concept/navex-ethics-spoke-1.md","markdown/integrationhub-store-spokes/concept/navex-ethics-spoke-1.md","markdown-link","Navex EthicsPoint Spoke","",""
"markdown","missing target file","markdown/integrate-applications/integration-hub/spokes-list.md","169","../../integrationhub-store-spokes/concept/okta-v2-spoke-1.md","markdown/integrationhub-store-spokes/concept/okta-v2-spoke-1.md","markdown-link","Okta Spoke","",""
"markdown","missing target file","markdown/integrate-applications/integration-hub/spokes-list.md","170","../../integrationhub-store-spokes/concept/onelogin-spoke-1.md","markdown/integrationhub-store-spokes/concept/onelogin-spoke-1.md","markdown-link","OneLogin Spoke","",""
"markdown","missing target file","markdown/integrate-applications/integration-hub/spokes-list.md","171","../../integrationhub-store-spokes/concept/oracle-auto-db-1.md","markdown/integrationhub-store-spokes/concept/oracle-auto-db-1.md","markdown-link","Oracle Autonomous DB Spoke","",""
"markdown","missing target file","markdown/integrate-applications/integration-hub/spokes-list.md","172","../../integrationhub-store-spokes/concept/oblock-storage-dec-1.md","markdown/integrationhub-store-spokes/concept/oblock-storage-dec-1.md","markdown-link","Oracle Block Storage Spoke","",""
"markdown","missing target file","markdown/integrate-applications/integration-hub/spokes-list.md","173","../../integrationhub-store-spokes/concept/oboot-volume-dec-1.md","markdown/integrationhub-store-spokes/concept/oboot-volume-dec-1.md","markdown-link","Oracle Boot Volume Spoke","",""
"markdown","missing target file","markdown/integrate-applications/integration-hub/spokes-list.md","174","../../integrationhub-store-spokes/concept/oracle-iam-1.md","markdown/integrationhub-store-spokes/concept/oracle-iam-1.md","markdown-link","Oracle Cloud IAM Spoke","",""
"markdown","missing target file","markdown/integrate-applications/integration-hub/spokes-list.md","175","../../integrationhub-store-spokes/concept/oracle-ce-dec-1.md","markdown/integrationhub-store-spokes/concept/oracle-ce-dec-1.md","markdown-link","Oracle Compute Engine Spoke","",""
"markdown","missing target file","markdown/integrate-applications/integration-hub/spokes-list.md","176","../../integrationhub-store-spokes/concept/oebs-spoke-1.md","markdown/integrationhub-store-spokes/concept/oebs-spoke-1.md","markdown-link","Oracle EBS Spoke","",""
"markdown","missing target file","markdown/integrate-applications/integration-hub/spokes-list.md","177","../../integrationhub-store-spokes/concept/oracle-fin-cloud-1.md","markdown/integrationhub-store-spokes/concept/oracle-fin-cloud-1.md","markdown-link","Oracle Financial Cloud Spoke","",""
"markdown","missing target file","markdown/integrate-applications/integration-hub/spokes-list.md","178","../concept/oracle-hcm-1.md","markdown/integrate-applications/concept/oracle-hcm-1.md","markdown-link","Oracle HCM Cloud Spoke","",""
"markdown","missing target file","markdown/integrate-applications/integration-hub/spokes-list.md","179","../../integrationhub-store-spokes/concept/oracle-netsuite-spoke-1.md","markdown/integrationhub-store-spokes/concept/oracle-netsuite-spoke-1.md","markdown-link","Oracle NetSuite Spoke","",""
"markdown","missing target file","markdown/integrate-applications/integration-hub/spokes-list.md","180","../../integrationhub-store-spokes/concept/object-storage-mngmt-dec-1.md","markdown/integrationhub-store-spokes/concept/object-storage-mngmt-dec-1.md","markdown-link","Oracle Object Storage Management Spoke","",""
"markdown","missing target file","markdown/integrate-applications/integration-hub/spokes-list.md","181","../../integrationhub-store-spokes/concept/people-soft-fin-1.md","markdown/integrationhub-store-spokes/concept/people-soft-fin-1.md","markdown-link","Oracle Peoplesoft Financial Spoke","",""
"markdown","missing target file","markdown/integrate-applications/integration-hub/spokes-list.md","182","../../integrationhub-store-spokes/concept/oraclevcn-dec-1.md","markdown/integrationhub-store-spokes/concept/oraclevcn-dec-1.md","markdown-link","Oracle Virtual Cloud Network Spoke","",""
"markdown","missing target file","markdown/integrate-applications/integration-hub/spokes-list.md","183","../../integrationhub-store-spokes/concept/pagerduty-spoke-1.md","markdown/integrationhub-store-spokes/concept/pagerduty-spoke-1.md","markdown-link","PagerDuty Spoke","",""
"markdown","missing target file","markdown/integrate-applications/integration-hub/spokes-list.md","184","../../integrationhub-store-spokes/concept/plivo-spoke-1.md","markdown/integrationhub-store-spokes/concept/plivo-spoke-1.md","markdown-link","Plivo Spoke","",""
"markdown","missing target file","markdown/integrate-applications/integration-hub/spokes-list.md","185","../../integrationhub-store-spokes/concept/pluralsight-spoke-1.md","markdown/integrationhub-store-spokes/concept/pluralsight-spoke-1.md","markdown-link","Pluralsight Spoke","",""
"markdown","missing target file","markdown/integrate-applications/integration-hub/spokes-list.md","186","../../integrationhub-store-spokes/concept/qualtrics-spoke-1.md","markdown/integrationhub-store-spokes/concept/qualtrics-spoke-1.md","markdown-link","Qualtrics Spoke","",""
"markdown","missing target file","markdown/integrate-applications/integration-hub/spokes-list.md","187","../../integrationhub-store-spokes/concept/rally-spoke-1.md","markdown/integrationhub-store-spokes/concept/rally-spoke-1.md","markdown-link","Rally Spoke","",""
"markdown","missing target file","markdown/integrate-applications/integration-hub/spokes-list.md","188","../../integrationhub-store-spokes/concept/redox-spoke-1.md","markdown/integrationhub-store-spokes/concept/redox-spoke-1.md","markdown-link","Redox Electronic Health Record Spoke","",""
"markdown","missing target file","markdown/integrate-applications/integration-hub/spokes-list.md","189","../../integrationhub-store-spokes/concept/roadmunk-spoke-1.md","markdown/integrationhub-store-spokes/concept/roadmunk-spoke-1.md","markdown-link","Roadmunk Spoke","",""
"markdown","missing target file","markdown/integrate-applications/integration-hub/spokes-list.md","190","../../integrationhub-store-spokes/concept/saba-spoke-1.md","markdown/integrationhub-store-spokes/concept/saba-spoke-1.md","markdown-link","Saba Spoke","",""
"markdown","missing target file","markdown/integrate-applications/integration-hub/spokes-list.md","191","../../integrationhub-store-spokes/concept/salesforce-marketing-cloud-spoke-1.md","markdown/integrationhub-store-spokes/concept/salesforce-marketing-cloud-spoke-1.md","markdown-link","Salesforce Marketing Cloud Spoke","",""
"markdown","missing target file","markdown/integrate-applications/integration-hub/spokes-list.md","192","../../integrationhub-store-spokes/concept/salesforce-spoke-1.md","markdown/integrationhub-store-spokes/concept/salesforce-spoke-1.md","markdown-link","Salesforce Spoke","",""
"markdown","missing target file","markdown/integrate-applications/integration-hub/spokes-list.md","193","../../integrationhub-store-spokes/concept/sap-ariba-spoke-1.md","markdown/integrationhub-store-spokes/concept/sap-ariba-spoke-1.md","markdown-link","SAP Ariba Spoke","",""
"markdown","missing target file","markdown/integrate-applications/integration-hub/spokes-list.md","194","../../integrationhub-store-spokes/concept/sap-commerce-cloud-1.md","markdown/integrationhub-store-spokes/concept/sap-commerce-cloud-1.md","markdown-link","SAP Commerce Cloud Spoke","",""
"markdown","missing target file","markdown/integrate-applications/integration-hub/spokes-list.md","195","../../integrationhub-store-spokes/concept/sap-concur-spoke-1.md","markdown/integrationhub-store-spokes/concept/sap-concur-spoke-1.md","markdown-link","SAP Concur Spoke","",""
"markdown","missing target file","markdown/integrate-applications/integration-hub/spokes-list.md","196","../../integrationhub-store-spokes/concept/sap-ecc-idoc-spoke-1.md","markdown/integrationhub-store-spokes/concept/sap-ecc-idoc-spoke-1.md","markdown-link","SAP ECC IDoc Spoke","",""
"markdown","missing target file","markdown/integrate-applications/integration-hub/spokes-list.md","197","../../integrationhub-store-spokes/concept/sap-ecc-rfc-spoke-1.md","markdown/integrationhub-store-spokes/concept/sap-ecc-rfc-spoke-1.md","markdown-link","SAP ECC RFC Spoke","",""
"markdown","missing target file","markdown/integrate-applications/integration-hub/spokes-list.md","198","../../integrationhub-store-spokes/concept/sap-fieldglass-1.md","markdown/integrationhub-store-spokes/concept/sap-fieldglass-1.md","markdown-link","SAP Fieldglass Spoke","",""
"markdown","missing target file","markdown/integrate-applications/integration-hub/spokes-list.md","199","../../integrationhub-store-spokes/concept/sap-hana-idoc-1.md","markdown/integrationhub-store-spokes/concept/sap-hana-idoc-1.md","markdown-link","SAP S4 HANA IDoc Spoke","",""
"markdown","missing target file","markdown/integrate-applications/integration-hub/spokes-list.md","200","../../integrationhub-store-spokes/concept/sap-s4-odata-spoke-1.md","markdown/integrationhub-store-spokes/concept/sap-s4-odata-spoke-1.md","markdown-link","SAP S4 HANA OData spoke","",""
"markdown","missing target file","markdown/integrate-applications/integration-hub/spokes-list.md","201","../../integrationhub-store-spokes/concept/sap-s4-hana-cloud-spk-1.md","markdown/integrationhub-store-spokes/concept/sap-s4-hana-cloud-spk-1.md","markdown-link","SAP S4 HANA Public Cloud Spoke","",""
"markdown","missing target file","markdown/integrate-applications/integration-hub/spokes-list.md","202","../../integrationhub-store-spokes/concept/sap-s4hanarfc-spoke-1.md","markdown/integrationhub-store-spokes/concept/sap-s4hanarfc-spoke-1.md","markdown-link","SAP S4 HANA RFC Spoke","",""
"markdown","missing target file","markdown/integrate-applications/integration-hub/spokes-list.md","203","../../integrationhub-store-spokes/concept/sccm-usage-metering-spoke-1.md","markdown/integrationhub-store-spokes/concept/sccm-usage-metering-spoke-1.md","markdown-link","SCCM Usage Metering Spoke","",""
"markdown","missing target file","markdown/integrate-applications/integration-hub/spokes-list.md","204","../../integrationhub-store-spokes/concept/secureworks-ctp-1.md","markdown/integrationhub-store-spokes/concept/secureworks-ctp-1.md","markdown-link","Secureworks CTP Spoke","",""
"markdown","missing target file","markdown/integrate-applications/integration-hub/spokes-list.md","205","../../integrationhub-store-spokes/concept/remote-instance-spoke-1.md","markdown/integrationhub-store-spokes/concept/remote-instance-spoke-1.md","markdown-link","ServiceNow Remote Instance Spoke","",""
"markdown","missing target file","markdown/integrate-applications/integration-hub/spokes-list.md","207","../../integrationhub-store-spokes/concept/shodan-spoke-1.md","markdown/integrationhub-store-spokes/concept/shodan-spoke-1.md","markdown-link","Shodan Spoke","",""
"markdown","missing target file","markdown/integrate-applications/integration-hub/spokes-list.md","208","../concept/slack-spoke-1.md","markdown/integrate-applications/concept/slack-spoke-1.md","markdown-link","Slack Spoke","",""
"markdown","missing target file","markdown/integrate-applications/integration-hub/spokes-list.md","210","../../integrationhub-store-spokes/concept/smartsheet-spoke-1.md","markdown/integrationhub-store-spokes/concept/smartsheet-spoke-1.md","markdown-link","Smartsheet Spoke","",""
"markdown","missing target file","markdown/integrate-applications/integration-hub/spokes-list.md","211","../../integrationhub-store-spokes/concept/snowflake-1.md","markdown/integrationhub-store-spokes/concept/snowflake-1.md","markdown-link","Snowflake Spoke","",""
"markdown","missing target file","markdown/integrate-applications/integration-hub/spokes-list.md","212","../../integrationhub-store-spokes/concept/socure-fso-1.md","markdown/integrationhub-store-spokes/concept/socure-fso-1.md","markdown-link","Socure Spoke","",""
"markdown","missing target file","markdown/integrate-applications/integration-hub/spokes-list.md","214","../../integrationhub-store-spokes/concept/successfactors-spoke-1.md","markdown/integrationhub-store-spokes/concept/successfactors-spoke-1.md","markdown-link","SuccessFactors spoke","",""
"markdown","missing target file","markdown/integrate-applications/integration-hub/spokes-list.md","215","../../integrationhub-store-spokes/concept/sumtotal-spoke-1.md","markdown/integrationhub-store-spokes/concept/sumtotal-spoke-1.md","markdown-link","SumTotal Spoke","",""
"markdown","missing target file","markdown/integrate-applications/integration-hub/spokes-list.md","216","../../integrationhub-store-spokes/concept/survey-monkey-dec-1.md","markdown/integrationhub-store-spokes/concept/survey-monkey-dec-1.md","markdown-link","SurveyMonkey Spoke","",""
"markdown","missing target file","markdown/integrate-applications/integration-hub/spokes-list.md","218","../../integrationhub-store-spokes/concept/trello-spoke-1.md","markdown/integrationhub-store-spokes/concept/trello-spoke-1.md","markdown-link","Trello Spoke","",""
"markdown","missing target file","markdown/integrate-applications/integration-hub/spokes-list.md","219","../../integrationhub-store-spokes/concept/twilio-spoke-1.md","markdown/integrationhub-store-spokes/concept/twilio-spoke-1.md","markdown-link","Twilio Spoke","",""
"markdown","missing target file","markdown/integrate-applications/integration-hub/spokes-list.md","220","../../integrationhub-store-spokes/concept/ucf-spoke-1.md","markdown/integrationhub-store-spokes/concept/ucf-spoke-1.md","markdown-link","UCF Spoke","",""
"markdown","missing target file","markdown/integrate-applications/integration-hub/spokes-list.md","221","../../integrationhub-store-spokes/concept/udemy-spoke-1.md","markdown/integrationhub-store-spokes/concept/udemy-spoke-1.md","markdown-link","Udemy Spoke","",""
"markdown","missing target file","markdown/integrate-applications/integration-hub/spokes-list.md","222","../../integrationhub-store-spokes/concept/uipath-spoke-1.md","markdown/integrationhub-store-spokes/concept/uipath-spoke-1.md","markdown-link","UiPath Spoke","",""
"markdown","missing target file","markdown/integrate-applications/integration-hub/spokes-list.md","223","../../integrationhub-store-spokes/concept/kronos-spoke-1.md","markdown/integrationhub-store-spokes/concept/kronos-spoke-1.md","markdown-link","UKG Spoke","",""
"markdown","missing target file","markdown/integrate-applications/integration-hub/spokes-list.md","224","../../integrationhub-store-spokes/concept/utilityact-spoke-1.md","markdown/integrationhub-store-spokes/concept/utilityact-spoke-1.md","markdown-link","Utility Actions Spoke","",""
"markdown","missing target file","markdown/integrate-applications/integration-hub/spokes-list.md","226","../../integrationhub-store-spokes/concept/visa-spoke-1.md","markdown/integrationhub-store-spokes/concept/visa-spoke-1.md","markdown-link","Visa Spoke","",""
"markdown","missing target file","markdown/integrate-applications/integration-hub/spokes-list.md","227","../../integrationhub-store-spokes/concept/vonage-spoke-1.md","markdown/integrationhub-store-spokes/concept/vonage-spoke-1.md","markdown-link","Vonage Spoke","",""
"markdown","missing target file","markdown/integrate-applications/integration-hub/spokes-list.md","228","../../integrationhub-store-spokes/concept/workday-fin-spoke-1.md","markdown/integrationhub-store-spokes/concept/workday-fin-spoke-1.md","markdown-link","Workday Financials Spoke","",""
"markdown","missing target file","markdown/integrate-applications/integration-hub/spokes-list.md","229","../../integrationhub-store-spokes/concept/workday-hr-spoke-1.md","markdown/integrationhub-store-spokes/concept/workday-hr-spoke-1.md","markdown-link","Workday HR Spoke","",""
"markdown","missing target file","markdown/integrate-applications/integration-hub/spokes-list.md","230","../../integrationhub-store-spokes/concept/wd-learning-spk-1.md","markdown/integrationhub-store-spokes/concept/wd-learning-spk-1.md","markdown-link","Workday Learning Spoke","",""
"markdown","missing target file","markdown/integrate-applications/integration-hub/spokes-list.md","231","../../integrationhub-store-spokes/concept/workfront-spoke-1.md","markdown/integrationhub-store-spokes/concept/workfront-spoke-1.md","markdown-link","Workfront Spoke","",""
"markdown","missing target file","markdown/integrate-applications/integration-hub/spokes-list.md","232","../../integrationhub-store-spokes/concept/facebook-spoke-1.md","markdown/integrationhub-store-spokes/concept/facebook-spoke-1.md","markdown-link","Workplace from Facebook Spoke","",""
"markdown","missing target file","markdown/integrate-applications/integration-hub/spokes-list.md","233","../../integrationhub-store-spokes/concept/wrike-spoke-dec-1.md","markdown/integrationhub-store-spokes/concept/wrike-spoke-dec-1.md","markdown-link","Wrike Spoke","",""
"markdown","missing target file","markdown/integrate-applications/integration-hub/spokes-list.md","234","../../integrationhub-store-spokes/concept/twitter-spoke-ol-1.md","markdown/integrationhub-store-spokes/concept/twitter-spoke-ol-1.md","markdown-link","X Spoke (formerly Twitter Spoke)","",""
"markdown","missing target file","markdown/integrate-applications/integration-hub/spokes-list.md","235","../../integrationhub-store-spokes/concept/youtube-spoke-1.md","markdown/integrationhub-store-spokes/concept/youtube-spoke-1.md","markdown-link","YouTube Spoke","",""
"markdown","missing target file","markdown/integrate-applications/integration-hub/spokes-list.md","236","../../integrationhub-store-spokes/concept/zendesk-spoke-1.md","markdown/integrationhub-store-spokes/concept/zendesk-spoke-1.md","markdown-link","Zendesk Spoke","",""
"markdown","missing target file","markdown/integrate-applications/integration-hub/spokes-list.md","237","../../integrationhub-store-spokes/concept/zoom-spoke-1.md","markdown/integrationhub-store-spokes/concept/zoom-spoke-1.md","markdown-link","Zoom Spoke","",""
"markdown","missing target file","markdown/integrate-applications/orchestration/c_OrchestrationMID.md","25","../../mid-server/concept/c_MIDServerSelectionCriteria.md","markdown/mid-server/concept/c_MIDServerSelectionCriteria.md","markdown-link","Select the default MID Server for Orchestration","",""
"markdown","missing target file","markdown/integrate-applications/orchestration/c_OrchestrationMID.md","27","../../mid-server/reference/r_MIDServerCapabilities.md","markdown/mid-server/reference/r_MIDServerCapabilities.md","markdown-link","MID Server capabilities","",""
"markdown","missing target file","markdown/integrate-applications/orchestration/c_OrchestrationMID.md","29","../../mid-server/concept/c_MIDServerSelectionCriteria.md","markdown/mid-server/concept/c_MIDServerSelectionCriteria.md","markdown-link","Select the default MID Server for Orchestration","",""
"markdown","missing target file","markdown/integrate-applications/orchestration/c_SCCMActivityPack.md","31","../task/t_ConfigMIDServerForSCCMActivities.md","markdown/integrate-applications/task/t_ConfigMIDServerForSCCMActivities.md","markdown-link","Configure the MID Server for SCCM activities","",""
"markdown","missing target file","markdown/integrate-applications/orchestration/configuring-sccm.md","22","../../../administer/orchestration-activities/task/t_ConfigMIDServerForSCCMActivities.md","administer/orchestration-activities/task/t_ConfigMIDServerForSCCMActivities.md","markdown-link","Configure the MID Server for SCCM activities","",""
"markdown","missing target file","markdown/integrate-applications/wdf.md","32","connecthub-connect-to-external-systems.md","markdown/integrate-applications/connecthub-connect-to-external-systems.md","markdown-link","Connect to external systems![](../../../reuse/icons/brand-icons/bus-integration-and-apis.svg)Discover, build, configure, and manage the complete life-cycle o...","",""
"markdown","missing target file","markdown/integrate-applications/workflow-data-fabric-tutorial.md","36","connecthub-connect-to-external-systems.md","markdown/integrate-applications/connecthub-connect-to-external-systems.md","markdown-link","Connect to external systems","",""
"markdown","missing target file","markdown/intelligent-experiences/ai-additional-resources.md","295","../release-notes/now-assist-for-ea-rn.md","markdown/release-notes/now-assist-for-ea-rn.md","markdown-link","Now Assist for Enterprise Architecture (EA) release notes","",""
"markdown","missing target file","markdown/intelligent-experiences/ai-additional-resources.md","307","../release-notes/now-assist-va-rn.md","markdown/release-notes/now-assist-va-rn.md","markdown-link","Now Assist in Virtual Agent release notes","",""
"markdown","missing target file","markdown/intelligent-experiences/ai-control-tower/ai-control-tower-email-notifications.md","45","../../governance-risk-compliance/ai-risk-management/airc_email_notifications.md","markdown/governance-risk-compliance/ai-risk-management/airc_email_notifications.md","markdown-link","AI governance email notifications","",""
"markdown","missing target file","markdown/intelligent-experiences/ai-products.md","57","../../mcp-server-console/concept/mcp-server-console-landing.md","mcp-server-console/concept/mcp-server-console-landing.md","markdown-link","MCP Server Console![](../../../reuse/icons/brand-icons/bus-service-map.svg) Use Model Context Protocol (MCP) servers to allow AI applications to access data ...","",""
"markdown","missing target file","markdown/intelligent-experiences/generative-ai-controller/byok-for-azure-open-ai.md","52","../../platform-administration/ai-search/create-byom.md","markdown/platform-administration/ai-search/create-byom.md","markdown-link","Create a custom embedding model","",""
"markdown","missing target file","markdown/intelligent-experiences/index.md","48","email-task.md","markdown/intelligent-experiences/email-task.md","markdown-link","email-task","",""
"markdown","missing target file","markdown/intelligent-experiences/index.md","79","nacm-variable-set-description.md","markdown/intelligent-experiences/nacm-variable-set-description.md","markdown-link","nacm-variable-set-description","",""
"markdown","missing target file","markdown/intelligent-experiences/index.md","477","ai-control-tower/spm-integration-with-ai-control-tower.md","markdown/intelligent-experiences/ai-control-tower/spm-integration-with-ai-control-tower.md","markdown-link","spm-integration-with-ai-control-tower","",""
"markdown","missing target file","markdown/intelligent-experiences/mcp-server-console-reference.md","22","mcp-server-console-landing.md","markdown/intelligent-experiences/mcp-server-console-landing.md","markdown-link","MCP Server Console","",""
"markdown","missing target file","markdown/intelligent-experiences/now-assist-skill-kit/add-retriever.md","128","../../platform-administration/ai-search/setting-up-3p-embedding-models.md","markdown/platform-administration/ai-search/setting-up-3p-embedding-models.md","markdown-link","Configuring your embedding model","",""
"markdown","missing target file","markdown/intelligent-experiences/now-assist-skills/now-assist-skills.md","595","../../api-reference/scripts/edit-code-now-assist.md","markdown/api-reference/scripts/edit-code-now-assist.md","markdown-link","Code Assist edit","",""
"markdown","missing target file","markdown/intelligent-experiences/now-assist-write-overview.md","33","nacm-variable-set-description.md","markdown/intelligent-experiences/nacm-variable-set-description.md","markdown-link","nacm-variable-set-description.md","",""
"markdown","missing target file","markdown/intelligent-experiences/now-assist-write-overview.md","121","summarisation-with-now-assist-context-menu.md","markdown/intelligent-experiences/summarisation-with-now-assist-context-menu.md","markdown-link","Summarize records with the Now Assist context menu","",""
"markdown","missing target file","markdown/intelligent-experiences/sn-ai-impl-ai-search.md","76","../platform-administration/ai-search/ais-genius-results-widget-options.md","markdown/platform-administration/ai-search/ais-genius-results-widget-options.md","markdown-link","AI Search Genius Results widget options","",""
"markdown","missing target file","markdown/intelligent-experiences/sn-ai-impl-overview-tools.md","177","../../mcp-server-console/concept/mcp-server-console-landing.md","mcp-server-console/concept/mcp-server-console-landing.md","markdown-link","MCP Server Console","",""
"markdown","missing target file","markdown/intelligent-experiences/sn-aia-use-cases-list.md","228","../it-operations-management/now-assist-for-it-operations-management/itom-alert-triage-agentic-workflow.md","markdown/it-operations-management/now-assist-for-it-operations-management/itom-alert-triage-agentic-workflow.md","markdown-link","Triage and analyze alerts","",""
"markdown","missing target file","markdown/intelligent-experiences/sn-aia-use-cases-list.md","328","../it-asset-management/now-assist-for-software-asset-management-sam/now-assist-sam-create-software-reclamation-rule-workflow.md","markdown/it-asset-management/now-assist-for-software-asset-management-sam/now-assist-sam-create-software-reclamation-rule-workflow.md","markdown-link","Create software reclamation rule","",""
"markdown","missing target file","markdown/intelligent-experiences/use-now-assist-context-menu-for-custom-skill-deployment.md","28","nacm-variable-set-description.md","markdown/intelligent-experiences/nacm-variable-set-description.md","markdown-link","nacm-variable-set-description.md","",""
"markdown","missing target file","markdown/it-asset-management/index.md","662","now-assist-for-software-asset-management-sam/now-assist-sam-create-software-reclamation-rule-workflow.md","markdown/it-asset-management/now-assist-for-software-asset-management-sam/now-assist-sam-create-software-reclamation-rule-workflow.md","markdown-link","now-assist-sam-create-software-reclamation-rule-workflow","",""
"markdown","missing target file","markdown/it-asset-management/now-assist-for-software-asset-management-sam/using-now-assist-sam-ai-agents-usecases.md","82","now-assist-sam-create-software-reclamation-rule-workflow.md","markdown/it-asset-management/now-assist-for-software-asset-management-sam/now-assist-sam-create-software-reclamation-rule-workflow.md","markdown-link","now-assist-sam-create-software-reclamation-rule-workflow.md","",""
"markdown","missing target file","markdown/it-business-management/goal-framework/configure-goal-preferences.md","28","../reference/goal-preferences-form-1.md","markdown/it-business-management/reference/goal-preferences-form-1.md","markdown-link","Goal Preferences form","",""
"markdown","missing target file","markdown/it-business-management/goal-framework/create-context-variable-for-a-target-source-type-pa-indicator.md","40","../reference/context-variable-form-1.md","markdown/it-business-management/reference/context-variable-form-1.md","markdown-link","Context Variable form","",""
"markdown","missing target file","markdown/it-business-management/goal-framework/create-context-variable-for-a-target-source.md","30","create-context-variable-for-a-target-source-type-pa-indicator-1.md","markdown/it-business-management/goal-framework/create-context-variable-for-a-target-source-type-pa-indicator-1.md","markdown-link","Create a context variable for the target source type PA Indicator","",""
"markdown","missing target file","markdown/it-business-management/goal-framework/create-context-variable-for-a-target-source.md","42","../reference/context-variable-form-1.md","markdown/it-business-management/reference/context-variable-form-1.md","markdown-link","Context Variable form","",""
"markdown","missing target file","markdown/it-business-management/goal-framework/create-target-source.md","26","../concept/context-variable-in-target-source-1.md","markdown/it-business-management/concept/context-variable-in-target-source-1.md","markdown-link","Context variable in target source","",""
"markdown","missing target file","markdown/it-business-management/goal-framework/create-target-source.md","36","../reference/target-source-form-1.md","markdown/it-business-management/reference/target-source-form-1.md","markdown-link","Target Source form","",""
"markdown","missing target file","markdown/it-business-management/goal-framework/migrate-existing-goals-data.md","43","../reference/scheduled-script-execution-form-gf-1.md#scheduled-job-to-migrate-goals-data","markdown/it-business-management/reference/scheduled-script-execution-form-gf-1.md","markdown-link","Migrate Goal, Strategy, and Work item data to the Goal Framework and related Planning item tables","",""
"markdown","missing target file","markdown/it-business-management/goal-framework/scheduled-script-execution-form-gf.md","72","goal-form-1.md","markdown/it-business-management/goal-framework/goal-form-1.md","markdown-link","Goal form","",""
"markdown","missing target file","markdown/it-business-management/index.md","1341","project-management/create-a-project-form.md","markdown/it-business-management/project-management/create-a-project-form.md","markdown-link","create-a-project-form","",""
"markdown","missing target file","markdown/it-business-management/ppm-collaboration/r_RelatedListsInstalledWithPPSF.md","29","../../project-management/reference/create-a-project-form.md","markdown/project-management/reference/create-a-project-form.md","markdown-link","../../project-management/reference/create-a-project-form.md","",""
"markdown","missing target file","markdown/it-business-management/ppm-collaboration/r_RelatedListsInstalledWithPPSF.md","41","../../project-management/reference/create-a-project-form.md","markdown/project-management/reference/create-a-project-form.md","markdown-link","../../project-management/reference/create-a-project-form.md","",""
"markdown","missing target file","markdown/it-business-management/project-management/enable-project-currency-view.md","50","../../project-management/reference/create-a-project-form.md","markdown/project-management/reference/create-a-project-form.md","markdown-link","../../project-management/reference/create-a-project-form.md","",""
"markdown","missing target file","markdown/it-business-management/project-management/t_CreateAProject.md","75","../reference/create-a-project-form.md","markdown/it-business-management/reference/create-a-project-form.md","markdown-link","../reference/create-a-project-form.md","",""
"markdown","missing target file","markdown/it-business-management/project-management/t_CreateAProject.md","136","../reference/create-a-project-form.md","markdown/it-business-management/reference/create-a-project-form.md","markdown-link","../reference/create-a-project-form.md","",""
"markdown","missing target file","markdown/it-business-management/strategic-planning/configure-goal-insights-generation-job.md","21","../task/activate-goal-insights-generation-job.md","markdown/it-business-management/task/activate-goal-insights-generation-job.md","markdown-link","Activate and configure the Goal insights generation job","",""
"markdown","missing target file","markdown/it-business-management/strategic-planning/configure-goals-set-goal-insights-generation.md","56","activate-goal-insights-generation-job.md","markdown/it-business-management/strategic-planning/activate-goal-insights-generation-job.md","markdown-link","Activate and configure the Goal insights generation job","",""
"markdown","missing target file","markdown/it-operations-management/cloud-configuration-governance/add-cloud-account-cloud-mgt.md","58","disco-datacntrs-in-srv-acct-1.md","markdown/it-operations-management/cloud-configuration-governance/disco-datacntrs-in-srv-acct-1.md","markdown-link","Discover all datacenters in a service account on-demand","",""
"markdown","missing target file","markdown/it-operations-management/cloud-configuration-governance/add-cloud-account-cloud-mgt.md","59","set-capacity-limits-cloud-mgt-1.md","markdown/it-operations-management/cloud-configuration-governance/set-capacity-limits-cloud-mgt-1.md","markdown-link","Set capacity limits on user requests for resources","",""
"markdown","missing target file","markdown/it-operations-management/cloud-configuration-governance/aws-first-cld-and-srvc-accts.md","161","disco-datacntrs-in-srv-acct-1.md","markdown/it-operations-management/cloud-configuration-governance/disco-datacntrs-in-srv-acct-1.md","markdown-link","Discover all datacenters in a service account on-demand","",""
"markdown","missing target file","markdown/it-operations-management/cloud-configuration-governance/aws-first-cld-and-srvc-accts.md","162","set-capacity-limits-cloud-mgt-1.md","markdown/it-operations-management/cloud-configuration-governance/set-capacity-limits-cloud-mgt-1.md","markdown-link","Set capacity limits on user requests for resources","",""
"markdown","missing target file","markdown/it-operations-management/cloud-configuration-governance/aws-govcloud-creds-cloud-mgt.md","136","aws-govcloud-srv-acct-cloud-mgt-1.md","markdown/it-operations-management/cloud-configuration-governance/aws-govcloud-srv-acct-cloud-mgt-1.md","markdown-link","Create a service account for AWS GovCloud","",""
"markdown","missing target file","markdown/it-operations-management/cloud-configuration-governance/azure-cloud-accts-cloud-mgt.md","40","disco-datacntrs-in-srv-acct-1.md","markdown/it-operations-management/cloud-configuration-governance/disco-datacntrs-in-srv-acct-1.md","markdown-link","Discover all datacenters in a service account on-demand","",""
"markdown","missing target file","markdown/it-operations-management/cloud-configuration-governance/azure-cloud-accts-cloud-mgt.md","54","disco-datacntrs-in-srv-acct-1.md","markdown/it-operations-management/cloud-configuration-governance/disco-datacntrs-in-srv-acct-1.md","markdown-link","Discover all datacenters in a service account on-demand","",""
"markdown","missing target file","markdown/it-operations-management/cloud-configuration-governance/azure-cloud-accts-cloud-mgt.md","55","set-capacity-limits-cloud-mgt-1.md","markdown/it-operations-management/cloud-configuration-governance/set-capacity-limits-cloud-mgt-1.md","markdown-link","Set capacity limits on user requests for resources","",""
"markdown","missing target file","markdown/it-operations-management/cloud-configuration-governance/azure-create-creds-cloud-mgt.md","27","azure-create-serv-princ-cloud-mgt-1.md","markdown/it-operations-management/cloud-configuration-governance/azure-create-serv-princ-cloud-mgt-1.md","markdown-link","Create a Microsoft Azure service principal","",""
"markdown","missing target file","markdown/it-operations-management/cloud-configuration-governance/azure-create-serv-princ-cloud-mgt.md","177","azure-create-creds-cloud-mgt-1.md","markdown/it-operations-management/cloud-configuration-governance/azure-create-creds-cloud-mgt-1.md","markdown-link","Store the Azure service principal credentials in the instance","",""
"markdown","missing target file","markdown/it-operations-management/cloud-configuration-governance/azure-service-account-cloud-mgt.md","24","azure-create-serv-princ-cloud-mgt-1.md","markdown/it-operations-management/cloud-configuration-governance/azure-create-serv-princ-cloud-mgt-1.md","markdown-link","Create a Microsoft Azure service principal","",""
"markdown","missing target file","markdown/it-operations-management/cloud-configuration-governance/azure-service-account-cloud-mgt.md","56","azure-create-creds-cloud-mgt-1.md","markdown/it-operations-management/cloud-configuration-governance/azure-create-creds-cloud-mgt-1.md","markdown-link","Store the Azure service principal credentials in the instance","",""
"markdown","missing target file","markdown/it-operations-management/cloud-configuration-governance/cloud-mgt-aws-setup-day-1.md","20","../task/request-plugin-cloud-mgt-1.md","markdown/it-operations-management/task/request-plugin-cloud-mgt-1.md","markdown-link","Request the Cloud Provisioning and Governance application","",""
"markdown","missing target file","markdown/it-operations-management/cloud-configuration-governance/cloud-mgt-azure-setup-guide.md","20","../task/request-plugin-cloud-mgt-1.md","markdown/it-operations-management/task/request-plugin-cloud-mgt-1.md","markdown-link","Request the Cloud Provisioning and Governance application","",""
"markdown","missing target file","markdown/it-operations-management/cloud-configuration-governance/cloud-mgt-vmware-setup-guide.md","20","../task/request-plugin-cloud-mgt-1.md","markdown/it-operations-management/task/request-plugin-cloud-mgt-1.md","markdown-link","Request the Cloud Provisioning and Governance application","",""
"markdown","missing target file","markdown/it-operations-management/cloud-configuration-governance/cloud-mgt-vmware-setup-guide.md","105","../task/vmware-create-creds-cloud-mgt-1.md","markdown/it-operations-management/task/vmware-create-creds-cloud-mgt-1.md","markdown-link","Create the credential and service account that will access your VMware data","",""
"markdown","missing target file","markdown/it-operations-management/cloud-configuration-governance/create-action-on-bp-provision.md","20","create-cloud-policy-group-1.md","markdown/it-operations-management/cloud-configuration-governance/create-cloud-policy-group-1.md","markdown-link","Create one or more cloud policy groups","",""
"markdown","missing target file","markdown/it-operations-management/cloud-configuration-governance/create-action-on-bp-provision.md","22","configure-cloud-policy-rule-1.md","markdown/it-operations-management/cloud-configuration-governance/configure-cloud-policy-rule-1.md","markdown-link","Configure a cloud policy rule","",""
"markdown","missing target file","markdown/it-operations-management/cloud-configuration-governance/create-action-on-bp-provision.md","68","create-policy-script-1.md","markdown/it-operations-management/cloud-configuration-governance/create-policy-script-1.md","markdown-link","Create a policy action script","",""
"markdown","missing target file","markdown/it-operations-management/cloud-configuration-governance/create-action-on-bp-provision.md","101","../reference/expressions-cloud-mgt-1.md","markdown/it-operations-management/reference/expressions-cloud-mgt-1.md","markdown-link","Using expressions in Cloud Provisioning and Governance","",""
"markdown","missing target file","markdown/it-operations-management/cloud-configuration-governance/create-action-on-cat-item-launch.md","66","create-policy-script-1.md","markdown/it-operations-management/cloud-configuration-governance/create-policy-script-1.md","markdown-link","Create a policy action script","",""
"markdown","missing target file","markdown/it-operations-management/cloud-configuration-governance/create-action-on-cat-item-launch.md","99","../reference/expressions-cloud-mgt-1.md","markdown/it-operations-management/reference/expressions-cloud-mgt-1.md","markdown-link","Using expressions in Cloud Provisioning and Governance","",""
"markdown","missing target file","markdown/it-operations-management/cloud-configuration-governance/create-action-on-cat-item-request.md","66","create-policy-script-1.md","markdown/it-operations-management/cloud-configuration-governance/create-policy-script-1.md","markdown-link","Create a policy action script","",""
"markdown","missing target file","markdown/it-operations-management/cloud-configuration-governance/create-action-on-lease-end.md","21","create-cloud-policy-group-1.md","markdown/it-operations-management/cloud-configuration-governance/create-cloud-policy-group-1.md","markdown-link","Create one or more cloud policy groups","",""
"markdown","missing target file","markdown/it-operations-management/cloud-configuration-governance/create-action-on-lease-end.md","22","configure-cloud-policy-rule-1.md","markdown/it-operations-management/cloud-configuration-governance/configure-cloud-policy-rule-1.md","markdown-link","Configure a cloud policy rule","",""
"markdown","missing target file","markdown/it-operations-management/cloud-configuration-governance/create-action-on-remediation.md","21","create-cloud-policy-group-1.md","markdown/it-operations-management/cloud-configuration-governance/create-cloud-policy-group-1.md","markdown-link","Create one or more cloud policy groups","",""
"markdown","missing target file","markdown/it-operations-management/cloud-configuration-governance/create-action-on-remediation.md","22","configure-cloud-policy-rule-1.md","markdown/it-operations-management/cloud-configuration-governance/configure-cloud-policy-rule-1.md","markdown-link","Configure a cloud policy rule","",""
"markdown","missing target file","markdown/it-operations-management/cloud-configuration-governance/create-action-on-resource-op.md","66","../reference/expressions-cloud-mgt-1.md","markdown/it-operations-management/reference/expressions-cloud-mgt-1.md","markdown-link","Using expressions in Cloud Provisioning and Governance","",""
"markdown","missing target file","markdown/it-operations-management/cloud-configuration-governance/create-action-on-resource-op.md","136","create-policy-script-1.md","markdown/it-operations-management/cloud-configuration-governance/create-policy-script-1.md","markdown-link","Create a policy action script","",""
"markdown","missing target file","markdown/it-operations-management/cloud-configuration-governance/create-action-on-resrce-op-launch.md","21","create-cloud-policy-group-1.md","markdown/it-operations-management/cloud-configuration-governance/create-cloud-policy-group-1.md","markdown-link","Create one or more cloud policy groups","",""
"markdown","missing target file","markdown/it-operations-management/cloud-configuration-governance/create-action-on-resrce-op-launch.md","22","configure-cloud-policy-rule-1.md","markdown/it-operations-management/cloud-configuration-governance/configure-cloud-policy-rule-1.md","markdown-link","Configure a cloud policy rule","",""
"markdown","missing target file","markdown/it-operations-management/cloud-configuration-governance/create-action-on-resrce-op-launch.md","66","create-policy-script-1.md","markdown/it-operations-management/cloud-configuration-governance/create-policy-script-1.md","markdown-link","Create a policy action script","",""
"markdown","missing target file","markdown/it-operations-management/cloud-configuration-governance/create-action-on-resrce-op-launch.md","99","../reference/expressions-cloud-mgt-1.md","markdown/it-operations-management/reference/expressions-cloud-mgt-1.md","markdown-link","Using expressions in Cloud Provisioning and Governance","",""
"markdown","missing target file","markdown/it-operations-management/cloud-configuration-governance/create-action-on-resrce-op-reqst.md","71","create-policy-script-1.md","markdown/it-operations-management/cloud-configuration-governance/create-policy-script-1.md","markdown-link","Create a policy action script","",""
"markdown","missing target file","markdown/it-operations-management/cloud-configuration-governance/create-app-profile.md","93","../../cloud-management-v2-setup/task/disco-datacntrs-in-srv-acct-1.md","markdown/cloud-management-v2-setup/task/disco-datacntrs-in-srv-acct-1.md","markdown-link","Discover all datacenters in a service account on-demand","",""
"markdown","missing target file","markdown/it-operations-management/cloud-configuration-governance/create-cloud-policy.md","20","create-cloud-policy-group-1.md","markdown/it-operations-management/cloud-configuration-governance/create-cloud-policy-group-1.md","markdown-link","Create one or more cloud policy groups","",""
"markdown","missing target file","markdown/it-operations-management/cloud-configuration-governance/create-compute-profile.md","81","../../cloud-management-v2-setup/task/disco-datacntrs-in-srv-acct-1.md","markdown/cloud-management-v2-setup/task/disco-datacntrs-in-srv-acct-1.md","markdown-link","Discover all datacenters in a service account on-demand","",""
"markdown","missing target file","markdown/it-operations-management/cloud-configuration-governance/create-os-profile.md","79","add-credential-to-template-type-1.md","markdown/it-operations-management/cloud-configuration-governance/add-credential-to-template-type-1.md","markdown-link","Add credentials to an image template","",""
"markdown","missing target file","markdown/it-operations-management/cloud-configuration-governance/create-policy-script.md","161","add-tag-for-policy-1.md","markdown/it-operations-management/cloud-configuration-governance/add-tag-for-policy-1.md","markdown-link","Example policy action script that tags resources","",""
"markdown","missing target file","markdown/it-operations-management/cloud-configuration-governance/expressions-cloud-mgt.md","166","../task/create-policy-script-1.md","markdown/it-operations-management/task/create-policy-script-1.md","markdown-link","Create a policy action script","",""
"markdown","missing target file","markdown/it-operations-management/cloud-configuration-governance/gcp-add-service-account-cloud-mgt.md","62","gcp-create-creds-cloud-mgt-1.md","markdown/it-operations-management/cloud-configuration-governance/gcp-create-creds-cloud-mgt-1.md","markdown-link","Specify the credentials that CSC Terraform Connector uses to access Google Cloud Platform data","",""
"markdown","missing target file","markdown/it-operations-management/cloud-configuration-governance/gcp-first-cld-and-srvc-accts.md","53","gcp-create-creds-cloud-mgt-1.md","markdown/it-operations-management/cloud-configuration-governance/gcp-create-creds-cloud-mgt-1.md","markdown-link","Specify the credentials that CSC Terraform Connector uses to access Google Cloud Platform data","",""
"markdown","missing target file","markdown/it-operations-management/cloud-configuration-governance/gcp-first-cld-and-srvc-accts.md","81","disco-datacntrs-in-srv-acct-1.md","markdown/it-operations-management/cloud-configuration-governance/disco-datacntrs-in-srv-acct-1.md","markdown-link","Discover all datacenters in a service account on-demand","",""
"markdown","missing target file","markdown/it-operations-management/cloud-configuration-governance/gcp-first-cld-and-srvc-accts.md","82","set-capacity-limits-cloud-mgt-1.md","markdown/it-operations-management/cloud-configuration-governance/set-capacity-limits-cloud-mgt-1.md","markdown-link","Set capacity limits on user requests for resources","",""
"markdown","missing target file","markdown/it-operations-management/cloud-configuration-governance/policy-triggers-cloud-mgt.md","55","../task/create-action-on-bp-provision-1.md","markdown/it-operations-management/task/create-action-on-bp-provision-1.md","markdown-link","Create an action for an 'on Blueprint provision' policy","",""
"markdown","missing target file","markdown/it-operations-management/cloud-configuration-governance/policy-triggers-cloud-mgt.md","84","../task/create-action-on-approval-1.md","markdown/it-operations-management/task/create-action-on-approval-1.md","markdown-link","Create an action for an approval policy","",""
"markdown","missing target file","markdown/it-operations-management/cloud-configuration-governance/policy-triggers-cloud-mgt.md","101","../task/create-action-on-cat-item-launch-1.md","markdown/it-operations-management/task/create-action-on-cat-item-launch-1.md","markdown-link","Create an action for an 'on Catalog item launch' policy","",""
"markdown","missing target file","markdown/it-operations-management/cloud-configuration-governance/policy-triggers-cloud-mgt.md","118","../task/create-action-on-cat-item-request-1.md","markdown/it-operations-management/task/create-action-on-cat-item-request-1.md","markdown-link","Create an action for an 'on Catalog item request start/end' policy","",""
"markdown","missing target file","markdown/it-operations-management/cloud-configuration-governance/policy-triggers-cloud-mgt.md","135","../task/create-action-on-cat-item-request-1.md","markdown/it-operations-management/task/create-action-on-cat-item-request-1.md","markdown-link","Create an action for an 'on Catalog item request start/end' policy","",""
"markdown","missing target file","markdown/it-operations-management/cloud-configuration-governance/policy-triggers-cloud-mgt.md","148","../task/create-action-on-lease-end-1.md","markdown/it-operations-management/task/create-action-on-lease-end-1.md","markdown-link","Create an action for an 'on Lease end' policy","",""
"markdown","missing target file","markdown/it-operations-management/cloud-configuration-governance/policy-triggers-cloud-mgt.md","163","../task/create-action-on-resrce-op-launch-1.md","markdown/it-operations-management/task/create-action-on-resrce-op-launch-1.md","markdown-link","Create an action for an 'on Resource operation launch' policy","",""
"markdown","missing target file","markdown/it-operations-management/cloud-configuration-governance/policy-triggers-cloud-mgt.md","178","../task/create-action-on-resrce-op-reqst-1.md","markdown/it-operations-management/task/create-action-on-resrce-op-reqst-1.md","markdown-link","Create an action for an 'on Resource operation request start/end' policy","",""
"markdown","missing target file","markdown/it-operations-management/cloud-configuration-governance/policy-triggers-cloud-mgt.md","193","../task/create-action-on-resrce-op-reqst-1.md","markdown/it-operations-management/task/create-action-on-resrce-op-reqst-1.md","markdown-link","Create an action for an 'on Resource operation request start/end' policy","",""
"markdown","missing target file","markdown/it-operations-management/cloud-configuration-governance/policy-triggers-cloud-mgt.md","208","../task/create-action-on-resource-op-1.md","markdown/it-operations-management/task/create-action-on-resource-op-1.md","markdown-link","Create an action for an 'on Resource operation' policy","",""
"markdown","missing target file","markdown/it-operations-management/cloud-configuration-governance/set-capacity-limits-cloud-mgt.md","27","../../cloud-management-v2/concept/quotas-1.md","markdown/cloud-management-v2/concept/quotas-1.md","markdown-link","Quotas and resource order controls","",""
"markdown","missing target file","markdown/it-operations-management/cloud-configuration-governance/vmware-cloud-accts-cloud-mgt.md","36","disco-datacntrs-in-srv-acct-1.md","markdown/it-operations-management/cloud-configuration-governance/disco-datacntrs-in-srv-acct-1.md","markdown-link","Discover all datacenters in a service account on-demand","",""
"markdown","missing target file","markdown/it-operations-management/cloud-configuration-governance/vmware-cloud-accts-cloud-mgt.md","46","disco-datacntrs-in-srv-acct-1.md","markdown/it-operations-management/cloud-configuration-governance/disco-datacntrs-in-srv-acct-1.md","markdown-link","Discover all datacenters in a service account on-demand","",""
"markdown","missing target file","markdown/it-operations-management/cloud-configuration-governance/vmware-cloud-accts-cloud-mgt.md","47","set-capacity-limits-cloud-mgt-1.md","markdown/it-operations-management/cloud-configuration-governance/set-capacity-limits-cloud-mgt-1.md","markdown-link","Set capacity limits on user requests for resources","",""
"markdown","missing target file","markdown/it-operations-management/health-log-analytics/hla-reference.md","42","hla-connector-config-fields.md","markdown/it-operations-management/health-log-analytics/hla-connector-config-fields.md","markdown-link","Integration configuration fields","",""
"markdown","missing target file","markdown/it-operations-management/health-log-analytics/il-connector-hla-aws-s3-fields.md","297","../concept/hla-connector-config-fields.md","markdown/it-operations-management/concept/hla-connector-config-fields.md","markdown-link","Integration configuration fields","",""
"markdown","missing target file","markdown/it-operations-management/health-log-analytics/il-connector-hla-azure-la-fields.md","266","../concept/hla-connector-config-fields.md","markdown/it-operations-management/concept/hla-connector-config-fields.md","markdown-link","Integration configuration fields","",""
"markdown","missing target file","markdown/it-operations-management/health-log-analytics/il-connector-hla-cloudwatch-fields.md","265","../concept/hla-connector-config-fields.md","markdown/it-operations-management/concept/hla-connector-config-fields.md","markdown-link","Integration configuration fields","",""
"markdown","missing target file","markdown/it-operations-management/health-log-analytics/il-connector-hla-cribl-fields.md","163","../concept/hla-connector-config-fields.md","markdown/it-operations-management/concept/hla-connector-config-fields.md","markdown-link","Integration configuration fields","",""
"markdown","missing target file","markdown/it-operations-management/health-log-analytics/il-connector-hla-edgedelta-rest-fields.md","86","../concept/hla-connector-config-fields.md","markdown/it-operations-management/concept/hla-connector-config-fields.md","markdown-link","Integration configuration fields","",""
"markdown","missing target file","markdown/it-operations-management/health-log-analytics/il-connector-hla-edgedelta-tcp-fields.md","179","../concept/hla-connector-config-fields.md","markdown/it-operations-management/concept/hla-connector-config-fields.md","markdown-link","Integration configuration fields","",""
"markdown","missing target file","markdown/it-operations-management/health-log-analytics/il-connector-hla-elastic-fields.md","399","../concept/hla-connector-config-fields.md","markdown/it-operations-management/concept/hla-connector-config-fields.md","markdown-link","Integration configuration fields","",""
"markdown","missing target file","markdown/it-operations-management/health-log-analytics/il-connector-hla-event-hubs-fields.md","255","../concept/hla-connector-config-fields.md","markdown/it-operations-management/concept/hla-connector-config-fields.md","markdown-link","Integration configuration fields","",""
"markdown","missing target file","markdown/it-operations-management/health-log-analytics/il-connector-hla-firehose-fields.md","54","../concept/hla-connector-config-fields.md","markdown/it-operations-management/concept/hla-connector-config-fields.md","markdown-link","Integration configuration fields","",""
"markdown","missing target file","markdown/it-operations-management/health-log-analytics/il-connector-hla-gcp-pubsub-fields.md","259","../concept/hla-connector-config-fields.md","markdown/it-operations-management/concept/hla-connector-config-fields.md","markdown-link","Integration configuration fields","",""
"markdown","missing target file","markdown/it-operations-management/health-log-analytics/il-connector-hla-glidesyslog-fields.md","54","../concept/hla-connector-config-fields.md","markdown/it-operations-management/concept/hla-connector-config-fields.md","markdown-link","Integration configuration fields","",""
"markdown","missing target file","markdown/it-operations-management/health-log-analytics/il-connector-hla-kafka-fields.md","253","../concept/hla-connector-config-fields.md","markdown/it-operations-management/concept/hla-connector-config-fields.md","markdown-link","Integration configuration fields","",""
"markdown","missing target file","markdown/it-operations-management/health-log-analytics/il-connector-hla-mid-fields.md","121","../concept/hla-connector-config-fields.md","markdown/it-operations-management/concept/hla-connector-config-fields.md","markdown-link","Integration configuration fields","",""
"markdown","missing target file","markdown/it-operations-management/health-log-analytics/il-connector-hla-restapi-fields.md","88","../concept/hla-connector-config-fields.md","markdown/it-operations-management/concept/hla-connector-config-fields.md","markdown-link","Integration configuration fields","",""
"markdown","missing target file","markdown/it-operations-management/health-log-analytics/il-connector-hla-splunkpoll-fields.md","146","../concept/hla-connector-config-fields.md","markdown/it-operations-management/concept/hla-connector-config-fields.md","markdown-link","Integration configuration fields","",""
"markdown","missing target file","markdown/it-operations-management/health-log-analytics/il-connector-hla-splunktcp-fields.md","199","../concept/hla-connector-config-fields.md","markdown/it-operations-management/concept/hla-connector-config-fields.md","markdown-link","Integration configuration fields","",""
"markdown","missing target file","markdown/it-operations-management/health-log-analytics/il-connector-hla-splunkudp-fields.md","139","../concept/hla-connector-config-fields.md","markdown/it-operations-management/concept/hla-connector-config-fields.md","markdown-link","Integration configuration fields","",""
"markdown","missing target file","markdown/it-operations-management/health-log-analytics/il-connector-hla-tcp-fields.md","184","../concept/hla-connector-config-fields.md","markdown/it-operations-management/concept/hla-connector-config-fields.md","markdown-link","Integration configuration fields","",""
"markdown","missing target file","markdown/it-operations-management/health-log-analytics/il-connector-hla-udp-fields.md","146","../concept/hla-connector-config-fields.md","markdown/it-operations-management/concept/hla-connector-config-fields.md","markdown-link","Integration configuration fields","",""
"markdown","missing target file","markdown/it-operations-management/health-log-analytics/il-connector-hla-vector-fields.md","75","../concept/hla-connector-config-fields.md","markdown/it-operations-management/concept/hla-connector-config-fields.md","markdown-link","Integration configuration fields","",""
"markdown","missing target file","markdown/it-operations-management/index.md","37","exploring-nowassist-setup-itom-aiops.md","markdown/it-operations-management/exploring-nowassist-setup-itom-aiops.md","markdown-link","exploring-nowassist-setup-itom-aiops","",""
"markdown","missing target file","markdown/it-operations-management/index.md","975","discovery/cert-notification-integrations.md","markdown/it-operations-management/discovery/cert-notification-integrations.md","markdown-link","cert-notification-integrations","",""
"markdown","missing target file","markdown/it-operations-management/index.md","1697","service-operations-workspace-for-itom-apps/automation-details-fields.md","markdown/it-operations-management/service-operations-workspace-for-itom-apps/automation-details-fields.md","markdown-link","automation-details-fields","",""
"markdown","missing target file","markdown/it-operations-management/index.md","2858","aiops-leap-learning-enhanced-automation-playbooks/aiops-leap-pricing-model.md","markdown/it-operations-management/aiops-leap-learning-enhanced-automation-playbooks/aiops-leap-pricing-model.md","markdown-link","aiops-leap-pricing-model","",""
"markdown","missing target file","markdown/it-operations-management/index.md","2861","aiops-leap-learning-enhanced-automation-playbooks/understanding-savings-metrics.md","markdown/it-operations-management/aiops-leap-learning-enhanced-automation-playbooks/understanding-savings-metrics.md","markdown-link","understanding-savings-metrics","",""
"markdown","missing target file","markdown/it-operations-management/index.md","2862","aiops-leap-learning-enhanced-automation-playbooks/missed-automation-opportunities.md","markdown/it-operations-management/aiops-leap-learning-enhanced-automation-playbooks/missed-automation-opportunities.md","markdown-link","missed-automation-opportunities","",""
"markdown","missing target file","markdown/it-operations-management/itom-visibility/r_SupportedApplications.md","5273","../../discovery/reference/r_DataCollDiscoLinuxComputers-1.md","markdown/discovery/reference/r_DataCollDiscoLinuxComputers-1.md","markdown-link","Linux Server","",""
"markdown","missing target file","markdown/it-operations-management/now-assist-for-it-operations-management/activate-now-assist-skills-itom.md","20","../../now-assist-setup-itom/task/install-now-assist-itom.md","markdown/now-assist-setup-itom/task/install-now-assist-itom.md","markdown-link","Install Now Assist for IT Operations Management","",""
"markdown","missing target file","markdown/it-operations-management/now-assist-for-it-operations-management/activate-sm-candidate-skill.md","30","../../now-assist-setup-itom/task/install-now-assist-itom.md","markdown/now-assist-setup-itom/task/install-now-assist-itom.md","markdown-link","Install Now Assist for IT Operations Management","",""
"markdown","missing target file","markdown/it-operations-management/now-assist-for-it-operations-management/activate-sm-candidates-impact-skill.md","30","../../now-assist-setup-itom/task/install-now-assist-itom.md","markdown/now-assist-setup-itom/task/install-now-assist-itom.md","markdown-link","Install Now Assist for IT Operations Management","",""
"markdown","missing target file","markdown/it-operations-management/now-assist-for-it-operations-management/activate-the-analyze-service-health-skill.md","22","../../now-assist-setup-itom/task/install-now-assist-itom.md","markdown/now-assist-setup-itom/task/install-now-assist-itom.md","markdown-link","Install Now Assist for IT Operations Management","",""
"markdown","missing target file","markdown/it-operations-management/now-assist-for-it-operations-management/activate-the-analyze-service-observability-dashboard-skill.md","22","../../now-assist-setup-itom/task/install-now-assist-itom.md","markdown/now-assist-setup-itom/task/install-now-assist-itom.md","markdown-link","Install Now Assist for IT Operations Management","",""
"markdown","missing target file","markdown/it-operations-management/now-assist-for-it-operations-management/alert-analysis-now-assist-panel.md","21","../../now-assist-setup-itom/task/install-now-assist-itom.md","markdown/now-assist-setup-itom/task/install-now-assist-itom.md","markdown-link","Install Now Assist for IT Operations Management","",""
"markdown","missing target file","markdown/it-operations-management/now-assist-for-it-operations-management/alert-group-analysis-el.md","21","../../now-assist-setup-itom/task/install-now-assist-itom.md","markdown/now-assist-setup-itom/task/install-now-assist-itom.md","markdown-link","Install Now Assist for IT Operations Management","",""
"markdown","missing target file","markdown/it-operations-management/now-assist-for-it-operations-management/alert-summarization-now-assist.md","21","../../now-assist-setup-itom/task/install-now-assist-itom.md","markdown/now-assist-setup-itom/task/install-now-assist-itom.md","markdown-link","Install Now Assist for IT Operations Management","",""
"markdown","missing target file","markdown/it-operations-management/now-assist-for-it-operations-management/alert-summary-now-assist-express-list.md","21","../../now-assist-setup-itom/task/install-now-assist-itom.md","markdown/now-assist-setup-itom/task/install-now-assist-itom.md","markdown-link","Install Now Assist for IT Operations Management","",""
"markdown","missing target file","markdown/it-operations-management/now-assist-for-it-operations-management/install-now-assist-ai-agents-itom.md","21","../../now-assist-setup-itom/task/install-now-assist-itom.md","markdown/now-assist-setup-itom/task/install-now-assist-itom.md","markdown-link","Install Now Assist for IT Operations Management","",""
"markdown","missing target file","markdown/it-operations-management/now-assist-for-it-operations-management/nai-analyze-past-incidents.md","20","../../now-assist-setup-itom/task/install-now-assist-itom.md","markdown/now-assist-setup-itom/task/install-now-assist-itom.md","markdown-link","Install Now Assist for IT Operations Management","",""
"markdown","missing target file","markdown/it-operations-management/now-assist-for-it-operations-management/nai-analyze-past-incidents.md","21","../../now-assist-setup-itom/task/install-now-assist-itom.md","markdown/now-assist-setup-itom/task/install-now-assist-itom.md","markdown-link","Install Now Assist for IT Operations Management","",""
"markdown","missing target file","markdown/it-operations-management/now-assist-for-it-operations-management/now-assist-itom-configure.md","21","../task/install-now-assist-itom.md","markdown/it-operations-management/task/install-now-assist-itom.md","markdown-link","Install the Now Assist for IT Operations Management (ITOM) plugin","",""
"markdown","missing target file","markdown/it-operations-management/now-assist-for-it-operations-management/use-acc-diagnostic-workflow.md","21","../../now-assist-setup-itom/task/install-now-assist-itom.md","markdown/now-assist-setup-itom/task/install-now-assist-itom.md","markdown-link","Install Now Assist for IT Operations Management","",""
"markdown","missing target file","markdown/it-operations-management/nowassist-setup-itom-aiops-landing-page.md","20","../concept/exploring-nowassist-setup-itom-aiops.md","markdown/concept/exploring-nowassist-setup-itom-aiops.md","markdown-link","Explore![Explore product capabilities and concepts](../../../reuse/icons/brand-icons/bus-explore.svg)Explore product capabilities and concepts","",""
"markdown","missing target file","markdown/it-operations-management/service-operations-workspace-for-itom-apps/alert-simplification-el.md","20","../../now-assist-setup-itom/task/install-now-assist-itom.md","markdown/now-assist-setup-itom/task/install-now-assist-itom.md","markdown-link","Install Now Assist for IT Operations Management","",""
"markdown","missing target file","markdown/it-operations-management/service-operations-workspace-for-itom-apps/el-alert-group-analysis-view.md","21","../../now-assist-setup-itom/task/install-now-assist-itom.md","markdown/now-assist-setup-itom/task/install-now-assist-itom.md","markdown-link","Install Now Assist for IT Operations Management","",""
"markdown","missing target file","markdown/it-operations-management/service-operations-workspace-for-itom-apps/respond-alert-sow-itom.md","145","../reference/automation-details-fields.md","markdown/it-operations-management/reference/automation-details-fields.md","markdown-link","../reference/automation-details-fields.md","",""
"markdown","missing target file","markdown/it-operations-management/service-operations-workspace-for-itom-apps/sow-reference-itom.md","26","../reference/automation-details-fields.md","markdown/it-operations-management/reference/automation-details-fields.md","markdown-link","../reference/automation-details-fields.md","",""
"markdown","missing target file","markdown/it-service-management/change-management/activate-business-stakeholders-change.md","39","../reference/installed-with-business-stakeholder.md","markdown/it-service-management/reference/installed-with-business-stakeholder.md","markdown-link","Installed with Business Stakeholder","",""
"markdown","missing target file","markdown/it-service-management/change-management/activate-cab-workbench.md","74","../../../reuse/itsm/task/activate-business-stakeholders.md","reuse/itsm/task/activate-business-stakeholders.md","markdown-link","Activate Business Stakeholder","",""
"markdown","missing target file","markdown/it-service-management/change-management/activate-change-approval-policy.md","49","../../../reuse/itsm/task/activate-business-stakeholders.md","reuse/itsm/task/activate-business-stakeholders.md","markdown-link","Activate Business Stakeholder","",""
"markdown","missing target file","markdown/it-service-management/change-management/activate-change-flows.md","44","../../../reuse/itsm/task/activate-business-stakeholders.md","reuse/itsm/task/activate-business-stakeholders.md","markdown-link","Activate Business Stakeholder","",""
"markdown","missing target file","markdown/it-service-management/change-management/activate-change-models.md","44","../../../reuse/itsm/task/activate-business-stakeholders.md","reuse/itsm/task/activate-business-stakeholders.md","markdown-link","Activate Business Stakeholder","",""
"markdown","missing target file","markdown/it-service-management/change-management/activate-change-risk-assessment.md","85","../../../reuse/itsm/task/activate-business-stakeholders.md","reuse/itsm/task/activate-business-stakeholders.md","markdown-link","Activate Business Stakeholder","",""
"markdown","missing target file","markdown/it-service-management/change-management/activate-change-risk-calculator.md","51","../../../reuse/itsm/task/activate-business-stakeholders.md","reuse/itsm/task/activate-business-stakeholders.md","markdown-link","Activate Business Stakeholder","",""
"markdown","missing target file","markdown/it-service-management/change-management/activate-change-success-score.md","68","../../../reuse/itsm/task/activate-business-stakeholders.md","reuse/itsm/task/activate-business-stakeholders.md","markdown-link","Activate Business Stakeholder","",""
"markdown","missing target file","markdown/it-service-management/change-management/activate-change-velocity-dashboard.md","44","../../../reuse/itsm/task/activate-business-stakeholders.md","reuse/itsm/task/activate-business-stakeholders.md","markdown-link","Activate Business Stakeholder","",""
"markdown","missing target file","markdown/it-service-management/change-management/activate-changemgmt-atftests.md","48","../../../reuse/itsm/task/activate-business-stakeholders.md","reuse/itsm/task/activate-business-stakeholders.md","markdown-link","Activate Business Stakeholder","",""
"markdown","missing target file","markdown/it-service-management/change-management/activate-changemgmt-changeschedule.md","68","../../../reuse/itsm/task/activate-business-stakeholders.md","reuse/itsm/task/activate-business-stakeholders.md","markdown-link","Activate Business Stakeholder","",""
"markdown","missing target file","markdown/it-service-management/change-management/activate-data-retention-archive-rule.md","48","../../../reuse/itsm/task/activate-business-stakeholders.md","reuse/itsm/task/activate-business-stakeholders.md","markdown-link","Activate Business Stakeholder","",""
"markdown","missing target file","markdown/it-service-management/change-management/change-plugins.md","28","../../../reuse/itsm/task/activate-business-stakeholders.md","reuse/itsm/task/activate-business-stakeholders.md","markdown-link","Activate Business Stakeholder","",""
"markdown","missing target file","markdown/it-service-management/change-management/install-chg-mgmt-success-probability.md","48","../../../reuse/itsm/task/activate-business-stakeholders.md","reuse/itsm/task/activate-business-stakeholders.md","markdown-link","Activate Business Stakeholder","",""
"markdown","missing target file","markdown/it-service-management/change-management/installed-with-business-stakeholder-change.md","49","../task/activate-business-stakeholders.md","markdown/it-service-management/task/activate-business-stakeholders.md","markdown-link","Activate Business Stakeholder","",""
"markdown","missing target file","markdown/it-service-management/change-management/request-cm-picore.md","103","../../../reuse/itsm/task/activate-business-stakeholders.md","reuse/itsm/task/activate-business-stakeholders.md","markdown-link","Activate Business Stakeholder","",""
"markdown","missing target file","markdown/it-service-management/change-management/request-cm-risk-assessment.md","103","../../../reuse/itsm/task/activate-business-stakeholders.md","reuse/itsm/task/activate-business-stakeholders.md","markdown-link","Activate Business Stakeholder","",""
"markdown","missing target file","markdown/it-service-management/change-management/request-cm-std-chg-template-intelligence.md","103","../../../reuse/itsm/task/activate-business-stakeholders.md","reuse/itsm/task/activate-business-stakeholders.md","markdown-link","Activate Business Stakeholder","",""
"markdown","missing target file","markdown/it-service-management/change-management/request-itsm-roles-cm.md","88","../../../reuse/itsm/task/activate-business-stakeholders.md","reuse/itsm/task/activate-business-stakeholders.md","markdown-link","Activate Business Stakeholder","",""
"markdown","missing target file","markdown/it-service-management/change-management/t_ActivateChangeManagementBulkCI.md","74","../../../reuse/itsm/task/activate-business-stakeholders.md","reuse/itsm/task/activate-business-stakeholders.md","markdown-link","Activate Business Stakeholder","",""
"markdown","missing target file","markdown/it-service-management/change-management/t_ActivateChangeMgmtCore.md","74","../../../reuse/itsm/task/activate-business-stakeholders.md","reuse/itsm/task/activate-business-stakeholders.md","markdown-link","Activate Business Stakeholder","",""
"markdown","missing target file","markdown/it-service-management/change-management/t_ActivateConflictDetection.md","49","../../../reuse/itsm/task/activate-business-stakeholders.md","reuse/itsm/task/activate-business-stakeholders.md","markdown-link","Activate Business Stakeholder","",""
"markdown","missing target file","markdown/it-service-management/change-management/t_ActivateStandardChangeCatalog.md","68","../../../reuse/itsm/task/activate-business-stakeholders.md","reuse/itsm/task/activate-business-stakeholders.md","markdown-link","Activate Business Stakeholder","",""
"markdown","missing target file","markdown/it-service-management/change-management/t_ActivateStateModel.md","76","../../../reuse/itsm/task/activate-business-stakeholders.md","reuse/itsm/task/activate-business-stakeholders.md","markdown-link","Activate Business Stakeholder","",""
"markdown","missing target file","markdown/it-service-management/digital-portfolio-management/dpm-admin-center.md","96","../task/dpm-configure-page-headers.md","markdown/it-service-management/task/dpm-configure-page-headers.md","markdown-link","Configure page headers in the DPM Admin Center","",""
"markdown","missing target file","markdown/it-service-management/digital-product-release/dpr-using-digital-product-release.md","22","../task/dpr-config-product-release-setting.md","markdown/it-service-management/task/dpr-config-product-release-setting.md","markdown-link","../task/dpr-config-product-release-setting.md","",""
"markdown","missing target file","markdown/it-service-management/incident-management/incident-mgmt-plugins.md","26","../../../reuse/itsm/task/activate-business-stakeholders.md","reuse/itsm/task/activate-business-stakeholders.md","markdown-link","Activate Business Stakeholder","",""
"markdown","missing target file","markdown/it-service-management/index.md","966","digital-product-release/dpr-config-product-release-setting.md","markdown/it-service-management/digital-product-release/dpr-config-product-release-setting.md","markdown-link","dpr-config-product-release-setting","",""
"markdown","missing target file","markdown/it-service-management/on-call-scheduling/roles-assigning-oncall.md","98","../../platform-administration/user-administration/base-system-roles.md","markdown/platform-administration/user-administration/base-system-roles.md","markdown-link","System roles","",""
"markdown","missing target file","markdown/it-service-management/problem-management/problem-mgmt-plugins.md","26","../../../reuse/itsm/task/activate-business-stakeholders.md","reuse/itsm/task/activate-business-stakeholders.md","markdown-link","Activate Business Stakeholder","",""
"markdown","missing target file","markdown/it-service-management/request-management/request-management-reference.md","23","../../../reuse/itsm/task/activate-business-stakeholders.md","reuse/itsm/task/activate-business-stakeholders.md","markdown-link","Activate Business Stakeholder","",""
"markdown","missing target file","markdown/it-service-management/service-portfolio-management/c_ServicePortfolioManagementv2.md","207","../task/spm2-set-timezone.md","markdown/it-service-management/task/spm2-set-timezone.md","markdown-link","Set the time zone for availability results in Service Portfolio Management","",""
"markdown","missing target file","markdown/it-service-management/service-portfolio-management/SPM2-using.md","38","../task/spm2-set-timezone.md","markdown/it-service-management/task/spm2-set-timezone.md","markdown-link","Set the time zone for availability results in Service Portfolio Management","",""
"markdown","missing target file","markdown/it-service-management/workforce-optimization-for-it-service-management/synchronize-microsoft-outlook-wfo-itsm.md","24","../task/setup-microsoft-calendar-integration-wfo-itsm.md","markdown/it-service-management/task/setup-microsoft-calendar-integration-wfo-itsm.md","markdown-link","Set up the Workforce Optimization for ITSM agent calendar integration with their Microsoft Outlook calendar","",""
"markdown","missing target file","markdown/manufacturing/index.md","15","mco-sales-promotion-campaign-use-case.md","markdown/manufacturing/mco-sales-promotion-campaign-use-case.md","markdown-link","mco-sales-promotion-campaign-use-case","",""
"markdown","missing target file","markdown/manufacturing/index.md","16","mco-sales-promotion-claim-submission.md","markdown/manufacturing/mco-sales-promotion-claim-submission.md","markdown-link","mco-sales-promotion-claim-submission","",""
"markdown","missing target file","markdown/manufacturing/index.md","17","mco-sales-promotion-claim-review-and-approval-use-case.md","markdown/manufacturing/mco-sales-promotion-claim-review-and-approval-use-case.md","markdown-link","mco-sales-promotion-claim-review-and-approval-use-case","",""
"markdown","missing target file","markdown/manufacturing/index.md","19","mco-recall-campaign-use-case-scenario.md","markdown/manufacturing/mco-recall-campaign-use-case-scenario.md","markdown-link","mco-recall-campaign-use-case-scenario","",""
"markdown","missing target file","markdown/manufacturing/index.md","20","mco-recall-claim-submission-use-case.md","markdown/manufacturing/mco-recall-claim-submission-use-case.md","markdown-link","mco-recall-claim-submission-use-case","",""
"markdown","missing target file","markdown/manufacturing/index.md","21","mco-recall-claim-review-and-approval.md","markdown/manufacturing/mco-recall-claim-review-and-approval.md","markdown-link","mco-recall-claim-review-and-approval","",""
"markdown","missing target file","markdown/manufacturing/index.md","23","mco-repair-claim-submission-use-case.md","markdown/manufacturing/mco-repair-claim-submission-use-case.md","markdown-link","mco-repair-claim-submission-use-case","",""
"markdown","missing target file","markdown/manufacturing/index.md","24","mco-repair-claim-review-and-approval-use-case.md","markdown/manufacturing/mco-repair-claim-review-and-approval-use-case.md","markdown-link","mco-repair-claim-review-and-approval-use-case","",""
"markdown","missing target file","markdown/manufacturing/index.md","27","mco-product-non-conformance-use-case.md","markdown/manufacturing/mco-product-non-conformance-use-case.md","markdown-link","mco-product-non-conformance-use-case","",""
"markdown","missing target file","markdown/manufacturing/index.md","28","mco-product-quality-investigation-use-case.md","markdown/manufacturing/mco-product-quality-investigation-use-case.md","markdown-link","mco-product-quality-investigation-use-case","",""
"markdown","missing target file","markdown/now-intelligence/c_performanceAnalyticsAndReporting.md","29","r_PALandingPage.md","markdown/now-intelligence/r_PALandingPage.md","markdown-link","Performance Analytics ![](../../../reuse/icons/brand-icons/bus-actionable-analytics.svg) Improve service delivery times and reduce costs using this set of bu...","",""
"markdown","missing target file","markdown/now-intelligence/exploring-kpi-details.md","44","../../performance-analytics/concept/r_PALandingPage.md","performance-analytics/concept/r_PALandingPage.md","markdown-link","Performance Analytics (Indicator data sources)","",""
"markdown","missing target file","markdown/now-intelligence/kpi-details-components.md","90","../../performance-analytics/concept/r_PALandingPage.md","performance-analytics/concept/r_PALandingPage.md","markdown-link","Performance Analytics (Indicator data sources)","",""
"markdown","missing target file","markdown/now-intelligence/kpi-details-targets.md","82","../../performance-analytics/concept/r_PALandingPage.md","performance-analytics/concept/r_PALandingPage.md","markdown-link","Performance Analytics (Indicator data sources)","",""
"markdown","missing target file","markdown/now-intelligence/kpi-details.md","44","../../performance-analytics/concept/r_PALandingPage.md","performance-analytics/concept/r_PALandingPage.md","markdown-link","Performance Analytics (Indicator data sources)","",""
"markdown","missing target file","markdown/now-intelligence/performance-analytics/c_GetStartedwithPA.md","61","r_PALandingPage.md","markdown/now-intelligence/performance-analytics/r_PALandingPage.md","markdown-link","Performance Analytics (Indicator data sources)","",""
"markdown","missing target file","markdown/now-intelligence/performance-analytics/c_PADataArchitecture.md","49","r_PALandingPage.md","markdown/now-intelligence/performance-analytics/r_PALandingPage.md","markdown-link","Performance Analytics (Indicator data sources)","",""
"markdown","missing target file","markdown/now-intelligence/performance-analytics/c_PAWidgetsAndDashboards.md","43","r_PALandingPage.md","markdown/now-intelligence/performance-analytics/r_PALandingPage.md","markdown-link","Performance Analytics (Indicator data sources)","",""
"markdown","missing target file","markdown/now-intelligence/performance-analytics/interactive-analysis-pa.md","24","../../dashboards/task/launch-interactive-analysis.md","markdown/dashboards/task/launch-interactive-analysis.md","markdown-link","Launch Interactive Analysis","",""
"markdown","missing target file","markdown/now-intelligence/performance-analytics/interactive-analysis.md","24","../task/launch-interactive-analysis.md","markdown/now-intelligence/task/launch-interactive-analysis.md","markdown-link","Launch Interactive Analysis","",""
"markdown","missing target file","markdown/now-intelligence/performance-analytics/link-automated-indicator-benchmark.md","28","../../it-service-management/benchmarks/benchmarks-landing.md","markdown/it-service-management/benchmarks/benchmarks-landing.md","markdown-link","Benchmarks","",""
"markdown","missing target file","markdown/now-intelligence/performance-analytics/performance-analytics-reference.md","25","r_PALandingPage.md","markdown/now-intelligence/performance-analytics/r_PALandingPage.md","markdown-link","Performance Analytics (Indicator data sources)","",""
"markdown","missing target file","markdown/now-intelligence/proactive-analytics/proactive-analytics.md","20","../../performance-analytics/concept/r_PALandingPage.md","markdown/performance-analytics/concept/r_PALandingPage.md","markdown-link","Performance Analytics (Indicator data sources)","",""
"markdown","missing target file","markdown/operational-technology/index.md","144","appliances-page.md","markdown/operational-technology/appliances-page.md","markdown-link","appliances-page","",""
"markdown","missing target file","markdown/operational-technology/industrial-workspace/operational-technology-vulnerability-response-dashboard.md","90","../../mftg-manufacturing-process-mgr/task/use-business-unit-and-site-filters.md","markdown/mftg-manufacturing-process-mgr/task/use-business-unit-and-site-filters.md","markdown-link","Use the site filter","",""
"markdown","missing target file","markdown/operational-technology/industrial-workspace/ot-devices-dashboard-filters-vr.md","35","../task/use-business-unit-and-site-filters.md","markdown/operational-technology/task/use-business-unit-and-site-filters.md","markdown-link","Use the site filter","",""
"markdown","missing target file","markdown/operational-technology/industrial-workspace/ot-manager-dashboard.md","191","../../mftg-manufacturing-process-mgr/task/use-business-unit-and-site-filters.md","markdown/mftg-manufacturing-process-mgr/task/use-business-unit-and-site-filters.md","markdown-link","Use the site filter","",""
"markdown","missing target file","markdown/operational-technology/industrial-workspace/ot-risk-rollup-dashboard.md","38","../../mftg-manufacturing-process-mgr/task/use-business-unit-and-site-filters.md","markdown/mftg-manufacturing-process-mgr/task/use-business-unit-and-site-filters.md","markdown-link","Use the site filter","",""
"markdown","missing target file","markdown/operational-technology/industrial-workspace/use-business-unit-and-site-filters-vr.md","41","../concept/ot-devices-dashboard-filters.md","markdown/operational-technology/concept/ot-devices-dashboard-filters.md","markdown-link","Site filter in the Industrial Workspace","",""
"markdown","missing target file","markdown/operational-technology/industrial-workspace/using-industrial-workspace.md","24","../../mftg-manufacturing-process-mgr/concept/ot-devices-dashboard-filters.md","markdown/mftg-manufacturing-process-mgr/concept/ot-devices-dashboard-filters.md","markdown-link","Site filter in the Industrial Workspace","",""
"markdown","missing target file","markdown/order-management/blueprints_101.md","73","using-external-connections-with-oauth-support.md","markdown/order-management/using-external-connections-with-oauth-support.md","markdown-link","Using external connections with OAuth support","",""
"markdown","missing target file","markdown/order-management/configure-order-task-duration-assignment-policy.md","68","create-sla-definitions.md","markdown/order-management/create-sla-definitions.md","markdown-link","create-sla-definitions.md","",""
"markdown","missing target file","markdown/order-management/configure-quote-management.md","32","../task/installing-quote-management.md","markdown/task/installing-quote-management.md","markdown-link","../task/installing-quote-management.md","",""
"markdown","missing target file","markdown/order-management/configure-SOM-roles.md","167","../it-service-management/request-management/activate-business-stakeholders.md","markdown/it-service-management/request-management/activate-business-stakeholders.md","markdown-link","Activate Business Stakeholder","",""
"markdown","missing target file","markdown/order-management/configuring-jeopardy-management.md","50","../task/create-sla-definitions.md","markdown/task/create-sla-definitions.md","markdown-link","../task/create-sla-definitions.md","",""
"markdown","missing target file","markdown/order-management/cpq-utilities.md","28","using-external-connections-with-oauth-support.md","markdown/order-management/using-external-connections-with-oauth-support.md","markdown-link","Using external connections with OAuth support","",""
"markdown","missing target file","markdown/order-management/enrichments_array_variables_using_salesforce_external_connection.md","48","using-external-connections-with-oauth-support.md","markdown/order-management/using-external-connections-with-oauth-support.md","markdown-link","Using external connections with OAuth support","",""
"markdown","missing target file","markdown/order-management/enrichments_on_pass_data_from_salesforce_to_logik_io_fields.md","30","using-external-connections-with-oauth-support.md","markdown/order-management/using-external-connections-with-oauth-support.md","markdown-link","Using external connections with OAuth support","",""
"markdown","missing target file","markdown/order-management/index.md","121","order-mgt-characteristics.md","markdown/order-management/order-mgt-characteristics.md","markdown-link","order-mgt-characteristics","",""
"markdown","missing target file","markdown/order-management/index.md","123","order-mgt-specification-rels.md","markdown/order-management/order-mgt-specification-rels.md","markdown-link","order-mgt-specification-rels","",""
"markdown","missing target file","markdown/order-management/index.md","159","about-partial-sync.md","markdown/order-management/about-partial-sync.md","markdown-link","about-partial-sync","",""
"markdown","missing target file","markdown/order-management/index.md","160","configure-partial-sync.md","markdown/order-management/configure-partial-sync.md","markdown-link","configure-partial-sync","",""
"markdown","missing target file","markdown/order-management/index.md","161","use-partial-sync.md","markdown/order-management/use-partial-sync.md","markdown-link","use-partial-sync","",""
"markdown","missing target file","markdown/order-management/index.md","162","about-price-and-quantity-ramps.md","markdown/order-management/about-price-and-quantity-ramps.md","markdown-link","about-price-and-quantity-ramps","",""
"markdown","missing target file","markdown/order-management/index.md","163","configure-priceandquantity-ramps.md","markdown/order-management/configure-priceandquantity-ramps.md","markdown-link","configure-priceandquantity-ramps","",""
"markdown","missing target file","markdown/order-management/index.md","164","use-priceandquantity-ramps.md","markdown/order-management/use-priceandquantity-ramps.md","markdown-link","use-priceandquantity-ramps","",""
"markdown","missing target file","markdown/order-management/index.md","227","installing-quote-management.md","markdown/order-management/installing-quote-management.md","markdown-link","installing-quote-management","",""
"markdown","missing target file","markdown/order-management/index.md","448","create-sla-definitions.md","markdown/order-management/create-sla-definitions.md","markdown-link","create-sla-definitions","",""
"markdown","missing target file","markdown/order-management/index.md","1161","return-merchandise-authorize-agentic-workflow.md","markdown/order-management/return-merchandise-authorize-agentic-workflow.md","markdown-link","return-merchandise-authorize-agentic-workflow","",""
"markdown","missing target file","markdown/order-management/jeopardy-management-setup-overview.md","33","../task/create-sla-definitions.md","markdown/task/create-sla-definitions.md","markdown-link","../task/create-sla-definitions.md","",""
"markdown","missing target file","markdown/order-management/order-mgt-product-catalog.md","52","../task/order-mgt-characteristics.md","markdown/task/order-mgt-characteristics.md","markdown-link","../task/order-mgt-characteristics.md","",""
"markdown","missing target file","markdown/order-management/order-mgt-product-catalog.md","56","../task/order-mgt-specification-rels.md","markdown/task/order-mgt-specification-rels.md","markdown-link","../task/order-mgt-specification-rels.md","",""
"markdown","missing target file","markdown/platform-administration/c_EmailProperties.md","25","../platform-security/smtp-authentication.md","markdown/platform-security/smtp-authentication.md","markdown-link","SMTP authentication (deprecated)","",""
"markdown","missing target file","markdown/platform-administration/c_Formatters.md","62","../../service-administration/reference/r_ApprovalSummarizerFormatter.md","service-administration/reference/r_ApprovalSummarizerFormatter.md","markdown-link","Approval summarizer formatter","",""
"markdown","missing target file","markdown/platform-administration/c_Formatters.md","89","../../service-administration/reference/r_ApprovalSummarizerFormatter.md","service-administration/reference/r_ApprovalSummarizerFormatter.md","markdown-link","Approval summarizer formatter","",""
"markdown","missing target file","markdown/platform-administration/disable-experimentation-framework.md","31","../concept/experimentation_framework.md","markdown/concept/experimentation_framework.md","markdown-link","Experimentation framework","",""
"markdown","missing target file","markdown/platform-administration/experimentation-framework.md","24","../task/turn-off-experimentation-framework.md","markdown/task/turn-off-experimentation-framework.md","markdown-link","Turn off experimentation framework","",""
"markdown","missing target file","markdown/platform-administration/instance-clone-reference.md","29","../concept/instance-clone-landing.md","markdown/concept/instance-clone-landing.md","markdown-link","Instance Clone","",""
"markdown","missing target file","markdown/platform-administration/opt-out-individual-experiment.md","33","../concept/experimentation_framework.md","markdown/concept/experimentation_framework.md","markdown-link","Experimentation framework","",""
"markdown","missing target file","markdown/platform-administration/p_CoreConfigurationOverview.md","24","experimentation_framework.md","markdown/platform-administration/experimentation_framework.md","markdown-link","Experimentation framework","",""
"markdown","missing target file","markdown/platform-administration/r_AvailableSystemProperties.md","1696","../platform-security/instance-security-hardening-settings/sc.md-sanitizer.md","markdown/platform-security/instance-security-hardening-settings/sc.md-sanitizer.md","markdown-link","HTML sanitizer (instance security hardening)","",""
"markdown","missing target file","markdown/platform-administration/render-journal-field-entries-as-html.md","93","../platform-security/r_GeneralSecuritySettings.md","markdown/platform-security/r_GeneralSecuritySettings.md","markdown-link","General security settings properties","",""
"markdown","missing target file","markdown/platform-administration/t_CreateAFormatter.md","58","../../service-administration/reference/r_ApprovalSummarizerFormatter.md","service-administration/reference/r_ApprovalSummarizerFormatter.md","markdown-link","Approval summarizer formatter","",""
"markdown","missing target file","markdown/platform-administration/t_CreateAUIMacro.md","75","../../service-administration/reference/r_ApprovalSummarizerFormatter.md","service-administration/reference/r_ApprovalSummarizerFormatter.md","markdown-link","Approval summarizer formatter","",""
"markdown","missing target file","markdown/platform-administration/view-clone-status.md","32","roll-back-a-clone.md#","markdown/platform-administration/roll-back-a-clone.md","markdown-link","roll back clone","",""
"markdown","missing target file","markdown/platform-security/index.md","342","instance-security-hardening-settings/sc-disable-chat-server-debugging.md","markdown/platform-security/instance-security-hardening-settings/sc-disable-chat-server-debugging.md","markdown-link","sc-disable-chat-server-debugging","",""
"markdown","missing target file","markdown/platform-security/instance-security-hardening-settings/sc-configuration.md","24","sc-disable-chat-server-debugging.md","markdown/platform-security/instance-security-hardening-settings/sc-disable-chat-server-debugging.md","markdown-link","sc-disable-chat-server-debugging.md","",""
"markdown","missing target file","markdown/platform-security/instance-security-hardening-settings/updated-hardening-settings-for-baseline-version-eight.md","1003","../reference/sc-disable-chat-server-debugging.md","markdown/platform-security/reference/sc-disable-chat-server-debugging.md","markdown-link","../reference/sc-disable-chat-server-debugging.md","",""
"markdown","missing target file","markdown/release-notes/release-notes/ai-search-rn.md","39","../../platform-administration/ai-search/show-borders-search-result-cards-portal-search.md","markdown/platform-administration/ai-search/show-borders-search-result-cards-portal-search.md","markdown-link","Show borders between search result cards in portal search","",""
"markdown","missing target file","markdown/release-notes/release-notes/ai-search-rn.md","43","../../platform-administration/ai-search/show-borders-search-result-cards-global-search.md","markdown/platform-administration/ai-search/show-borders-search-result-cards-global-search.md","markdown-link","Show borders between search result cards in global search","",""
"markdown","missing target file","markdown/release-notes/release-notes/configurable-workspace-rn.md","141","../../platform-user-interface/configure.md-editor-toolbar.md","markdown/platform-user-interface/configure.md-editor-toolbar.md","markdown-link","HTML editor toolbar","",""
"markdown","missing target file","markdown/release-notes/release-notes/hco-ctwm-rn.md","27","../../healthcare-life-sciences/ctwm-create-care-team-work-plan.md","markdown/healthcare-life-sciences/ctwm-create-care-team-work-plan.md","markdown-link","Create a care team task plan","",""
"markdown","missing target file","markdown/release-notes/release-notes/secops-vuln-resp-rn.md","65","../../security-management/vulnerability-response/vr-assignment-rules.md","markdown/security-management/vulnerability-response/vr-assignment-rules.md","markdown-link","Vulnerability Response assignment rules","",""
"markdown","missing target file","markdown/release-notes/release-notes/virtual-agent-rn.md","48","../../conversational-interfaces/now-assist-in-virtual-agent/nava-integrated-chat.md","markdown/conversational-interfaces/now-assist-in-virtual-agent/nava-integrated-chat.md","markdown-link","Premium chat experience for Now Assist Panel - Platform (default) assistant","",""
"markdown","missing target file","markdown/release-notes/rn-summary-changes.md","415","../platform-user-interface/configure.md-editor-toolbar.md","markdown/platform-user-interface/configure.md-editor-toolbar.md","markdown-link","HTML editor toolbar","",""
"markdown","missing target file","markdown/release-notes/rn-summary-changes.md","2443","../security-management/vulnerability-response/vr-assignment-rules.md","markdown/security-management/vulnerability-response/vr-assignment-rules.md","markdown-link","Vulnerability Response assignment rules","",""
"markdown","missing target file","markdown/release-notes/rn-summary-new-features.md","1236","../healthcare-life-sciences/ctwm-create-care-team-work-plan.md","markdown/healthcare-life-sciences/ctwm-create-care-team-work-plan.md","markdown-link","Create a care team task plan","",""
"markdown","missing target file","markdown/release-notes/rn-summary-new-features.md","6057","../conversational-interfaces/now-assist-in-virtual-agent/nava-integrated-chat.md","markdown/conversational-interfaces/now-assist-in-virtual-agent/nava-integrated-chat.md","markdown-link","Premium chat experience for Now Assist Panel - Platform (default) assistant","",""
"markdown","missing target file","markdown/retail-industry/index.md","29","roles-by-case-type.md","markdown/retail-industry/roles-by-case-type.md","markdown-link","roles-by-case-type","",""
"markdown","missing target file","markdown/retail-industry/index.md","37","portal-data-list-json-reference.md","markdown/retail-industry/portal-data-list-json-reference.md","markdown-link","portal-data-list-json-reference","",""
"markdown","missing target file","markdown/retail-industry/index.md","38","configure-portal-navigation-menus.md","markdown/retail-industry/configure-portal-navigation-menus.md","markdown-link","configure-portal-navigation-menus","",""
"markdown","missing target file","markdown/retail-industry/index.md","39","configure-portal-data-list-widget.md","markdown/retail-industry/configure-portal-data-list-widget.md","markdown-link","configure-portal-data-list-widget","",""
"markdown","missing target file","markdown/retail-industry/index.md","111","legacy-retail-task-management/enable-multistore-template-configuration.md","markdown/retail-industry/legacy-retail-task-management/enable-multistore-template-configuration.md","markdown-link","enable-multistore-template-configuration","",""
"markdown","missing target file","markdown/retail-industry/rahi-retail-components-installed-with-plugins.md","37","rahi-retail-components-playbook-store-plan.md","markdown/retail-industry/rahi-retail-components-playbook-store-plan.md","markdown-link","Components installed with Retail Playbook for Store Plan","",""
"markdown","missing target file","markdown/security-management/application-vulnerability-response/avm-integrations.md","27","../../secops-integration-vr/blackduck-integration/concept/vulnerability-response-integration-blackduck-overview.md","markdown/secops-integration-vr/blackduck-integration/concept/vulnerability-response-integration-blackduck-overview.md","markdown-link","Vulnerability Response Integration with Black Duck","",""
"markdown","missing target file","markdown/security-management/application-vulnerability-response/blackduck-integration-activities.md","40","imports-run-status-blackduck.md","markdown/security-management/application-vulnerability-response/imports-run-status-blackduck.md","markdown-link","View the Vulnerability Response Integration with Black Duck import run status","",""
"markdown","missing target file","markdown/security-management/application-vulnerability-response/blackduck-integration-activity-application-list-integrtn.md","42","imports-run-status-blackduck.md","markdown/security-management/application-vulnerability-response/imports-run-status-blackduck.md","markdown-link","View the Vulnerability Response Integration with Black Duck import run status","",""
"markdown","missing target file","markdown/security-management/application-vulnerability-response/blackduck-integration.md","39","../task/imports-run-status-blackduck.md","markdown/security-management/task/imports-run-status-blackduck.md","markdown-link","View the Vulnerability Response Integration with Black Duck import run status","",""
"markdown","missing target file","markdown/security-management/application-vulnerability-response/integrate-with-grc-avr.md","74","../../governance-risk-compliance/policy-and-compliance-management/t_DefineAPolicy.md","markdown/governance-risk-compliance/policy-and-compliance-management/t_DefineAPolicy.md","markdown-link","Create a policy","",""
"markdown","missing target file","markdown/security-management/configuration-compliance/integrate-with-grc-cc.md","88","../../governance-risk-compliance/policy-and-compliance-management/t_DefineAPolicy.md","markdown/governance-risk-compliance/policy-and-compliance-management/t_DefineAPolicy.md","markdown-link","Create a policy","",""
"markdown","missing target file","markdown/security-management/container-vulnerability-response/cvr-request-exception-form.md","58","../../governance-risk-compliance/policy-and-compliance-management/t_DefineAPolicy.md","markdown/governance-risk-compliance/policy-and-compliance-management/t_DefineAPolicy.md","markdown-link","Create a policy","",""
"markdown","missing target file","markdown/security-management/integrating-usem.md","1896","../../secops-integration-vr/blackduck-integration/concept/vulnerability-response-integration-blackduck-overview.md","secops-integration-vr/blackduck-integration/concept/vulnerability-response-integration-blackduck-overview.md","markdown-link","Vulnerability Response Integration with Black Duck","",""
"markdown","missing target file","markdown/security-management/it-remediation-workspace/itr-ws-request-exception-form-grc.md","56","../../governance-risk-compliance/policy-and-compliance-management/t_DefineAPolicy.md","markdown/governance-risk-compliance/policy-and-compliance-management/t_DefineAPolicy.md","markdown-link","Create a policy","",""
"markdown","missing target file","markdown/security-management/secops-integration-cb-isolate-host-workflow.md","29","../reference/set-network-isolation-enabled-activity.md","markdown/reference/set-network-isolation-enabled-activity.md","markdown-link","Set Network Isolation Enabled activity","",""
"markdown","missing target file","markdown/security-management/secops-integration-cb-isolate-host-workflow.md","39","../reference/set-network-isolation-enabled-activity.md","markdown/reference/set-network-isolation-enabled-activity.md","markdown-link","Set Network Isolation Enabled activity","",""
"markdown","missing target file","markdown/security-management/threat-intelligence-campaigns.md","24","../task/define-threat-campaign.md","markdown/task/define-threat-campaign.md","markdown-link","Define a campaign","",""
"markdown","missing target file","markdown/security-management/threat-intelligence-security-center/observables.md","65","../task/vtisc-iew-enrichment-results.md","markdown/security-management/task/vtisc-iew-enrichment-results.md","markdown-link","View Enrichment Results","",""
"markdown","missing target file","markdown/security-management/vulnerability-manager-workspace/vr-ws-grc-request-ex-fields.md","56","../../governance-risk-compliance/policy-and-compliance-management/t_DefineAPolicy.md","markdown/governance-risk-compliance/policy-and-compliance-management/t_DefineAPolicy.md","markdown-link","Create a policy","",""
"markdown","missing target file","markdown/security-management/vulnerability-response/bulk-edit-grc.md","93","../../governance-risk-compliance/policy-and-compliance-management/t_DefineAPolicy.md","markdown/governance-risk-compliance/policy-and-compliance-management/t_DefineAPolicy.md","markdown-link","Create a policy","",""
"markdown","missing target file","markdown/security-management/vulnerability-response/integration-with-grc.md","74","../../governance-risk-compliance/policy-and-compliance-management/t_DefineAPolicy.md","markdown/governance-risk-compliance/policy-and-compliance-management/t_DefineAPolicy.md","markdown-link","Create a policy","",""
"markdown","missing target file","markdown/servicenow-platform/api-insights/api-insights-config-api-mgmt.md","24","../task/api-insights-config-settings.md","markdown/servicenow-platform/task/api-insights-config-settings.md","markdown-link","Configure settings to manage APIs in API Insights","",""
"markdown","missing target file","markdown/servicenow-platform/api-insights/api-insights-config-data-imports.md","28","../task/api-insights-config-settings.md","markdown/servicenow-platform/task/api-insights-config-settings.md","markdown-link","Configure settings to manage APIs in API Insights","",""
"markdown","missing target file","markdown/servicenow-platform/api-insights/api-insights-create.md","20","api-insights-config-settings.md","markdown/servicenow-platform/api-insights/api-insights-config-settings.md","markdown-link","Configure settings to manage APIs in API Insights","",""
"markdown","missing target file","markdown/servicenow-platform/api-insights/api-insights-overview-page-cmdb-admin.md","147","../task/api-insights-config-settings.md","markdown/servicenow-platform/task/api-insights-config-settings.md","markdown-link","Configure settings to manage APIs in API Insights","",""
"markdown","missing target file","markdown/servicenow-platform/api-insights/api-insights-workflow.md","18","../task/api-insights-config-settings.md","markdown/servicenow-platform/task/api-insights-config-settings.md","markdown-link","Configure settings to manage APIs in API Insights","",""
"markdown","missing target file","markdown/servicenow-platform/configuration-management-database-cmdb/cmdb-sgc-intro.md","135","../task/now-assist-cmdb-sgc-diagnose.md","markdown/servicenow-platform/task/now-assist-cmdb-sgc-diagnose.md","markdown-link","Fix SGC import set issues with the Now Assist SGC diagnosis skill","",""
"markdown","missing target file","markdown/servicenow-platform/configuration-management-database-cmdb/cmdb-third-party-integrations.md","58","../task/now-assist-cmdb-sgc-diagnose.md","markdown/servicenow-platform/task/now-assist-cmdb-sgc-diagnose.md","markdown-link","Now Assist for Service Graph Connectors (SGC)![](../../../reuse/icons/brand-icons/bus-supervised-machine-learning.svg)Generative AI skills and features for r...","",""
"markdown","missing target file","markdown/servicenow-platform/configuring-knowledge-center.md","26","../task/configure-custom-script-based-AO-scan.md","markdown/task/configure-custom-script-based-AO-scan.md","markdown-link","Configuring custom script based Article Optimization scans","",""
"markdown","missing target file","markdown/servicenow-platform/index.md","172","api-insights/api-insights-tag-reln.md","markdown/servicenow-platform/api-insights/api-insights-tag-reln.md","markdown-link","Automate tag-based mapping","",""
"markdown","missing target file","markdown/servicenow-platform/index.md","173","api-insights/api-insights-tag-reln.md","markdown/servicenow-platform/api-insights/api-insights-tag-reln.md","markdown-link","Define tag-based mapping rules","",""
"markdown","missing target file","markdown/servicenow-platform/index.md","174","api-insights/api-insights-tag-reln.md","markdown/servicenow-platform/api-insights/api-insights-tag-reln.md","markdown-link","Scheduling the tag-based mapping rules","",""
"markdown","missing target file","markdown/servicenow-platform/kc-edit-knowledge-article.md","66","../../knowledge-management/task/kc-article-editor.md","knowledge-management/task/kc-article-editor.md","markdown-link","Generate and edit articles using Now Assist in the Knowledge Center article editor","",""
"markdown","missing target file","markdown/servicenow-platform/knowledge-center-article-optimization.md","18","../task/configure-custom-script-based-AO-scan.md","markdown/task/configure-custom-script-based-AO-scan.md","markdown-link","Configuring custom script based Article Optimization scans","",""
"markdown","missing target file","markdown/servicenow-platform/knowledge-management/create-article-feedback-agent.md","162","schedule-article-publishing-agent-1.md","markdown/servicenow-platform/knowledge-management/schedule-article-publishing-agent-1.md","markdown-link","Schedule a knowledge article for publishing in Agent Workspace","",""
"markdown","missing target file","markdown/servicenow-platform/knowledge-management/create-article-workspace.md","155","schedule-article-publishing-agent-1.md","markdown/servicenow-platform/knowledge-management/schedule-article-publishing-agent-1.md","markdown-link","Schedule a knowledge article for publishing in Agent Workspace","",""
"markdown","missing target file","markdown/servicenow-platform/knowledge-management/find-replace-html-editor.md","24","create-article-workspace-1.md","markdown/servicenow-platform/knowledge-management/create-article-workspace-1.md","markdown-link","Create a knowledge article in Agent Workspace","",""
"markdown","missing target file","markdown/servicenow-platform/knowledge-management/find-replace-html-editor.md","24","edit-article-workspace-1.md","markdown/servicenow-platform/knowledge-management/edit-article-workspace-1.md","markdown-link","Edit a knowledge article in Agent Workspace","",""
"markdown","missing target file","markdown/servicenow-platform/knowledge-management/including-html-content.md","23","../../platform-administration/paste.md-editor.md","markdown/platform-administration/paste.md-editor.md","markdown-link","Paste content into the HTML editor","",""
"markdown","missing target file","markdown/servicenow-platform/knowledge-management/insert-code-html-editor.md","26","create-article-workspace-1.md","markdown/servicenow-platform/knowledge-management/create-article-workspace-1.md","markdown-link","Create a knowledge article in Agent Workspace","",""
"markdown","missing target file","markdown/servicenow-platform/knowledge-management/insert-code-html-editor.md","26","edit-article-workspace-1.md","markdown/servicenow-platform/knowledge-management/edit-article-workspace-1.md","markdown-link","Edit a knowledge article in Agent Workspace","",""
"markdown","missing target file","markdown/servicenow-platform/knowledge-management/insert-toc-html-editor.md","26","create-article-workspace-1.md","markdown/servicenow-platform/knowledge-management/create-article-workspace-1.md","markdown-link","Create a knowledge article in Agent Workspace","",""
"markdown","missing target file","markdown/servicenow-platform/knowledge-management/insert-toc-html-editor.md","26","edit-article-workspace-1.md","markdown/servicenow-platform/knowledge-management/edit-article-workspace-1.md","markdown-link","Edit a knowledge article in Agent Workspace","",""
"markdown","missing target file","markdown/servicenow-platform/knowledge-management/paste-wo-format-html-editor.md","24","create-article-workspace-1.md","markdown/servicenow-platform/knowledge-management/create-article-workspace-1.md","markdown-link","Create a knowledge article in Agent Workspace","",""
"markdown","missing target file","markdown/servicenow-platform/knowledge-management/paste-wo-format-html-editor.md","24","edit-article-workspace-1.md","markdown/servicenow-platform/knowledge-management/edit-article-workspace-1.md","markdown-link","Edit a knowledge article in Agent Workspace","",""
"markdown","missing target file","markdown/servicenow-platform/knowledge-management/schedule-article-publishing-agent.md","67","edit-article-workspace-1.md","markdown/servicenow-platform/knowledge-management/edit-article-workspace-1.md","markdown-link","Edit a knowledge article in Agent Workspace","",""
"markdown","missing target file","markdown/servicenow-platform/knowledge-management/undo-redo-html-editor.md","24","create-article-workspace-1.md","markdown/servicenow-platform/knowledge-management/create-article-workspace-1.md","markdown-link","Create a knowledge article in Agent Workspace","",""
"markdown","missing target file","markdown/servicenow-platform/knowledge-management/undo-redo-html-editor.md","24","edit-article-workspace-1.md","markdown/servicenow-platform/knowledge-management/edit-article-workspace-1.md","markdown-link","Edit a knowledge article in Agent Workspace","",""
"markdown","missing target file","markdown/servicenow-platform/mid-server/c_MIDServerConfiguration.md","33","../reference/r_MIDServerCapabilities.md","markdown/servicenow-platform/reference/r_MIDServerCapabilities.md","markdown-link","MID Server capabilities","",""
"markdown","missing target file","markdown/servicenow-platform/mid-server/c_MIDServerSelector.md","46","../reference/r_MIDServerCapabilities.md","markdown/servicenow-platform/reference/r_MIDServerCapabilities.md","markdown-link","network capability","",""
"markdown","missing target file","markdown/servicenow-platform/mid-server/install-nmap-on-mid-server.md","67","../reference/r_MIDServerCapabilities.md","markdown/servicenow-platform/reference/r_MIDServerCapabilities.md","markdown-link","capability","",""
"markdown","missing target file","markdown/servicenow-platform/mid-server/t_ConfigureAMIDServerCluster.md","70","../reference/r_MIDServerCapabilities.md","markdown/servicenow-platform/reference/r_MIDServerCapabilities.md","markdown-link","capabilities","",""
"markdown","missing target file","markdown/servicenow-platform/now-assist-for-configuration-management-database-cmdb/now-assist-cmdb-configure.md","70","now-assist-cmdb-config-sgc-diagnose.md","markdown/servicenow-platform/now-assist-for-configuration-management-database-cmdb/now-assist-cmdb-config-sgc-diagnose.md","markdown-link","Configure the Service Graph Connector diagnosis skill","",""
"markdown","missing target file","markdown/servicenow-platform/now-assist-for-configuration-management-database-cmdb/now-assist-cmdb-configuring.md","42","../task/now-assist-cmdb-config-sgc-diagnose.md","markdown/servicenow-platform/task/now-assist-cmdb-config-sgc-diagnose.md","markdown-link","Configure the Service Graph Connector diagnosis skill","",""
"markdown","missing target file","markdown/servicenow-platform/now-assist-for-configuration-management-database-cmdb/now-assist-cmdb-exploring.md","78","../task/now-assist-cmdb-sgc-diagnose.md","markdown/servicenow-platform/task/now-assist-cmdb-sgc-diagnose.md","markdown-link","Fix SGC import set issues with the Now Assist SGC diagnosis skill","",""
"markdown","missing target file","markdown/servicenow-platform/now-assist-for-configuration-management-database-cmdb/now-assist-cmdb-using-skills.md","38","../task/now-assist-cmdb-sgc-diagnose.md","markdown/servicenow-platform/task/now-assist-cmdb-sgc-diagnose.md","markdown-link","Fix SGC import set issues with the Now Assist SGC diagnosis skill","",""
"markdown","missing target file","markdown/servicenow-platform/now-assist-for-configuration-management-database-cmdb/now-assist-sgc-diagnose.md","20","now-assist-cmdb-config-sgc-diagnose.md","markdown/servicenow-platform/now-assist-for-configuration-management-database-cmdb/now-assist-cmdb-config-sgc-diagnose.md","markdown-link","Configure the Service Graph Connector diagnosis skill","",""
"markdown","missing target file","markdown/servicenow-platform/now-assist-in-knowledge-management/configure-custom-ai-based-AO-scans.md","83","configure-custom-script-based-AO-scan.md","markdown/servicenow-platform/now-assist-in-knowledge-management/configure-custom-script-based-AO-scan.md","markdown-link","Configuring custom script based Article Optimization scans","",""
"markdown","missing target file","markdown/servicenow-platform/now-assist-in-knowledge-management/using-now-assist-in-km.md","37","../task/kc-article-editor.md","markdown/servicenow-platform/task/kc-article-editor.md","markdown-link","Generate and edit articles using Now Assist in the Knowledge Center article editor","",""
"markdown","missing target file","markdown/servicenow-platform/orchestration/c_OrchestrationMID.md","22","../../mid-server/reference/r_MIDServerCapabilities.md","markdown/mid-server/reference/r_MIDServerCapabilities.md","markdown-link","MID Server capabilities","",""
"markdown","missing target file","markdown/servicenow-platform/orchestration/c_OrchestrationMID.md","25","../../mid-server/concept/c_MIDServerSelectionCriteria.md","markdown/mid-server/concept/c_MIDServerSelectionCriteria.md","markdown-link","Select the default MID Server for Orchestration","",""
"markdown","missing target file","markdown/servicenow-platform/orchestration/c_OrchestrationMID.md","27","../../mid-server/reference/r_MIDServerCapabilities.md","markdown/mid-server/reference/r_MIDServerCapabilities.md","markdown-link","MID Server capabilities","",""
"markdown","missing target file","markdown/servicenow-platform/orchestration/c_OrchestrationMID.md","29","../../mid-server/concept/c_MIDServerSelectionCriteria.md","markdown/mid-server/concept/c_MIDServerSelectionCriteria.md","markdown-link","Select the default MID Server for Orchestration","",""
"markdown","missing target file","markdown/servicenow-platform/orchestration/c_OrchestrationMID.md","41","../../mid-server/reference/r_MIDServerCapabilities.md","markdown/mid-server/reference/r_MIDServerCapabilities.md","markdown-link","MID Server capabilities","",""
"markdown","missing target file","markdown/servicenow-platform/orchestration/c_SCCMActivityPack.md","31","../task/t_ConfigMIDServerForSCCMActivities.md","markdown/servicenow-platform/task/t_ConfigMIDServerForSCCMActivities.md","markdown-link","Configure the MID Server for SCCM activities","",""
"markdown","missing target file","markdown/servicenow-platform/orchestration/configuring-sccm.md","22","../../../administer/orchestration-activities/task/t_ConfigMIDServerForSCCMActivities.md","administer/orchestration-activities/task/t_ConfigMIDServerForSCCMActivities.md","markdown-link","Configure the MID Server for SCCM activities","",""
"markdown","missing target file","markdown/servicenow-platform/orchestration/r_InstallWindowsAppActivity.md","24","../../../product/mid-server/reference/r_MIDServerCapabilities.md","product/mid-server/reference/r_MIDServerCapabilities.md","markdown-link","MID Server capabilities","",""
"markdown","missing target file","markdown/servicenow-platform/orchestration/t_CreateAJMSActivity.md","444","../../../product/mid-server/reference/r_MIDServerCapabilities.md","product/mid-server/reference/r_MIDServerCapabilities.md","markdown-link","MID Server capabilities","",""
"markdown","missing target file","markdown/servicenow-platform/orchestration/t_CreateAnSFTPActivity.md","223","../../../product/mid-server/reference/r_MIDServerCapabilities.md","product/mid-server/reference/r_MIDServerCapabilities.md","markdown-link","MID Server capabilities","",""
"markdown","missing target file","markdown/servicenow-platform/orchestration/t_CreateAnSFTPActivity.md","1048","../../../product/mid-server/reference/r_MIDServerCapabilities.md","product/mid-server/reference/r_MIDServerCapabilities.md","markdown-link","MID Server capabilities","",""
"markdown","missing target file","markdown/servicenow-platform/orchestration/t_CreateAnSSHActivity.md","260","../../../product/mid-server/reference/r_MIDServerCapabilities.md","product/mid-server/reference/r_MIDServerCapabilities.md","markdown-link","MID Server capabilities","",""
"markdown","missing target file","markdown/servicenow-platform/orchestration/t_CreateARESTWebServiceActivity.md","110","../../../product/mid-server/reference/r_MIDServerCapabilities.md","product/mid-server/reference/r_MIDServerCapabilities.md","markdown-link","MID Server capabilities","",""
"markdown","missing target file","markdown/servicenow-platform/orchestration/t_CreateARESTWebServiceActivity.md","352","../../../product/mid-server/reference/r_MIDServerCapabilities.md","product/mid-server/reference/r_MIDServerCapabilities.md","markdown-link","MID Server capabilities","",""
"markdown","missing target file","markdown/servicenow-platform/orchestration/t_CreateASOAPWebServiceActivity.md","88","../../../product/mid-server/reference/r_MIDServerCapabilities.md","product/mid-server/reference/r_MIDServerCapabilities.md","markdown-link","MID Server capabilities","",""
"markdown","missing target file","markdown/servicenow-platform/orchestration/t_MapSOAPVariablesToExecutionComm.md","100","../../../product/mid-server/reference/r_MIDServerCapabilities.md","product/mid-server/reference/r_MIDServerCapabilities.md","markdown-link","MID Server capabilities","",""
"markdown","missing target file","markdown/servicenow-platform/policy-as-code-engine-pace/pace-policy-version-duplicate_2.md","57","pace-policy-version-duplicate.md#section_qjd_nsr_psb","markdown/servicenow-platform/policy-as-code-engine-pace/pace-policy-version-duplicate.md","markdown-link","Duplicate a single policy version","",""
"markdown","missing target file","markdown/servicenow-platform/service-catalog/c_SettingCatalogPortalPages.md","20","c_MultipleServiceCatalogs.md#","markdown/servicenow-platform/service-catalog/c_MultipleServiceCatalogs.md","markdown-link","Catalog Portal Page form","",""
"markdown","missing target file","markdown/servicenow-platform/service-catalog/c_SettingCatalogPortalPages.md","28","c_MultipleServiceCatalogs.md#","markdown/servicenow-platform/service-catalog/c_MultipleServiceCatalogs.md","markdown-link","add a new catalog portal page record","",""
"markdown","missing target file","markdown/servicenow-platform/service-catalog/c_SettingCatalogPortalPages.md","43","c_MultipleServiceCatalogs.md#","markdown/servicenow-platform/service-catalog/c_MultipleServiceCatalogs.md","markdown-link","Manage catalog portal pages","",""
"markdown","missing target file","markdown/servicenow-platform/service-catalog/catalog-item-form.md","575","../concept/c_MultipleServiceCatalogs.md#","markdown/servicenow-platform/concept/c_MultipleServiceCatalogs.md","markdown-link","catalogs","",""
"markdown","missing target file","markdown/servicenow-platform/service-catalog/catalog-items-wishlist.md","22","c_MultipleServiceCatalogs.md#","markdown/servicenow-platform/service-catalog/c_MultipleServiceCatalogs.md","markdown-link","catalog record","",""
"markdown","missing target file","markdown/servicenow-platform/service-catalog/p_ConfigureContentManagementSystem.md","24","../concept/c_MultipleServiceCatalogs.md#","markdown/servicenow-platform/concept/c_MultipleServiceCatalogs.md","markdown-link","Manage catalog portal pages","",""
"markdown","missing target file","markdown/servicenow-platform/service-catalog/p_ServiceCatalogs.md","24","../concept/c_MultipleServiceCatalogs.md#","markdown/servicenow-platform/concept/c_MultipleServiceCatalogs.md","markdown-link","Multiple service catalogs setup","",""
"markdown","missing target file","markdown/servicenow-platform/service-catalog/r_UpgradToMultpleServiceCats.md","20","../concept/c_MultipleServiceCatalogs.md#","markdown/servicenow-platform/concept/c_MultipleServiceCatalogs.md","markdown-link","multiple service catalogs","",""
"markdown","missing target file","markdown/servicenow-platform/service-catalog/t_ManageCatalogSites.md","54","../concept/c_MultipleServiceCatalogs.md#","markdown/servicenow-platform/concept/c_MultipleServiceCatalogs.md","markdown-link","Manage catalog portal pages","",""
"markdown","missing target file","markdown/servicenow-platform/sgcc-diagnose-proc-errors.md","18","../../configuration-management/task/now-assist-cmdb-config-sgc-diagnose.md","configuration-management/task/now-assist-cmdb-config-sgc-diagnose.md","markdown-link","Configure the Service Graph Connector diagnosis skill","",""
"markdown","missing target file","markdown/servicenow-platform/t_CreatMetricTypesAndGenAssessRecs.md","181","../governance-risk-compliance/policy-and-compliance-management/c_Attestations.md","markdown/governance-risk-compliance/policy-and-compliance-management/c_Attestations.md","markdown-link","Attestations - Legacy","",""
"markdown","missing target file","markdown/servicenow-platform/workflow-activities/c_LogTraceMessage.md","18","../reference/r_LogMessageActivity-1.md","markdown/servicenow-platform/reference/r_LogMessageActivity-1.md","markdown-link","Log Message workflow activity","",""
"markdown","missing target file","markdown/servicenow-platform/workflow-activities/c_SubflowActivities.md","18","../reference/r_ParallelFlowLauncher-1.md","markdown/servicenow-platform/reference/r_ParallelFlowLauncher-1.md","markdown-link","Parallel Flow Launcher","",""
"markdown","missing target file","markdown/servicenow-platform/workflow-activities/r_LockActivity.md","64","r_UnlockActivity-1.md","markdown/servicenow-platform/workflow-activities/r_UnlockActivity-1.md","markdown-link","Unlock activity","",""
"markdown","missing target file","markdown/servicenow-platform/workflow-activities/r_SetValuesActivity.md","39","r_ApprovalAction-1.md","markdown/servicenow-platform/workflow-activities/r_ApprovalAction-1.md","markdown-link","**Approval Action**","",""
"markdown","missing target file","markdown/servicenow-platform/workflow-activities/r_UnlockActivity.md","26","r_LockActivity-1.md","markdown/servicenow-platform/workflow-activities/r_LockActivity-1.md","markdown-link","Lock activity","",""
"markdown","missing target file","markdown/source-to-pay-operations/source-to-pay-integration-framework/configure-service-maps-sap.md","147","manually-trigger-subflows-sap.md","markdown/source-to-pay-operations/source-to-pay-integration-framework/manually-trigger-subflows-sap.md","markdown-link","Manually execute flows or subflows in SAP (Inbound)","",""
"markdown","missing target file","markdown/source-to-pay-operations/source-to-pay-integration-framework/configuring-source-to-pay-sap-integration.md","89","../task/manually-trigger-subflows-sap.md","markdown/source-to-pay-operations/task/manually-trigger-subflows-sap.md","markdown-link","Manually execute flows or subflows in SAP (Inbound)","",""
"markdown","missing target file","markdown/source-to-pay-operations/source-to-pay-integration-framework/copy-flow-or-subflow-oracle-ebs.md","61","manually-trigger-subflows-oracle-ebs.md","markdown/source-to-pay-operations/source-to-pay-integration-framework/manually-trigger-subflows-oracle-ebs.md","markdown-link","Manually trigger flows or subflows in Oracle EBS (Inbound)","",""
"markdown","missing target file","markdown/source-to-pay-operations/source-to-pay-integration-framework/define-erp-source-sap.md","85","manually-trigger-subflows-sap.md","markdown/source-to-pay-operations/source-to-pay-integration-framework/manually-trigger-subflows-sap.md","markdown-link","Manually execute flows or subflows in SAP (Inbound)","",""
"markdown","missing target file","markdown/source-to-pay-operations/source-to-pay-integration-framework/erp-source-configuration-sap.md","123","../task/manually-trigger-subflows-sap.md","markdown/source-to-pay-operations/task/manually-trigger-subflows-sap.md","markdown-link","Manually execute flows or subflows in SAP (Inbound)","",""
"markdown","missing target file","markdown/source-to-pay-operations/source-to-pay-integration-framework/look-up-primary-data-sap.md","56","../task/manually-trigger-subflows-sap.md","markdown/source-to-pay-operations/task/manually-trigger-subflows-sap.md","markdown-link","Manually execute flows or subflows in SAP (Inbound)","",""
"markdown","missing target file","markdown/source-to-pay-operations/source-to-pay-integration-framework/scheduled-jobs-to-primary-data-sap.md","38","../task/manually-trigger-subflows-sap.md","markdown/source-to-pay-operations/task/manually-trigger-subflows-sap.md","markdown-link","Manually execute flows or subflows in SAP (Inbound)","",""
"markdown","missing target file","markdown/source-to-pay-operations/source-to-pay-integration-framework/use-flow-or-subflow-oracle-ebs.md","54","manually-trigger-subflows-oracle-ebs.md","markdown/source-to-pay-operations/source-to-pay-integration-framework/manually-trigger-subflows-oracle-ebs.md","markdown-link","Manually trigger flows or subflows in Oracle EBS (Inbound)","",""
"markdown","missing target file","markdown/source-to-pay-operations/source-to-pay-integration-framework/using-schedule-flows-oracle-ebs.md","239","../task/manually-trigger-subflows-oracle-ebs.md","markdown/source-to-pay-operations/task/manually-trigger-subflows-oracle-ebs.md","markdown-link","Manually trigger flows or subflows in Oracle EBS (Inbound)","",""
"markdown","missing target file","markdown/source-to-pay-operations/supplier-lifecycle-operations/approve-sign-task-rca.md","43","configure-pdf-template-sign-doc-task.md","markdown/source-to-pay-operations/supplier-lifecycle-operations/configure-pdf-template-sign-doc-task.md","markdown-link","Configure the document template for the Sign document action type for supplier task","",""
"markdown","missing target file","markdown/source-to-pay-operations/supplier-lifecycle-operations/approve-sign-task-rca.md","48","configure-pdf-template-sign-doc-task.md","markdown/source-to-pay-operations/supplier-lifecycle-operations/configure-pdf-template-sign-doc-task.md","markdown-link","Configure the document template for the Sign document action type for supplier task","",""
"markdown","missing target file","markdown/source-to-pay-operations/supplier-lifecycle-operations/config-supp-mgmt.md","28","../task/configure-pdf-template-sign-doc-task.md","markdown/source-to-pay-operations/task/configure-pdf-template-sign-doc-task.md","markdown-link","Configure the document template for the Sign document action type for supplier task","",""
"markdown","missing target file","markdown/source-to-pay-operations/supplier-lifecycle-operations/configure-pdf-template-sign-doc-task.dita.md","67","../../employee-service-management/hr-service-delivery/create-participants.md.md","markdown/employee-service-management/hr-service-delivery/create-participants.md.md","markdown-link","Create participants for an HTML document template","",""
"markdown","missing target file","markdown/source-to-pay-operations/supplier-lifecycle-operations/configure-smart-assessments.md","114","../task/configure-pdf-template-sign-doc-task.md","markdown/source-to-pay-operations/task/configure-pdf-template-sign-doc-task.md","markdown-link","Configure the document template for the Sign document action type for supplier task","",""
"markdown","missing target file","markdown/source-to-pay-operations/supplier-lifecycle-operations/configuring-supplier-performance-mgmt.md","62","../task/configure-pdf-template-sign-doc-task.md","markdown/source-to-pay-operations/task/configure-pdf-template-sign-doc-task.md","markdown-link","Configure the document template for the Sign document action type for supplier task","",""
"markdown","missing target file","markdown/source-to-pay-operations/supplier-lifecycle-operations/create-new-doc-form.md","140","slo-primary-data-tables.md","markdown/source-to-pay-operations/supplier-lifecycle-operations/slo-primary-data-tables.md","markdown-link","Primary data tables for Supplier Lifecycle Operations","",""
"markdown","missing target file","markdown/source-to-pay-operations/supplier-lifecycle-operations/create-new-interaction.md","119","associate-interaction-supplier-case.md","markdown/source-to-pay-operations/supplier-lifecycle-operations/associate-interaction-supplier-case.md","markdown-link","Associate an interaction record to a supplier case","",""
"markdown","missing target file","markdown/source-to-pay-operations/supplier-lifecycle-operations/create-new-supplier-task-form.md","78","slo-primary-data-tables.md","markdown/source-to-pay-operations/supplier-lifecycle-operations/slo-primary-data-tables.md","markdown-link","Primary data tables for Supplier Lifecycle Operations","",""
"markdown","missing target file","markdown/source-to-pay-operations/supplier-lifecycle-operations/enable-m2m-supplier-contacts.md","63","configure-pdf-template-sign-doc-task.md","markdown/source-to-pay-operations/supplier-lifecycle-operations/configure-pdf-template-sign-doc-task.md","markdown-link","Configure the document template for the Sign document action type for supplier task","",""
"markdown","missing target file","markdown/source-to-pay-operations/supplier-lifecycle-operations/install-supp-central.md","83","configure-pdf-template-sign-doc-task.md","markdown/source-to-pay-operations/supplier-lifecycle-operations/configure-pdf-template-sign-doc-task.md","markdown-link","Configure the document template for the Sign document action type for supplier task","",""
"markdown","missing target file","markdown/source-to-pay-operations/supplier-lifecycle-operations/install-supp-mgmt.md","90","configure-pdf-template-sign-doc-task.md","markdown/source-to-pay-operations/supplier-lifecycle-operations/configure-pdf-template-sign-doc-task.md","markdown-link","Configure the document template for the Sign document action type for supplier task","",""
"markdown","missing target file","markdown/source-to-pay-operations/supplier-lifecycle-operations/install-supp-payment-opt.md","68","configure-pdf-template-sign-doc-task.md","markdown/source-to-pay-operations/supplier-lifecycle-operations/configure-pdf-template-sign-doc-task.md","markdown-link","Configure the document template for the Sign document action type for supplier task","",""
"markdown","missing target file","markdown/source-to-pay-operations/supplier-lifecycle-operations/install-supplier-ops.md","67","configure-pdf-template-sign-doc-task.md","markdown/source-to-pay-operations/supplier-lifecycle-operations/configure-pdf-template-sign-doc-task.md","markdown-link","Configure the document template for the Sign document action type for supplier task","",""
"markdown","missing target file","markdown/source-to-pay-operations/supplier-lifecycle-operations/install-universal-request.md","52","configure-pdf-template-sign-doc-task.md","markdown/source-to-pay-operations/supplier-lifecycle-operations/configure-pdf-template-sign-doc-task.md","markdown-link","Configure the document template for the Sign document action type for supplier task","",""
"markdown","missing target file","markdown/source-to-pay-operations/supplier-lifecycle-operations/interaction-mgmt-supplier-mgr-ws.md","20","../task/associate-interaction-supplier-case.md","markdown/source-to-pay-operations/task/associate-interaction-supplier-case.md","markdown-link","Associate an interaction record to a supplier case","",""
"markdown","missing target file","markdown/source-to-pay-operations/supplier-lifecycle-operations/interaction-mgmt-supplier-mgr-ws.md","54","../task/associate-interaction-supplier-case.md","markdown/source-to-pay-operations/task/associate-interaction-supplier-case.md","markdown-link","Associate an interaction record to a supplier case","",""
"markdown","missing target file","markdown/source-to-pay-operations/supplier-lifecycle-operations/m2m-supplier-contact-table.md","37","slo-primary-data-tables.md","markdown/source-to-pay-operations/supplier-lifecycle-operations/slo-primary-data-tables.md","markdown-link","Primary data tables for Supplier Lifecycle Operations","",""
"markdown","missing target file","markdown/source-to-pay-operations/supplier-lifecycle-operations/new-supplier-case.md","229","slo-primary-data-tables.md","markdown/source-to-pay-operations/supplier-lifecycle-operations/slo-primary-data-tables.md","markdown-link","Primary data tables for Supplier Lifecycle Operations","",""
"markdown","missing target file","markdown/source-to-pay-operations/supplier-lifecycle-operations/onboard-supp-form.md","44","slo-primary-data-tables.md","markdown/source-to-pay-operations/supplier-lifecycle-operations/slo-primary-data-tables.md","markdown-link","Primary data tables for Supplier Lifecycle Operations","",""
"markdown","missing target file","markdown/source-to-pay-operations/supplier-lifecycle-operations/slo-data-model.md","41","slo-primary-data-tables.md","markdown/source-to-pay-operations/supplier-lifecycle-operations/slo-primary-data-tables.md","markdown-link","Primary data tables for Supplier Lifecycle Operations","",""
"markdown","missing target file","markdown/source-to-pay-operations/supplier-lifecycle-operations/slo-glossary.md","42","../reference/slo-primary-data-tables.md","markdown/source-to-pay-operations/reference/slo-primary-data-tables.md","markdown-link","Primary data tables for Supplier Lifecycle Operations","",""
"markdown","missing target file","markdown/source-to-pay-operations/supplier-lifecycle-operations/slo-prod-code-table.md","74","slo-primary-data-tables.md","markdown/source-to-pay-operations/supplier-lifecycle-operations/slo-primary-data-tables.md","markdown-link","Primary data tables for Supplier Lifecycle Operations","",""
"markdown","missing target file","markdown/source-to-pay-operations/supplier-lifecycle-operations/slo-supp-contact-table.md","32","slo-primary-data-tables.md","markdown/source-to-pay-operations/supplier-lifecycle-operations/slo-primary-data-tables.md","markdown-link","Primary data tables for Supplier Lifecycle Operations","",""
"markdown","missing target file","markdown/source-to-pay-operations/supplier-lifecycle-operations/slo-supp-email-table.md","63","slo-primary-data-tables.md","markdown/source-to-pay-operations/supplier-lifecycle-operations/slo-primary-data-tables.md","markdown-link","Primary data tables for Supplier Lifecycle Operations","",""
"markdown","missing target file","markdown/source-to-pay-operations/supplier-lifecycle-operations/slo-supp-location-table.md","162","slo-primary-data-tables.md","markdown/source-to-pay-operations/supplier-lifecycle-operations/slo-primary-data-tables.md","markdown-link","Primary data tables for Supplier Lifecycle Operations","",""
"markdown","missing target file","markdown/source-to-pay-operations/supplier-lifecycle-operations/slo-supp-payment-table.md","205","slo-primary-data-tables.md","markdown/source-to-pay-operations/supplier-lifecycle-operations/slo-primary-data-tables.md","markdown-link","Primary data tables for Supplier Lifecycle Operations","",""
"markdown","missing target file","markdown/source-to-pay-operations/supplier-lifecycle-operations/slo-supplier-table.md","421","slo-primary-data-tables.md","markdown/source-to-pay-operations/supplier-lifecycle-operations/slo-primary-data-tables.md","markdown-link","Primary data tables for Supplier Lifecycle Operations","",""
"markdown","missing target file","markdown/source-to-pay-operations/supplier-lifecycle-operations/supp-doc-mgmt-overview.md","46","../task/configure-pdf-template-sign-doc-task.md","markdown/source-to-pay-operations/task/configure-pdf-template-sign-doc-task.md","markdown-link","Configure the document template for the Sign document action type for supplier task","",""
"markdown","missing target file","markdown/source-to-pay-operations/supplier-lifecycle-operations/supp-mgmt-reference.md","32","slo-primary-data-tables.md","markdown/source-to-pay-operations/supplier-lifecycle-operations/slo-primary-data-tables.md","markdown-link","Primary data tables for Supplier Lifecycle Operations","",""
"markdown","missing target file","markdown/source-to-pay-operations/supplier-lifecycle-operations/supp-mgmt-reference.md","50","slo-primary-data-tables.md","markdown/source-to-pay-operations/supplier-lifecycle-operations/slo-primary-data-tables.md","markdown-link","Primary data tables for Supplier Lifecycle Operations","",""
"markdown","missing target file","markdown/source-to-pay-operations/supplier-lifecycle-operations/supp-payment-opt-ref.md","44","../reference/slo-primary-data-tables.md","markdown/source-to-pay-operations/reference/slo-primary-data-tables.md","markdown-link","Primary data tables for Supplier Lifecycle Operations","",""
"markdown","missing target file","markdown/source-to-pay-operations/supplier-lifecycle-operations/supplier-awa.md","59","../task/configure-pdf-template-sign-doc-task.md","markdown/source-to-pay-operations/task/configure-pdf-template-sign-doc-task.md","markdown-link","Configure the document template for the Sign document action type for supplier task","",""
"markdown","missing target file","markdown/source-to-pay-operations/supplier-lifecycle-operations/supplier-domain-separation.md","44","../reference/slo-primary-data-tables.md","markdown/source-to-pay-operations/reference/slo-primary-data-tables.md","markdown-link","Primary data tables for Supplier Lifecycle Operations","",""
"markdown","missing target file","markdown/source-to-pay-operations/supplier-lifecycle-operations/supplier-location-form.md","123","slo-primary-data-tables.md","markdown/source-to-pay-operations/supplier-lifecycle-operations/slo-primary-data-tables.md","markdown-link","Primary data tables for Supplier Lifecycle Operations","",""
"markdown","missing target file","markdown/source-to-pay-operations/supplier-lifecycle-operations/supplier-relationship-and-performance-management-reference.md","46","../reference/slo-primary-data-tables.md","markdown/source-to-pay-operations/reference/slo-primary-data-tables.md","markdown-link","Primary data tables for Supplier Lifecycle Operations","",""
"markdown","missing target file","markdown/source-to-pay-operations/supplier-lifecycle-operations/update-supp-banking-form.md","140","slo-primary-data-tables.md","markdown/source-to-pay-operations/supplier-lifecycle-operations/slo-primary-data-tables.md","markdown-link","Primary data tables for Supplier Lifecycle Operations","",""
"markdown","missing target file","markdown/source-to-pay-operations/supplier-lifecycle-operations/update-supp-profile-form.md","161","slo-primary-data-tables.md","markdown/source-to-pay-operations/supplier-lifecycle-operations/slo-primary-data-tables.md","markdown-link","Primary data tables for Supplier Lifecycle Operations","",""
"markdown","missing target file","markdown/telecom-media-technology/configure-compatibility-rules-somt.md","29","../order-management/order-mgt-create-compatibles.md","markdown/order-management/order-mgt-create-compatibles.md","markdown-link","Create compatible records in compatibility rules","",""
"markdown","missing target file","markdown/telecom-media-technology/create-compatibility-rules.md","104","../order-management/order-mgt-create-compatibles.md","markdown/order-management/order-mgt-create-compatibles.md","markdown-link","Create compatible records in compatibility rules","",""
"markdown","missing target file","markdown/telecom-media-technology/create-product-offerings-somt.md","32","../order-management/field-descriptions-for-product-catalog-fields.md","markdown/order-management/field-descriptions-for-product-catalog-fields.md","markdown-link","Product catalog forms","",""
"markdown","missing target file","markdown/telecom-media-technology/create-product-specifications.md","19","../order-management/create-associate-specification-categories.md","markdown/order-management/create-associate-specification-categories.md","markdown-link","Create and associate specification categories with model categories","",""
"markdown","missing target file","markdown/telecom-media-technology/create-product-specifications.md","232","../order-management/order-mgt-define-propagate-domain-order-attributes.md","markdown/order-management/order-mgt-define-propagate-domain-order-attributes.md","markdown-link","Defining mappings for attribute value propagation to domain orders","",""
"markdown","missing target file","markdown/telecom-media-technology/create-product-specifications.md","233","../order-management/creating-publishing-new-versions-specifications.md","markdown/order-management/creating-publishing-new-versions-specifications.md","markdown-link","Create another version of the specification","",""
"markdown","missing target file","markdown/telecom-media-technology/create-publish-new-specification-somt.md","18","../order-management/order-mgt-create-product-specification.md","markdown/order-management/order-mgt-create-product-specification.md","markdown-link","Create and publish product specifications","",""
"markdown","missing target file","markdown/telecom-media-technology/create-publish-new-specification-somt.md","98","../order-management/field-descriptions-for-product-catalog-fields.md","markdown/order-management/field-descriptions-for-product-catalog-fields.md","markdown-link","Field descriptions for product catalog forms in Order Management for Telecommunications, Media, and Technology","",""
"markdown","missing target file","markdown/telecom-media-technology/create-publish-new-specification-somt.md","102","../order-management/order-mgt-specification-rels.md","markdown/order-management/order-mgt-specification-rels.md","markdown-link","Create specification relationships, quantity mapping, and decomposition rules for Order Management","",""
"markdown","missing target file","markdown/telecom-media-technology/create-publish-new-specification-somt.md","103","../order-management/order-mgt-specification-rels.md","markdown/order-management/order-mgt-specification-rels.md","markdown-link","Create specification relationships, quantity mapping, and decomposition rules for Order Management","",""
"markdown","missing target file","markdown/telecom-media-technology/create-publish-new-specification-somt.md","104","../order-management/order-mgt-define-propagate-domain-order-attributes.md","markdown/order-management/order-mgt-define-propagate-domain-order-attributes.md","markdown-link","Defining mappings for attribute value propagation to domain orders","",""
"markdown","missing target file","markdown/telecom-media-technology/create-publish-new-specification-somt.md","154","../order-management/order-mgt-product-data-model.md","markdown/order-management/order-mgt-product-data-model.md","markdown-link","Technical product catalogs","",""
"markdown","missing target file","markdown/telecom-media-technology/create-publish-product-offering-version-somt.md","32","../order-management/field-descriptions-product-offering-form.md","markdown/order-management/field-descriptions-product-offering-form.md","markdown-link","Product Offering Versions form","",""
"markdown","missing target file","markdown/telecom-media-technology/create-publish-product-offering-version-somt.md","38","../order-management/order-mgt-product-offerings.md","markdown/order-management/order-mgt-product-offerings.md","markdown-link","Create and publish your product offerings to a catalog","",""
"markdown","missing target file","markdown/telecom-media-technology/create-resource-specifications.md","21","../order-management/create-associate-specification-categories.md","markdown/order-management/create-associate-specification-categories.md","markdown-link","Create and associate specification categories with model categories","",""
"markdown","missing target file","markdown/telecom-media-technology/create-resource-specifications.md","267","../order-management/creating-publishing-new-versions-specifications.md","markdown/order-management/creating-publishing-new-versions-specifications.md","markdown-link","Create another version of the specification","",""
"markdown","missing target file","markdown/telecom-media-technology/create-service-specification.md","19","../order-management/create-associate-specification-categories.md","markdown/order-management/create-associate-specification-categories.md","markdown-link","Create and associate specification categories with model categories","",""
"markdown","missing target file","markdown/telecom-media-technology/create-service-specification.md","305","../order-management/creating-publishing-new-versions-specifications.md","markdown/order-management/creating-publishing-new-versions-specifications.md","markdown-link","Create another version of the specification","",""
"markdown","missing target file","markdown/telecom-media-technology/create-specification-relationships-somt.md","173","../order-management/order-mgt-specification-rels.md","markdown/order-management/order-mgt-specification-rels.md","markdown-link","Create decomposition rules for specification relationships","",""
"markdown","missing target file","markdown/telecom-media-technology/creating-publish-specification-versions-somt.md","62","../order-management/order-mgt-characteristics.md","markdown/order-management/order-mgt-characteristics.md","markdown-link","Create the characteristics and characteristic options for your product offerings","",""
"markdown","missing target file","markdown/telecom-media-technology/creating-publish-specification-versions-somt.md","65","../order-management/order-mgt-specification-rels.md","markdown/order-management/order-mgt-specification-rels.md","markdown-link","Create specification relationships, quantity mapping, and decomposition rules for Order Management","",""
"markdown","missing target file","markdown/telecom-media-technology/creating-publish-specification-versions-somt.md","67","../order-management/order-mgt-define-propagate-domain-order-attributes.md","markdown/order-management/order-mgt-define-propagate-domain-order-attributes.md","markdown-link","Defining mappings for attribute value propagation to domain orders","",""
"markdown","missing target file","markdown/telecom-media-technology/order-mgt-define-source-specifications.md","74","../order-management/order-mgt-create-compatibles.md","markdown/order-management/order-mgt-create-compatibles.md","markdown-link","Create compatible records in compatibility rules","",""
"markdown","missing target file","markdown/telecom-media-technology/retire-archive-product-offering-somt.md","39","../order-management/field-descriptions-product-offering-form.md","markdown/order-management/field-descriptions-product-offering-form.md","markdown-link","Product Offering Versions form","",""
"markdown","missing target file","markdown/telecom-media-technology/retire-archiving-specifications-somt.md","41","../order-management/field-descriptions-specification-versions-form.md","markdown/order-management/field-descriptions-specification-versions-form.md","markdown-link","Specification Versions form","",""
"markdown","missing target file","markdown/telecom-network-inventory/index.md","63","telecommunications-network-inventory/clone-and-revise-a-ci.md","markdown/telecom-network-inventory/telecommunications-network-inventory/clone-and-revise-a-ci.md","markdown-link","clone-and-revise-a-ci","",""
"markdown","missing target file","markdown/telecom-network-inventory/telecommunications-network-inventory/change_request_forms.md","392","../task/clone-and-revise-a-ci.md","markdown/telecom-network-inventory/task/clone-and-revise-a-ci.md","markdown-link","../task/clone-and-revise-a-ci.md","",""
"markdown","missing target file","markdown/telecom-network-inventory/telecommunications-network-inventory/decision_tables.md","32","../task/clone-and-revise-a-ci.md","markdown/telecom-network-inventory/task/clone-and-revise-a-ci.md","markdown-link","../task/clone-and-revise-a-ci.md","",""
"markdown","missing target file","markdown/telecom-network-inventory/telecommunications-network-inventory/import-inventory.md","37","import-templates-and-models-in-json-format.md","markdown/telecom-network-inventory/telecommunications-network-inventory/import-templates-and-models-in-json-format.md","markdown-link","Importing models and templates in JSON format","",""
"markdown","missing target file","markdown/telecom-network-inventory/telecommunications-network-inventory/import-inventory.md","39","templates-import-concept.md","markdown/telecom-network-inventory/telecommunications-network-inventory/templates-import-concept.md","markdown-link","Import templates","",""
"markdown","missing target file","markdown/telecom-network-inventory/telecommunications-network-inventory/import-inventory.md","41","exporting-hierarchy-of-templates-and-models.md","markdown/telecom-network-inventory/telecommunications-network-inventory/exporting-hierarchy-of-templates-and-models.md","markdown-link","Exporting hierarchy of models and templates","",""
"markdown","missing target file","markdown/telecom-network-inventory/telecommunications-network-inventory/network-inventory-import-model.md","26","templates-import-concept.md","markdown/telecom-network-inventory/telecommunications-network-inventory/templates-import-concept.md","markdown-link","Import templates","",""
"markdown","missing target file","markdown/telecom-network-inventory/telecommunications-network-inventory/network-inventory-import-model.md","28","import-templates-and-models-in-json-format.md","markdown/telecom-network-inventory/telecommunications-network-inventory/import-templates-and-models-in-json-format.md","markdown-link","Importing models and templates in JSON format","",""
"markdown","missing target file","markdown/telecom-network-inventory/telecommunications-network-inventory/network-inventory-import-model.md","32","exporting-hierarchy-of-templates-and-models.md","markdown/telecom-network-inventory/telecommunications-network-inventory/exporting-hierarchy-of-templates-and-models.md","markdown-link","Exporting hierarchy of models and templates","",""
"markdown","missing target file","markdown/telecom-network-inventory/telecommunications-network-inventory/revise-a-configuration-item.md","60","../task/clone-and-revise-a-ci.md","markdown/telecom-network-inventory/task/clone-and-revise-a-ci.md","markdown-link","../task/clone-and-revise-a-ci.md","",""
"markdown","missing target file","markdown/telecom-network-inventory/telecommunications-network-inventory/revision-of-a-confiuguration-item.md","31","../task/clone-and-revise-a-ci.md","markdown/telecom-network-inventory/task/clone-and-revise-a-ci.md","markdown-link","../task/clone-and-revise-a-ci.md","",""
"markdown","missing target file","markdown/telecom-service-ops/index.md","68","telecommunications-service-operations-management/configure-arista-velocloud-service-graph-connector.md","markdown/telecom-service-ops/telecommunications-service-operations-management/configure-arista-velocloud-service-graph-connector.md","markdown-link","configure-arista-velocloud-service-graph-connector","",""
"markdown","missing target file","markdown/telecom-service-ops/index.md","69","telecommunications-service-operations-management/set-up-the-service-graph-connector-for-arista-velocloud-schedule.md","markdown/telecom-service-ops/telecommunications-service-operations-management/set-up-the-service-graph-connector-for-arista-velocloud-schedule.md","markdown-link","set-up-the-service-graph-connector-for-arista-velocloud-schedule","",""
"markdown","missing target file","markdown/telecom-service-ops/index.md","70","telecommunications-service-operations-management/manage-multiple-arista-velocloud-instances.md","markdown/telecom-service-ops/telecommunications-service-operations-management/manage-multiple-arista-velocloud-instances.md","markdown-link","manage-multiple-arista-velocloud-instances","",""
"markdown","missing target file","markdown/telecom-service-ops/index.md","71","telecommunications-service-operations-management/map-arista-velocloud-cis-and-relationships.md","markdown/telecom-service-ops/telecommunications-service-operations-management/map-arista-velocloud-cis-and-relationships.md","markdown-link","map-arista-velocloud-cis-and-relationships","",""
"markdown","missing target file","markdown/telecom-service-ops/index.md","79","telecommunications-service-operations-management/set-up-connector-instance-nokia-mpn.md","markdown/telecom-service-ops/telecommunications-service-operations-management/set-up-connector-instance-nokia-mpn.md","markdown-link","set-up-connector-instance-nokia-mpn","",""
"markdown","missing target file","markdown/telecom-service-ops/telecommunications-service-operations-management/set-up-fault-management.md","26","../task/set-up-connector-instance-nokia-mpn.md","markdown/telecom-service-ops/task/set-up-connector-instance-nokia-mpn.md","markdown-link","../task/set-up-connector-instance-nokia-mpn.md","",""
"markdown","missing target file","README.md","50","markdown/product-directory/index.md","markdown/product-directory/index.md","markdown-link","Product directory","",""
"markdown","missing target file","README.md","61","markdown/service-bridge/index.md","markdown/service-bridge/index.md","markdown-link","Service Exchange","",""
"markdown","missing target file","README.md","64","markdown/technology/index.md","markdown/technology/index.md","markdown-link","Technology Industry","",""
