"confidence","candidate_score","issue","source","source_line","original_target","suggested_target","resolved_target","requested_anchor","target_file","link_text","candidate_anchor","candidate_label","candidate_type","candidate_line","anchor_count","reasons","second_candidate","second_score"
"low","65","missing same-page anchor","markdown/application-portfolio-management/application-portfolio-management-landing-page.md","35","#section_rts_qj4_dwb","#enterprise-architecture","markdown/application-portfolio-management/application-portfolio-management-landing-page.md#section_rts_qj4_dwb","section_rts_qj4_dwb","markdown/application-portfolio-management/application-portfolio-management-landing-page.md","Enterprise Modeling and Visualization","enterprise-architecture","Enterprise Architecture","h1","11","7","link/candidate token overlap 0.50","table_uw5_lxw_sjb","0"
"low","69","missing same-page anchor","markdown/servicenow-platform/servicenow-platform/Chunk770148849.md","29","#api-insights-sch-job-tag-reln","#scheduling-the-tag-based-mapping-rules","markdown/servicenow-platform/servicenow-platform/Chunk770148849.md#api-insights-sch-job-tag-reln","api-insights-sch-job-tag-reln","markdown/servicenow-platform/servicenow-platform/Chunk770148849.md","Schedule the tag-based mapping rule","scheduling-the-tag-based-mapping-rules","Scheduling the tag-based mapping rules","h2","65","6","link/candidate token overlap 0.67; link/candidate text similarity 0.89","define-tag-based-mapping-rules","66"
"low","65","missing target anchor","markdown/api-reference/rest-apis/bot-api.md","65","bot-api.md#vabot-ex-createconvo","bot-api.md#create-a-chat-interaction","markdown/api-reference/rest-apis/bot-api.md#vabot-ex-createconvo","vabot-ex-createconvo","markdown/api-reference/rest-apis/bot-api.md","CREATE_CONVERSATION","create-a-chat-interaction","Create a chat interaction","h3","1529","30","link/candidate token overlap 0.50","start-a-conversation-initiated-using-the-start-created-conversation-action","65"
"low","65","missing target anchor","markdown/api-reference/rest-apis/bot-api.md","68","bot-api.md#vabot-ex-sendhist","bot-api.md#update-only-chat-history","markdown/api-reference/rest-apis/bot-api.md#vabot-ex-sendhist","vabot-ex-sendhist","markdown/api-reference/rest-apis/bot-api.md","SEND_HISTORY","update-only-chat-history","Update only chat history","h3","1740","30","link/candidate token overlap 0.50","virtual-agent-bot-integration-api","0"
"low","65","missing target anchor","markdown/api-reference/rest-apis/bot-api.md","77","bot-api.md#vabot-ex-updatemsg","bot-api.md#update-the-message-on-the-agent-chat-panel","markdown/api-reference/rest-apis/bot-api.md#vabot-ex-updatemsg","vabot-ex-updatemsg","markdown/api-reference/rest-apis/bot-api.md","UPDATE_MESSAGES","update-the-message-on-the-agent-chat-panel","Update the message on the agent chat panel","h3","1709","30","link/candidate token overlap 0.50","update-only-chat-history","65"
"low","65","missing target anchor","markdown/api-reference/rest-apis/Clotho-Time-Series-API.md","1032","Clotho-Time-Series-API.md#Supported_transforms","Clotho-Time-Series-API.md#supported-request-parameters","markdown/api-reference/rest-apis/Clotho-Time-Series-API.md#Supported_transforms","Supported_transforms","markdown/api-reference/rest-apis/Clotho-Time-Series-API.md","Supported Transforms","supported-request-parameters","Supported request parameters","h3","34","74","link/candidate token overlap 0.50","supported-request-parameters-1","65"
"low","65","missing target anchor","markdown/api-reference/rest-apis/Clotho-Time-Series-API.md","1055","Clotho-Time-Series-API.md#Supported_transforms","Clotho-Time-Series-API.md#supported-request-parameters","markdown/api-reference/rest-apis/Clotho-Time-Series-API.md#Supported_transforms","Supported_transforms","markdown/api-reference/rest-apis/Clotho-Time-Series-API.md","Supported transforms","supported-request-parameters","Supported request parameters","h3","34","74","link/candidate token overlap 0.50","supported-request-parameters-1","65"
"low","65","missing target anchor","markdown/api-reference/rest-apis/Clotho-Time-Series-API.md","1063","Clotho-Time-Series-API.md#Supported_transforms","Clotho-Time-Series-API.md#supported-request-parameters","markdown/api-reference/rest-apis/Clotho-Time-Series-API.md#Supported_transforms","Supported_transforms","markdown/api-reference/rest-apis/Clotho-Time-Series-API.md","Supported transforms","supported-request-parameters","Supported request parameters","h3","34","74","link/candidate token overlap 0.50","supported-request-parameters-1","65"
"low","65","missing target anchor","markdown/api-reference/rest-apis/Clotho-Time-Series-API.md","2330","Clotho-Time-Series-API.md#Supported_transforms","Clotho-Time-Series-API.md#supported-request-parameters","markdown/api-reference/rest-apis/Clotho-Time-Series-API.md#Supported_transforms","Supported_transforms","markdown/api-reference/rest-apis/Clotho-Time-Series-API.md","Supported Transforms","supported-request-parameters","Supported request parameters","h3","34","74","link/candidate token overlap 0.50","supported-request-parameters-1","65"
"low","65","missing target anchor","markdown/api-reference/rest-apis/Clotho-Time-Series-API.md","2353","Clotho-Time-Series-API.md#Supported_transforms","Clotho-Time-Series-API.md#supported-request-parameters","markdown/api-reference/rest-apis/Clotho-Time-Series-API.md#Supported_transforms","Supported_transforms","markdown/api-reference/rest-apis/Clotho-Time-Series-API.md","Supported transforms","supported-request-parameters","Supported request parameters","h3","34","74","link/candidate token overlap 0.50","supported-request-parameters-1","65"
"low","65","missing target anchor","markdown/api-reference/rest-apis/Clotho-Time-Series-API.md","2361","Clotho-Time-Series-API.md#Supported_transforms","Clotho-Time-Series-API.md#supported-request-parameters","markdown/api-reference/rest-apis/Clotho-Time-Series-API.md#Supported_transforms","Supported_transforms","markdown/api-reference/rest-apis/Clotho-Time-Series-API.md","Supported transforms","supported-request-parameters","Supported request parameters","h3","34","74","link/candidate token overlap 0.50","supported-request-parameters-1","65"
"none","0","missing target anchor","markdown/application-development/automated-test-framework-atf/atf-create-custom-step.md","64","atf-step-config-xmpls.md#qtf_33v_xw","","markdown/application-development/automated-test-framework-atf/atf-step-config-xmpls.md#qtf_33v_xw","qtf_33v_xw","markdown/application-development/automated-test-framework-atf/atf-step-config-xmpls.md",".","","","","","6","","order-field-example","0"
"none","0","missing target anchor","markdown/application-development/automated-test-framework-atf/atf-step-categories.md","22","atf-create-custom-category.md#qlp_fw2_zw","","markdown/application-development/automated-test-framework-atf/atf-create-custom-category.md#qlp_fw2_zw","qlp_fw2_zw","markdown/application-development/automated-test-framework-atf/atf-create-custom-category.md","Step Config Category Display name.","","","","","4","","before-you-begin","0"
"none","0","missing target anchor","markdown/application-development/now-assist-for-creator/generate-playbook-recommendations.md","43","generate-a-playbook-outline.md#configure-activity-inputs","","markdown/application-development/now-assist-for-creator/generate-a-playbook-outline.md#configure-activity-inputs","configure-activity-inputs","markdown/application-development/now-assist-for-creator/generate-a-playbook-outline.md","11.e","","","","","6","","before-you-begin","0"
"none","0","missing target anchor","markdown/application-development/servicenow-ide-family-release/convert-application-servicenow-ide.md","46","../building-applications-source-code.md#application-structure","","markdown/application-development/building-applications-source-code.md#application-structure","application-structure","markdown/application-development/building-applications-source-code.md","Application structure","","","","","5","","overview-of-development-in-source-code","0"
"none","0","missing target anchor","markdown/application-development/servicenow-ide-family-release/create-application-servicenow-ide.md","61","../building-applications-source-code.md#application-structure","","markdown/application-development/building-applications-source-code.md#application-structure","application-structure","markdown/application-development/building-applications-source-code.md","Application structure","","","","","5","","overview-of-development-in-source-code","0"
"none","0","missing target anchor","markdown/application-development/servicenow-ide-family-release/servicenow-ide-user-interface.md","72","../building-applications-source-code.md#application-structure","","markdown/application-development/building-applications-source-code.md#application-structure","application-structure","markdown/application-development/building-applications-source-code.md","Application structure","","","","","5","","overview-of-development-in-source-code","0"
"none","0","missing target anchor","markdown/application-development/servicenow-ide-family-release/tutorial-create-application-ide.md","90","../building-applications-source-code.md#application-structure","","markdown/application-development/building-applications-source-code.md#application-structure","application-structure","markdown/application-development/building-applications-source-code.md","Application structure","","","","","5","","overview-of-development-in-source-code","0"
"none","0","missing target anchor","markdown/application-development/servicenow-sdk/convert-application-now-sdk.md","85","../building-applications-source-code.md#application-structure","","markdown/application-development/building-applications-source-code.md#application-structure","application-structure","markdown/application-development/building-applications-source-code.md","Application structure","","","","","5","","overview-of-development-in-source-code","0"
"none","0","missing target anchor","markdown/application-development/servicenow-sdk/create-application-now-sdk.md","130","../building-applications-source-code.md#application-structure","","markdown/application-development/building-applications-source-code.md#application-structure","application-structure","markdown/application-development/building-applications-source-code.md","Application structure","","","","","5","","overview-of-development-in-source-code","0"
"none","0","missing target anchor","markdown/application-development/servicenow-studio-classic/t_ResolveConflicts.md","46","t_ResolveConflicts.md#SelectAction","","markdown/application-development/servicenow-studio-classic/t_ResolveConflicts.md#SelectAction","SelectAction","markdown/application-development/servicenow-studio-classic/t_ResolveConflicts.md","Step 3","","","","","10","","before-you-begin","0"
"none","0","missing target anchor","markdown/application-development/servicenow-studio-classic/t_ResolveConflicts.md","54","t_ResolveConflicts.md#Merge","","markdown/application-development/servicenow-studio-classic/t_ResolveConflicts.md#Merge","Merge","markdown/application-development/servicenow-studio-classic/t_ResolveConflicts.md","Step 6","","","","","10","","before-you-begin","0"
"none","0","missing target anchor","markdown/application-development/team-development/t_DefineARemoteInstance.md","40","t_DefineARemoteInstance.md#step-1-add-exception","","markdown/application-development/team-development/t_DefineARemoteInstance.md#step-1-add-exception","step-1-add-exception","markdown/application-development/team-development/t_DefineARemoteInstance.md","step 1","","","","","4","","before-you-begin","0"
"none","0","missing target anchor","markdown/application-development/team-development/t_DefineARemoteInstance.md","40","t_DefineARemoteInstance.md#step-5-submit","","markdown/application-development/team-development/t_DefineARemoteInstance.md#step-5-submit","step-5-submit","markdown/application-development/team-development/t_DefineARemoteInstance.md","step 5","","","","","4","","before-you-begin","0"
"none","0","missing target anchor","markdown/application-development/team-development/t_PushAVersion.md","62","t_PushAVersion.md#step-2-queue-local-changes","","markdown/application-development/team-development/t_PushAVersion.md#step-2-queue-local-changes","step-2-queue-local-changes","markdown/application-development/team-development/t_PushAVersion.md","step 2","","","","","7","","before-you-begin","0"
"none","0","missing target anchor","markdown/application-development/team-development/t_PushAVersion.md","79","t_PushAVersion.md#step-3-pull-versions","","markdown/application-development/team-development/t_PushAVersion.md#step-3-pull-versions","step-3-pull-versions","markdown/application-development/team-development/t_PushAVersion.md","step 3","","","","","7","","before-you-begin","0"
"none","0","missing target anchor","markdown/application-development/team-development/t_SelectTheParentInstance.md","50","t_SelectTheParentInstance.md#step-1-navigate-team-dashboard","","markdown/application-development/team-development/t_SelectTheParentInstance.md#step-1-navigate-team-dashboard","step-1-navigate-team-dashboard","markdown/application-development/team-development/t_SelectTheParentInstance.md","step 1","","","","","4","","before-you-begin","0"
"none","0","missing target anchor","markdown/application-development/team-development/t_SelectTheParentInstance.md","50","t_SelectTheParentInstance.md#step-2-click-link","","markdown/application-development/team-development/t_SelectTheParentInstance.md#step-2-click-link","step-2-click-link","markdown/application-development/team-development/t_SelectTheParentInstance.md","step 2","","","","","4","","before-you-begin","0"
"none","0","missing target anchor","markdown/application-development/ui-builder/bind-event-declarative-action.md","58","bind-event-declarative-action.md#step","","markdown/application-development/ui-builder/bind-event-declarative-action.md#step","step","markdown/application-development/ui-builder/bind-event-declarative-action.md","5","","","","","4","","before-you-begin","0"
"none","0","missing target anchor","markdown/application-development/ui-builder/workspace-side-navigation-settings.md","102","workspace-side-navigation-settings.md#step_edit-exp-settings","","markdown/application-development/ui-builder/workspace-side-navigation-settings.md#step_edit-exp-settings","step_edit-exp-settings","markdown/application-development/ui-builder/workspace-side-navigation-settings.md","3","","","","","5","","before-you-begin","0"
"none","0","missing target anchor","markdown/application-development/ui-builder/workspace-side-navigation-settings.md","102","workspace-side-navigation-settings.md#step_side-nav","","markdown/application-development/ui-builder/workspace-side-navigation-settings.md#step_side-nav","step_side-nav","markdown/application-development/ui-builder/workspace-side-navigation-settings.md","4","","","","","5","","before-you-begin","0"
"none","0","missing target anchor","markdown/build-workflows/workflow-studio/flow-triggers.md","422","flow-triggers.md#subflows-design-considerations","","markdown/build-workflows/workflow-studio/flow-triggers.md#subflows-design-considerations","subflows-design-considerations","markdown/build-workflows/workflow-studio/flow-triggers.md","subflow","","","","","12","","record-triggers","0"
"none","0","missing target anchor","markdown/build-workflows/workflow-studio/flows.md","154","flows.md#subflows-design-considerations","","markdown/build-workflows/workflow-studio/flows.md#subflows-design-considerations","subflows-design-considerations","markdown/build-workflows/workflow-studio/flows.md","subflows","","","","","10","","action-limit","0"
"none","0","missing target anchor","markdown/build-workflows/workflow-studio/flows.md","164","flows.md#subflows-design-considerations","","markdown/build-workflows/workflow-studio/flows.md#subflows-design-considerations","subflows-design-considerations","markdown/build-workflows/workflow-studio/flows.md","subflow","","","","","10","","action-limit","0"
"none","0","missing target anchor","markdown/build-workflows/workflow-studio/process-automation-designer-roles.md","137","content-filtering-playbooks.md#activity_def_req_roles","","markdown/build-workflows/workflow-studio/content-filtering-playbooks.md#activity_def_req_roles","activity_def_req_roles","markdown/build-workflows/workflow-studio/content-filtering-playbooks.md","Required Roles","","","","","5","","content-definitions","0"
"low","65","missing target anchor","markdown/build-workflows/workflow-studio/ssh-step-action-designer.md","153","jdbc-step.md#section_gqd_cy4_qhb","jdbc-step.md#sanitizing-inputs","markdown/build-workflows/workflow-studio/jdbc-step.md#section_gqd_cy4_qhb","section_gqd_cy4_qhb","markdown/build-workflows/workflow-studio/jdbc-step.md","Sanitizing arguments using the escape class and function","sanitizing-inputs","Sanitizing inputs","h2","27","6","link/candidate token overlap 0.50","jdbc-step","0"
"none","0","missing target anchor","markdown/build-workflows/workflow-studio/user-access-playbooks.md","190","content-filtering-playbooks.md#activity_def_req_roles","","markdown/build-workflows/workflow-studio/content-filtering-playbooks.md#activity_def_req_roles","activity_def_req_roles","markdown/build-workflows/workflow-studio/content-filtering-playbooks.md","Required Roles","","","","","5","","content-definitions","0"
"none","0","missing target anchor","markdown/conversational-interfaces/ac-configure-chat-branding.md","144","ac-configure-chat-branding.md#ul_b3w_xsv_jvb","","markdown/conversational-interfaces/ac-configure-chat-branding.md#ul_b3w_xsv_jvb","ul_b3w_xsv_jvb","markdown/conversational-interfaces/ac-configure-chat-branding.md","Change the color of items","","","","","6","","before-you-begin","0"
"none","0","missing target anchor","markdown/conversational-interfaces/ac-configure-chat-branding.md","145","ac-configure-chat-branding.md#customize-icons","","markdown/conversational-interfaces/ac-configure-chat-branding.md#customize-icons","customize-icons","markdown/conversational-interfaces/ac-configure-chat-branding.md","Customize the icons","","","","","6","","before-you-begin","0"
"none","0","missing target anchor","markdown/conversational-interfaces/ac-configure-chat-branding.md","146","ac-configure-chat-branding.md#customize-fonts","","markdown/conversational-interfaces/ac-configure-chat-branding.md#customize-fonts","customize-fonts","markdown/conversational-interfaces/ac-configure-chat-branding.md","Customize the fonts used in the chat","","","","","6","","before-you-begin","0"
"low","65","missing target anchor","markdown/conversational-interfaces/virtual-agent/conversation-tab-pae.md","35","conversation-tab-pae.md#section_mdz_4f3_stb","conversation-tab-pae.md#conversation-information","markdown/conversational-interfaces/virtual-agent/conversation-tab-pae.md#section_mdz_4f3_stb","section_mdz_4f3_stb","markdown/conversational-interfaces/virtual-agent/conversation-tab-pae.md","Download the conversation transcript","conversation-information","Conversation information","h2","53","6","link/candidate token overlap 0.50","conversations-tab","0"
"none","0","missing target anchor","markdown/conversational-interfaces/virtual-agent/link-msteams-bot-snow.md","27","create-msteams-bot-gcch.md#bot-details","","markdown/conversational-interfaces/virtual-agent/create-msteams-bot-gcch.md#bot-details","bot-details","markdown/conversational-interfaces/virtual-agent/create-msteams-bot-gcch.md","Retrieve bot details","","","","","3","","before-you-begin","0"
"none","0","missing target anchor","markdown/conversational-interfaces/virtual-agent/messg-fbm-capture-info.md","73","messg-fbm-setup.md#time-zone","","markdown/conversational-interfaces/virtual-agent/messg-fbm-setup.md#time-zone","time-zone","markdown/conversational-interfaces/virtual-agent/messg-fbm-setup.md","1.f","","","","","4","","before-you-begin","0"
"none","0","missing target anchor","markdown/conversational-interfaces/virtual-agent/messg-whatsapp-setup.md","161","messg-whatsapp-setup.md#wa-hash","","markdown/conversational-interfaces/virtual-agent/messg-whatsapp-setup.md#wa-hash","wa-hash","markdown/conversational-interfaces/virtual-agent/messg-whatsapp-setup.md","step 2","","","","","6","","before-you-begin","0"
"none","0","missing target anchor","markdown/conversational-interfaces/virtual-agent/messg-whatsapp-setup.md","169","messg-whatsapp-setup.md#wa-hash","","markdown/conversational-interfaces/virtual-agent/messg-whatsapp-setup.md#wa-hash","wa-hash","markdown/conversational-interfaces/virtual-agent/messg-whatsapp-setup.md","step 2","","","","","6","","before-you-begin","0"
"none","0","missing target anchor","markdown/conversational-interfaces/virtual-agent/messg-whatsapp-setup.md","218","messg-whatsapp-setup.md#wa-auth-record","","markdown/conversational-interfaces/virtual-agent/messg-whatsapp-setup.md#wa-auth-record","wa-auth-record","markdown/conversational-interfaces/virtual-agent/messg-whatsapp-setup.md","step 3","","","","","6","","before-you-begin","0"
"none","0","missing target anchor","markdown/conversational-interfaces/virtual-agent/teams-install-custom-app.md","33","create-bot-msteams.md#bot-details","","markdown/conversational-interfaces/virtual-agent/create-bot-msteams.md#bot-details","bot-details","markdown/conversational-interfaces/virtual-agent/create-bot-msteams.md","Retrieve bot details","","","","","4","","before-you-begin","0"
"none","0","missing target anchor","markdown/conversational-interfaces/virtual-agent/va-interactions.md","148","va-interactions.md#section_vxj_vcq_b4b","","markdown/conversational-interfaces/virtual-agent/va-interactions.md#section_vxj_vcq_b4b","section_vxj_vcq_b4b","markdown/conversational-interfaces/virtual-agent/va-interactions.md","Reasons for Closed Complete and Closed Abandoned states","","","","","7","","interactions-interaction-table","0"
"none","0","missing target anchor","markdown/conversational-interfaces/virtual-agent/va-interactions.md","156","va-interactions.md#section_vxj_vcq_b4b","","markdown/conversational-interfaces/virtual-agent/va-interactions.md#section_vxj_vcq_b4b","section_vxj_vcq_b4b","markdown/conversational-interfaces/virtual-agent/va-interactions.md","Reasons for Closed Complete and Closed Abandoned states","","","","","7","","interactions-interaction-table","0"
"none","0","missing target anchor","markdown/customer-service-management/aem-style-components.md","107","aem-style-components.md#table_vhh_gjm_2mb","","markdown/customer-service-management/aem-style-components.md#table_vhh_gjm_2mb","table_vhh_gjm_2mb","markdown/customer-service-management/aem-style-components.md","Color variable settings","","","","","9","","modify-the-color-theme-for-all-servicenow-components-in-aem","0"
"low","65","missing target anchor","markdown/customer-service-management/c_OnScreenAlerts.md","26","c_OnScreenAlerts.md#section_why_gwg_scc","c_OnScreenAlerts.md#special-handling-notes-pop-up-window","markdown/customer-service-management/c_OnScreenAlerts.md#section_why_gwg_scc","section_why_gwg_scc","markdown/customer-service-management/c_OnScreenAlerts.md","In a pop-up window that appears when a user accesses a form","special-handling-notes-pop-up-window","Special handling notes pop-up window","h2","98","10","link/candidate token overlap 0.50","special-handling-notes","0"
"none","0","missing target anchor","markdown/customer-service-management/c_OnScreenAlerts.md","27","c_OnScreenAlerts.md#section_myw_fwg_scc","","markdown/customer-service-management/c_OnScreenAlerts.md#section_myw_fwg_scc","section_myw_fwg_scc","markdown/customer-service-management/c_OnScreenAlerts.md","In an embedded list or a related list on a record form","","","","","10","","configuring-special-handling-notes","0"
"none","0","missing target anchor","markdown/customer-service-management/case-categorization-components.md","81","case-categorization-components.md#table_njw_ztt_d1c","","markdown/customer-service-management/case-categorization-components.md#table_njw_ztt_d1c","table_njw_ztt_d1c","markdown/customer-service-management/case-categorization-components.md","Logic for Skipped field values","","","","","12","","tables","0"
"none","0","missing target anchor","markdown/customer-service-management/csm-case-lines-case-line-page.md","25","csm-case-mgmt-case-lines-install-comp.md#section_owr_n1r_hfc","","markdown/customer-service-management/csm-case-mgmt-case-lines-install-comp.md#section_owr_n1r_hfc","section_owr_n1r_hfc","markdown/customer-service-management/csm-case-mgmt-case-lines-install-comp.md","sn_customerservice.advanced_entitlements","","","","","5","","tables","0"
"none","0","missing target anchor","markdown/customer-service-management/csm-case-type-onboarding.md","67","csm-playbook-layout.md#section_oq5_3yw_5pb","","markdown/customer-service-management/csm-playbook-layout.md#section_oq5_3yw_5pb","section_oq5_3yw_5pb","markdown/customer-service-management/csm-playbook-layout.md","Focused activity view","","","","","8","","table_j4r_cww_5pb","0"
"none","0","missing target anchor","markdown/customer-service-management/csm-case-type-select-modals.md","24","csm-case-type-select-modals.md#section_p3t_k3f_svb","","markdown/customer-service-management/csm-case-type-select-modals.md#section_p3t_k3f_svb","section_p3t_k3f_svb","markdown/customer-service-management/csm-case-type-select-modals.md","properties","","","","","7","","overview","0"
"none","0","missing target anchor","markdown/customer-service-management/csm-centered-chat-interaction-page.md","195","csm-centered-chat-interaction-page.md#section_imd_r1b_ldc","","markdown/customer-service-management/csm-centered-chat-interaction-page.md#section_imd_r1b_ldc","section_imd_r1b_ldc","markdown/customer-service-management/csm-centered-chat-interaction-page.md","Customer History component","","","","","13","","page-structure","0"
"low","65","missing target anchor","markdown/customer-service-management/csm-config-workspace-page-templates.md","73","csm-default-record-page.md#section_j3d_fyf_2xb","csm-default-record-page.md#collaborate-component","markdown/customer-service-management/csm-default-record-page.md#section_j3d_fyf_2xb","section_j3d_fyf_2xb","markdown/customer-service-management/csm-default-record-page.md","User presence component","collaborate-component","Collaborate component","h2","192","11","link/candidate token overlap 0.50","csm-default-record-page","0"
"none","0","missing target anchor","markdown/customer-service-management/csm-front-line-case-page.md","214","csm-front-line-case-page.md#section_urr_nrh_s1c","","markdown/customer-service-management/csm-front-line-case-page.md#section_urr_nrh_s1c","section_urr_nrh_s1c","markdown/customer-service-management/csm-front-line-case-page.md","Related lists component","","","","","15","","front-line-case-page-variant","0"
"none","0","missing target anchor","markdown/customer-service-management/csm-front-line-case-page.md","362","csm-front-line-case-page.md#section_j54_wlv_sdc","","markdown/customer-service-management/csm-front-line-case-page.md#section_j54_wlv_sdc","section_j54_wlv_sdc","markdown/customer-service-management/csm-front-line-case-page.md","Attach and share article","","","","","15","","front-line-case-page-variant","0"
"none","0","missing target anchor","markdown/customer-service-management/csm-front-line-case-page.md","432","csm-front-line-case-page.md#section_urr_nrh_s1c","","markdown/customer-service-management/csm-front-line-case-page.md#section_urr_nrh_s1c","section_urr_nrh_s1c","markdown/customer-service-management/csm-front-line-case-page.md","Related lists component","","","","","15","","front-line-case-page-variant","0"
"low","67","missing target anchor","markdown/customer-service-management/csm-invoice-operations.md","18","invoice-ops-installed-components.md#section_rvn_g3d_hdc","invoice-ops-installed-components.md#components-installed-with-case-management-for-invoice-operations","markdown/customer-service-management/invoice-ops-installed-components.md#section_rvn_g3d_hdc","section_rvn_g3d_hdc","markdown/customer-service-management/invoice-ops-installed-components.md","Invoice case type","components-installed-with-case-management-for-invoice-operations","Components installed with Case Management for Invoice Operations","h1","12","12","link/candidate token overlap 0.67","invoice-case-form-views","67"
"none","0","missing target anchor","markdown/customer-service-management/csm-native-voice-record-page.md","24","csm-native-voice-record-page.md#section_vx4_fzz_kdc","","markdown/customer-service-management/csm-native-voice-record-page.md#section_vx4_fzz_kdc","section_vx4_fzz_kdc","markdown/customer-service-management/csm-native-voice-record-page.md","OpenFrame configuration","","","","","16","","page-structure","0"
"none","0","missing target anchor","markdown/customer-service-management/csm-native-voice-record-page.md","33","csm-native-voice-record-page.md#section_vx4_fzz_kdc","","markdown/customer-service-management/csm-native-voice-record-page.md#section_vx4_fzz_kdc","section_vx4_fzz_kdc","markdown/customer-service-management/csm-native-voice-record-page.md","OpenFrame configuration","","","","","16","","page-structure","0"
"none","0","missing target anchor","markdown/customer-service-management/csm-native-voice-record-page.md","37","csm-native-voice-record-page.md#section_f2q_wcb_ldc","","markdown/customer-service-management/csm-native-voice-record-page.md#section_f2q_wcb_ldc","section_f2q_wcb_ldc","markdown/customer-service-management/csm-native-voice-record-page.md","Interaction Controls Component (ICC)","","","","","16","","page-structure","0"
"none","0","missing target anchor","markdown/customer-service-management/csm-native-voice-record-page.md","69","csm-native-voice-record-page.md#section_vx4_fzz_kdc","","markdown/customer-service-management/csm-native-voice-record-page.md#section_vx4_fzz_kdc","section_vx4_fzz_kdc","markdown/customer-service-management/csm-native-voice-record-page.md","OpenFrame configuration","","","","","16","","page-structure","0"
"none","0","missing target anchor","markdown/customer-service-management/csm-native-voice-record-page.md","106","csm-native-voice-record-page.md#section_vx4_fzz_kdc","","markdown/customer-service-management/csm-native-voice-record-page.md#section_vx4_fzz_kdc","section_vx4_fzz_kdc","markdown/customer-service-management/csm-native-voice-record-page.md","OpenFrame configuration","","","","","16","","page-structure","0"
"none","0","missing target anchor","markdown/customer-service-management/csm-native-voice-record-page.md","170","csm-native-voice-record-page.md#section_f2q_wcb_ldc","","markdown/customer-service-management/csm-native-voice-record-page.md#section_f2q_wcb_ldc","section_f2q_wcb_ldc","markdown/customer-service-management/csm-native-voice-record-page.md","Interaction Controls Component (ICC)","","","","","16","","page-structure","0"
"none","0","missing target anchor","markdown/customer-service-management/csm-native-voice-record-page.md","174","csm-native-voice-record-page.md#section_vx4_fzz_kdc","","markdown/customer-service-management/csm-native-voice-record-page.md#section_vx4_fzz_kdc","section_vx4_fzz_kdc","markdown/customer-service-management/csm-native-voice-record-page.md","OpenFrame configuration","","","","","16","","page-structure","0"
"none","0","missing target anchor","markdown/customer-service-management/csm-native-voice-record-page.md","243","csm-native-voice-record-page.md#section_vx4_fzz_kdc","","markdown/customer-service-management/csm-native-voice-record-page.md#section_vx4_fzz_kdc","section_vx4_fzz_kdc","markdown/customer-service-management/csm-native-voice-record-page.md","OpenFrame configuration","","","","","16","","page-structure","0"
"none","0","missing target anchor","markdown/customer-service-management/csm-order-ops-order-case-record-page.md","156","csm-front-line-case-page.md#section_urr_nrh_s1c","","markdown/customer-service-management/csm-front-line-case-page.md#section_urr_nrh_s1c","section_urr_nrh_s1c","markdown/customer-service-management/csm-front-line-case-page.md","Related Lists","","","","","15","","front-line-case-page-variant","0"
"none","0","missing target anchor","markdown/customer-service-management/csm-playbook-complaint-overview.md","67","csm-playbook-layout.md#section_oq5_3yw_5pb","","markdown/customer-service-management/csm-playbook-layout.md#section_oq5_3yw_5pb","section_oq5_3yw_5pb","markdown/customer-service-management/csm-playbook-layout.md","Focused activity view","","","","","8","","table_j4r_cww_5pb","0"
"none","0","missing target anchor","markdown/customer-service-management/csm-playbook-pages.md","174","csm-playbook-templates.md#section_uyk_sp3_cxb","","markdown/customer-service-management/csm-playbook-templates.md#section_uyk_sp3_cxb","section_uyk_sp3_cxb","markdown/customer-service-management/csm-playbook-templates.md","horizontal stage picker","","","","","5","","case-playbook-horizontal-stages-page-template","0"
"low","68","missing target anchor","markdown/customer-service-management/csm-playbook-pages.md","175","csm-playbook-layout.md#section_oq5_3yw_5pb","csm-playbook-layout.md#playbook-activities","markdown/customer-service-management/csm-playbook-layout.md#section_oq5_3yw_5pb","section_oq5_3yw_5pb","markdown/customer-service-management/csm-playbook-layout.md","playbook activity view","playbook-activities","Playbook activities","h2","131","8","link/candidate token overlap 0.50; link/candidate text similarity 0.82","playbook-stages","65"
"none","0","missing target anchor","markdown/customer-service-management/csm-playbook-product-support.md","57","csm-playbook-layout.md#section_oq5_3yw_5pb","","markdown/customer-service-management/csm-playbook-layout.md#section_oq5_3yw_5pb","section_oq5_3yw_5pb","markdown/customer-service-management/csm-playbook-layout.md","Focused activity view","","","","","8","","table_j4r_cww_5pb","0"
"none","0","missing target anchor","markdown/customer-service-management/csm-workspace-chat-session-tabs.md","52","csm-workspace-chat-session-tabs.md#section_u4x_lgx_s2c","","markdown/customer-service-management/csm-workspace-chat-session-tabs.md#section_u4x_lgx_s2c","section_u4x_lgx_s2c","markdown/customer-service-management/csm-workspace-chat-session-tabs.md","SLA threshold timers","","","","","12","","benefits","0"
"low","67","missing target anchor","markdown/customer-service-management/csm-workspace-form-headers.md","16","csm-front-line-case-page.md#section_nbp_lfh_zdc","csm-front-line-case-page.md#record-presence-feature","markdown/customer-service-management/csm-front-line-case-page.md#section_nbp_lfh_zdc","section_nbp_lfh_zdc","markdown/customer-service-management/csm-front-line-case-page.md","record presence component","record-presence-feature","Record presence feature","h2","464","15","link/candidate token overlap 0.67","front-line-case-page","0"
"low","67","missing target anchor","markdown/customer-service-management/interaction-wrapup-modeless-dialog.md","29","interaction-wrapup-modeless-dialog.md#section_p2w_wj3_zdc","interaction-wrapup-modeless-dialog.md#interaction-wrap-up-with-modeless-dialog","markdown/customer-service-management/interaction-wrapup-modeless-dialog.md#section_p2w_wj3_zdc","section_p2w_wj3_zdc","markdown/customer-service-management/interaction-wrapup-modeless-dialog.md","wrap-up segments","interaction-wrap-up-with-modeless-dialog","Interaction wrap up with modeless dialog","h1","12","11","link/candidate token overlap 0.67","interaction-wrap-up-features","67"
"none","0","missing target anchor","markdown/customer-service-management/now-assist-for-csm/now-assist-csm-exploring.md","173","../../conversational-interfaces/now-assist-in-virtual-agent/using-now-assist-in-va.md#section_pl4_zjw_jzb","","markdown/conversational-interfaces/now-assist-in-virtual-agent/using-now-assist-in-va.md#section_pl4_zjw_jzb","section_pl4_zjw_jzb","markdown/conversational-interfaces/now-assist-in-virtual-agent/using-now-assist-in-va.md","Multi-turn catalog ordering","","","","","6","","standard-chat-and-enhanced-chat","0"
"low","68","missing target anchor","markdown/customer-service-management/playbook-select-activity-view.md","22","csm-playbook-layout.md#section_oq5_3yw_5pb","csm-playbook-layout.md#playbook-activities","markdown/customer-service-management/csm-playbook-layout.md#section_oq5_3yw_5pb","section_oq5_3yw_5pb","markdown/customer-service-management/csm-playbook-layout.md","playbook activity view","playbook-activities","Playbook activities","h2","131","8","link/candidate token overlap 0.50; link/candidate text similarity 0.82","playbook-stages","65"
"none","0","missing target anchor","markdown/customer-service-management/ra-csm-configure.md","37","ra-csm-custom-guidances.md#section_ny1_ccb_c2c","","markdown/customer-service-management/ra-csm-custom-guidances.md#section_ny1_ccb_c2c","section_ny1_ccb_c2c","markdown/customer-service-management/ra-csm-custom-guidances.md","Incident","","","","","6","","knowledge-guidance","0"
"low","66","missing target anchor","markdown/customer-service-management/ra-csm-create-context-inputs.md","70","ra-csm-dynamic-context-inputs.md#section-config-ra-ci","ra-csm-dynamic-context-inputs.md#context-inputs-in-recommended-actions","markdown/customer-service-management/ra-csm-dynamic-context-inputs.md#section-config-ra-ci","section-config-ra-ci","markdown/customer-service-management/ra-csm-dynamic-context-inputs.md","Recommended Actions component on the record page in the UI Builder","context-inputs-in-recommended-actions","Context inputs in Recommended Actions","h1","13","4","link/candidate token overlap 0.60","configuring-a-context-using-a-context-input","0"
"low","69","missing target anchor","markdown/customer-service-management/ra-csm-guidances-attach-share-article.md","20","ra-csm-guidances-attach-share-article.md#section_yvx_rm4_cdc","ra-csm-guidances-attach-share-article.md#attach-and-add-links-in-comments","markdown/customer-service-management/ra-csm-guidances-attach-share-article.md#section_yvx_rm4_cdc","section_yvx_rm4_cdc","markdown/customer-service-management/ra-csm-guidances-attach-share-article.md","Attach and add link in comment","attach-and-add-links-in-comments","Attach and add links in comments","h2","178","9","link/candidate token overlap 0.67; link/candidate text similarity 0.94","attach-and-share-article-guidance","0"
"none","0","missing target anchor","markdown/customer-service-management/ra-csm-guidances-attach-share-article.md","22","ra-csm-guidances-attach-share-article.md#section_qll_xm4_cdc","","markdown/customer-service-management/ra-csm-guidances-attach-share-article.md#section_qll_xm4_cdc","section_qll_xm4_cdc","markdown/customer-service-management/ra-csm-guidances-attach-share-article.md","Add link in work notes","","","","","9","","modal-and-modeless-dialog-experiences","0"
"low","67","missing target anchor","markdown/customer-service-management/ra-csm-guidances-attach-share-article.md","23","ra-csm-guidances-attach-share-article.md#section_bfj_1n4_cdc","ra-csm-guidances-attach-share-article.md#attach-and-add-links-in-comments","markdown/customer-service-management/ra-csm-guidances-attach-share-article.md#section_bfj_1n4_cdc","section_bfj_1n4_cdc","markdown/customer-service-management/ra-csm-guidances-attach-share-article.md","Attach and add link in email","attach-and-add-links-in-comments","Attach and add links in comments","h2","178","9","link/candidate token overlap 0.67","attach-and-share-article-guidance","0"
"low","65","missing target anchor","markdown/customer-service-management/ra-csm-guidances-attach-share-article.md","25","ra-csm-guidances.md#section_d5n_l2f_ddc","ra-csm-guidances.md#guidances-in-recommended-actions","markdown/customer-service-management/ra-csm-guidances.md#section_d5n_l2f_ddc","section_d5n_l2f_ddc","markdown/customer-service-management/ra-csm-guidances.md","Configuring guidances in UI Builder","guidances-in-recommended-actions","Guidances in Recommended Actions","h1","12","4","link/candidate token overlap 0.50","table_myy_ymj_cdc","0"
"low","65","missing target anchor","markdown/customer-service-management/ra-csm-guidances-attach-share-article.md","36","ra-csm-guidances.md#section_d5n_l2f_ddc","ra-csm-guidances.md#guidances-in-recommended-actions","markdown/customer-service-management/ra-csm-guidances.md#section_d5n_l2f_ddc","section_d5n_l2f_ddc","markdown/customer-service-management/ra-csm-guidances.md","Configuring guidances in UI Builder","guidances-in-recommended-actions","Guidances in Recommended Actions","h1","12","4","link/candidate token overlap 0.50","table_myy_ymj_cdc","0"
"low","67","missing target anchor","markdown/customer-service-management/ra-csm-guidances-attach-share-article.md","131","ra-csm-guidances-attach-share-article.md#section_bfj_1n4_cdc","ra-csm-guidances-attach-share-article.md#attach-and-add-links-in-comments","markdown/customer-service-management/ra-csm-guidances-attach-share-article.md#section_bfj_1n4_cdc","section_bfj_1n4_cdc","markdown/customer-service-management/ra-csm-guidances-attach-share-article.md","Attach and add link in email","attach-and-add-links-in-comments","Attach and add links in comments","h2","178","9","link/candidate token overlap 0.67","attach-and-share-article-guidance","0"
"low","69","missing target anchor","markdown/customer-service-management/ra-csm-guidances-attach-share-article.md","132","ra-csm-guidances-attach-share-article.md#section_yvx_rm4_cdc","ra-csm-guidances-attach-share-article.md#attach-and-add-links-in-comments","markdown/customer-service-management/ra-csm-guidances-attach-share-article.md#section_yvx_rm4_cdc","section_yvx_rm4_cdc","markdown/customer-service-management/ra-csm-guidances-attach-share-article.md","Attach and add link in comment","attach-and-add-links-in-comments","Attach and add links in comments","h2","178","9","link/candidate token overlap 0.67; link/candidate text similarity 0.94","attach-and-share-article-guidance","0"
"low","67","missing target anchor","markdown/customer-service-management/ra-csm-guidances-attach-share-article.md","158","ra-csm-guidances-attach-share-article.md#section_bfj_1n4_cdc","ra-csm-guidances-attach-share-article.md#attach-and-add-links-in-comments","markdown/customer-service-management/ra-csm-guidances-attach-share-article.md#section_bfj_1n4_cdc","section_bfj_1n4_cdc","markdown/customer-service-management/ra-csm-guidances-attach-share-article.md","Attach and add link in email","attach-and-add-links-in-comments","Attach and add links in comments","h2","178","9","link/candidate token overlap 0.67","attach-and-share-article-guidance","0"
"low","69","missing target anchor","markdown/customer-service-management/ra-csm-guidances-attach-share-article.md","159","ra-csm-guidances-attach-share-article.md#section_yvx_rm4_cdc","ra-csm-guidances-attach-share-article.md#attach-and-add-links-in-comments","markdown/customer-service-management/ra-csm-guidances-attach-share-article.md#section_yvx_rm4_cdc","section_yvx_rm4_cdc","markdown/customer-service-management/ra-csm-guidances-attach-share-article.md","Attach and add link in comment","attach-and-add-links-in-comments","Attach and add links in comments","h2","178","9","link/candidate token overlap 0.67; link/candidate text similarity 0.94","attach-and-share-article-guidance","0"
"none","0","missing target anchor","markdown/customer-service-management/setting-up-csm-playbooks.md","32","setting-up-csm-playbooks.md#section_mvs_sqc_ybc","","markdown/customer-service-management/setting-up-csm-playbooks.md#section_mvs_sqc_ybc","section_mvs_sqc_ybc","markdown/customer-service-management/setting-up-csm-playbooks.md","Configuring and configuring playbooks","","","","","8","","playbook-overview","0"
"none","0","missing target anchor","markdown/customer-service-management/setting-up-guided-decisions.md","49","components-installed-with-guided-decisions.md#section_jym_wrd_ywb","","markdown/customer-service-management/components-installed-with-guided-decisions.md#section_jym_wrd_ywb","section_jym_wrd_ywb","markdown/customer-service-management/components-installed-with-guided-decisions.md","Assign roles to Guided Decisions users","","","","","6","","tables","0"
"low","65","missing target anchor","markdown/customer-service-management/workforce-optimization-for-customer-service/explore-demand-forecast-configurable-wfo-cs.md","79","components-installed-configurable-wfo-cs.md#forecast-properties","components-installed-configurable-wfo-cs.md#demand-forecast","markdown/customer-service-management/workforce-optimization-for-customer-service/components-installed-configurable-wfo-cs.md#forecast-properties","forecast-properties","markdown/customer-service-management/workforce-optimization-for-customer-service/components-installed-configurable-wfo-cs.md","Forecast properties","demand-forecast","Demand forecast","h2","616","28","link/candidate token overlap 0.50","components-installed-with-workforce-optimization-for-customer-service","0"
"none","0","missing target anchor","markdown/customer-service-management/workforce-optimization-for-customer-service/explore-demand-forecast-configurable-wfo-cs.md","93","components-installed-configurable-wfo-cs.md#table_qtg_pwr_zmb","","markdown/customer-service-management/workforce-optimization-for-customer-service/components-installed-configurable-wfo-cs.md#table_qtg_pwr_zmb","table_qtg_pwr_zmb","markdown/customer-service-management/workforce-optimization-for-customer-service/components-installed-configurable-wfo-cs.md","Formula parameters","","","","","28","","workforce-optimization-for-customer-service","0"
"none","0","missing target anchor","markdown/employee-service-management/contact-tracing/create-exposure-case.md","26","../emergency-self-report/emergency-self-report.md#section_tfx_xw5_1lb","","markdown/employee-service-management/emergency-self-report/emergency-self-report.md#section_tfx_xw5_1lb","section_tfx_xw5_1lb","markdown/employee-service-management/emergency-self-report/emergency-self-report.md","self-reporting option","","","","","9","","users-can-report-their-status","0"
"none","0","missing target anchor","markdown/employee-service-management/contact-tracing/exposure-case-management.md","39","../emergency-self-report/emergency-self-report.md#section_tfx_xw5_1lb","","markdown/employee-service-management/emergency-self-report/emergency-self-report.md#section_tfx_xw5_1lb","section_tfx_xw5_1lb","markdown/employee-service-management/emergency-self-report/emergency-self-report.md","self-reporting option","","","","","9","","users-can-report-their-status","0"
"low","65","missing target anchor","markdown/employee-service-management/employee-experience-foundation/ecpro-content-analytics-setup.md","93","ecpro-content-automation-analytics.md#section-collected-data","ecpro-content-automation-analytics.md#data-collection-and-storage","markdown/employee-service-management/employee-experience-foundation/ecpro-content-automation-analytics.md#section-collected-data","section-collected-data","markdown/employee-service-management/employee-experience-foundation/ecpro-content-automation-analytics.md","Collected data","data-collection-and-storage","Data collection and storage","h2","55","5","link/candidate token overlap 0.50","content-analytics","0"
"none","0","missing target anchor","markdown/employee-service-management/employee-service-management/add-recommended-action-matter-task-1.md","31","../legal-investigations/legal-investigations-matter-task-form.md#p_recommaction_fields","","markdown/employee-service-management/legal-investigations/legal-investigations-matter-task-form.md#p_recommaction_fields","p_recommaction_fields","markdown/employee-service-management/legal-investigations/legal-investigations-matter-task-form.md","fields specific to the recommended action","","","","","3","","table_y53_qfp_kjb","0"
"none","0","missing target anchor","markdown/employee-service-management/employee-service-management/add-recommended-action-matter-task.md","31","../legal-investigations/legal-investigations-matter-task-form.md#p_recommaction_fields","","markdown/employee-service-management/legal-investigations/legal-investigations-matter-task-form.md#p_recommaction_fields","p_recommaction_fields","markdown/employee-service-management/legal-investigations/legal-investigations-matter-task-form.md","fields specific to the recommended action","","","","","3","","table_y53_qfp_kjb","0"
"low","66","missing target anchor","markdown/employee-service-management/legal-conflict-of-interest/approve-reject-coi-request.md","28","conflict-of-interest-overview.md#section_COI_Approal_Flow","conflict-of-interest-overview.md#exploring-legal-conflict-of-interest","markdown/employee-service-management/legal-conflict-of-interest/conflict-of-interest-overview.md#section_COI_Approal_Flow","section_COI_Approal_Flow","markdown/employee-service-management/legal-conflict-of-interest/conflict-of-interest-overview.md","Conflict of Interest – Approval flow","exploring-legal-conflict-of-interest","Exploring Legal Conflict of Interest","h1","15","8","link/candidate token overlap 0.60","legal-conflict-of-interest-overview","66"
"none","0","missing target anchor","markdown/employee-service-management/legal-investigations/add-interview-matter-task.md","34","legal-investigations-matter-task-form.md#p_interview_fields","","markdown/employee-service-management/legal-investigations/legal-investigations-matter-task-form.md#p_interview_fields","p_interview_fields","markdown/employee-service-management/legal-investigations/legal-investigations-matter-task-form.md","fields specific to the interview","","","","","3","","table_y53_qfp_kjb","0"
"none","0","missing target anchor","markdown/employee-service-management/legal-investigations/submit-complaint-employee-center.md","114","integrate-lsd-hrsd.md#step_li_prop_group","","markdown/employee-service-management/legal-investigations/integrate-lsd-hrsd.md#step_li_prop_group","step_li_prop_group","markdown/employee-service-management/legal-investigations/integrate-lsd-hrsd.md","the assignment group as configured","","","","","3","","before-you-begin","0"
"none","0","missing target anchor","markdown/employee-service-management/legal-request-management/close-legal-request.md","82","legal-properties.md#prop_lrm_request_open","","markdown/employee-service-management/legal-request-management/legal-properties.md#prop_lrm_request_open","prop_lrm_request_open","markdown/employee-service-management/legal-request-management/legal-properties.md","system property","","","","","3","","table_zpv_stv_b5b","0"
"low","65","missing target anchor","markdown/employee-service-management/legal-service-delivery/configure-legal-va.md","24","legal-va-conversations.md#section_legal_va_convo","legal-va-conversations.md#legal-virtual-agent-conversations","markdown/employee-service-management/legal-service-delivery/legal-va-conversations.md#section_legal_va_convo","section_legal_va_convo","markdown/employee-service-management/legal-service-delivery/legal-va-conversations.md","virtual agent conversation topics","legal-virtual-agent-conversations","Legal Virtual Agent Conversations","h1","14","3","link/candidate token overlap 0.50","predefined-conversation-topics-for-legal-service-delivery","65"
"none","0","missing target anchor","markdown/employee-service-management/legal-simple-contracts/schedule-import-sales-contract-crm.md","48","installed-with-legal-simple-contracts.md#section_scheduled_jobs","","markdown/employee-service-management/legal-simple-contracts/installed-with-legal-simple-contracts.md#section_scheduled_jobs","section_scheduled_jobs","markdown/employee-service-management/legal-simple-contracts/installed-with-legal-simple-contracts.md","Scheduled data imports","","","","","5","","roles","0"
"none","0","missing target anchor","markdown/employee-service-management/now-assist-for-wsd/maintenance-meeting-room-agent-ai.md","50","maintenance-meeting-room-agent-ai.md#section_bc5_ykn_x2c","","markdown/employee-service-management/now-assist-for-wsd/maintenance-meeting-room-agent-ai.md#section_bc5_ykn_x2c","section_bc5_ykn_x2c","markdown/employee-service-management/now-assist-for-wsd/maintenance-meeting-room-agent-ai.md","Select display","","","","","6","","manage-temporary-space-closures-workflow-overview","0"
"none","0","missing target anchor","markdown/employee-service-management/now-assist-for-wsd/manage-workplace-reservations-agent-ai.md","48","manage-workplace-reservations-agent-ai.md#section_bc5_ykn_x2c","","markdown/employee-service-management/now-assist-for-wsd/manage-workplace-reservations-agent-ai.md#section_bc5_ykn_x2c","section_bc5_ykn_x2c","markdown/employee-service-management/now-assist-for-wsd/manage-workplace-reservations-agent-ai.md","Select display","","","","","5","","help-manage-workplace-reservations","0"
"none","0","missing target anchor","markdown/field-service-management/work-order-management/t_CreateAWorkOrder.md","236","c_QualifyWorkOrders.md#AutomaticConfiguration","","markdown/field-service-management/work-order-management/c_QualifyWorkOrders.md#AutomaticConfiguration","AutomaticConfiguration","markdown/field-service-management/work-order-management/c_QualifyWorkOrders.md","automatic qualification","","","","","2","","filtering-available-dispatch-groups","0"
"none","0","missing target anchor","markdown/field-service-management/work-order-management/t_RequestAdditionalInformation.md","32","c_QualifyWorkOrders.md#AutomaticConfiguration","","markdown/field-service-management/work-order-management/c_QualifyWorkOrders.md#AutomaticConfiguration","AutomaticConfiguration","markdown/field-service-management/work-order-management/c_QualifyWorkOrders.md","automatic qualification","","","","","2","","filtering-available-dispatch-groups","0"
"none","0","missing target anchor","markdown/field-service-management/work-order-management/t_UseTheWorkOrderTemplate.md","30","c_QualifyWorkOrders.md#AutomaticConfiguration","","markdown/field-service-management/work-order-management/c_QualifyWorkOrders.md#AutomaticConfiguration","AutomaticConfiguration","markdown/field-service-management/work-order-management/c_QualifyWorkOrders.md","automatic qualification","","","","","2","","filtering-available-dispatch-groups","0"
"none","0","missing target anchor","markdown/financial-services-operations/configuring-fso-document-processor.md","16","components-installed-fso-document-processor.md#section_yj4_wgs_mhc","","markdown/financial-services-operations/components-installed-fso-document-processor.md#section_yj4_wgs_mhc","section_yj4_wgs_mhc","markdown/financial-services-operations/components-installed-fso-document-processor.md","UI Builder components","","","","","5","","roles-installed","0"
"none","0","missing target anchor","markdown/financial-services-operations/fso-int_guide-table_defs.md","18","fso-int_guide-table_defs.md#sn_bom_credit_card","","markdown/financial-services-operations/fso-int_guide-table_defs.md#sn_bom_credit_card","sn_bom_credit_card","markdown/financial-services-operations/fso-int_guide-table_defs.md","Credit Card [sn_bom_credit_card] table","","","","","777","","consumer-csm-consumer-table","0"
"none","0","missing target anchor","markdown/financial-services-operations/fso-int_guide-table_defs.md","19","fso-int_guide-table_defs.md#sn_bom_credit_card_service","","markdown/financial-services-operations/fso-int_guide-table_defs.md#sn_bom_credit_card_service","sn_bom_credit_card_service","markdown/financial-services-operations/fso-int_guide-table_defs.md","Credit Card Service [sn_bom_credit_card_service] table","","","","","777","","consumer-csm-consumer-table","0"
"none","0","missing target anchor","markdown/financial-services-operations/fso-int_guide-table_defs.md","20","fso-int_guide-table_defs.md#sn_bom_document_inbound_document","","markdown/financial-services-operations/fso-int_guide-table_defs.md#sn_bom_document_inbound_document","sn_bom_document_inbound_document","markdown/financial-services-operations/fso-int_guide-table_defs.md","Inbound Document [sn_bom_document_inbound_document] table","","","","","777","","consumer-csm-consumer-table","0"
"low","66","missing target anchor","markdown/financial-services-operations/fso-int_guide-table_defs.md","21","fso-int_guide-table_defs.md#sn_bom_loan_service","fso-int_guide-table_defs.md#loan_service_case-active-row","markdown/financial-services-operations/fso-int_guide-table_defs.md#sn_bom_loan_service","sn_bom_loan_service","markdown/financial-services-operations/fso-int_guide-table_defs.md","Loan Service Case [sn_bom_loan_service] table","loan_service_case-active-row","loan_service_case-active-row","html-id","2465","777","link/candidate token overlap 0.60","loan_service_case-active-entry","66"
"none","0","missing target anchor","markdown/financial-services-operations/fso-int_guide-table_defs.md","22","fso-int_guide-table_defs.md#sn_bom_mortgage","","markdown/financial-services-operations/fso-int_guide-table_defs.md#sn_bom_mortgage","sn_bom_mortgage","markdown/financial-services-operations/fso-int_guide-table_defs.md","Mortgage [sn_bom_mortgage] table","","","","","777","","consumer-csm-consumer-table","0"
"low","65","missing target anchor","markdown/financial-services-operations/fso-int_guide-table_defs.md","23","fso-int_guide-table_defs.md#sn_bom_payment_inquiry","fso-int_guide-table_defs.md#pay_inquiry_case-case-row","markdown/financial-services-operations/fso-int_guide-table_defs.md#sn_bom_payment_inquiry","sn_bom_payment_inquiry","markdown/financial-services-operations/fso-int_guide-table_defs.md","Payment Inquiry Case [sn_bom_payment_inquiry] table","pay_inquiry_case-case-row","pay_inquiry_case-case-row","html-id","4975","777","link/candidate token overlap 0.50","pay_inquiry_case-case-entry","65"
"none","0","missing target anchor","markdown/financial-services-operations/fso-int_guide-table_defs.md","24","fso-int_guide-table_defs.md#sn_bom_checking_account","","markdown/financial-services-operations/fso-int_guide-table_defs.md#sn_bom_checking_account","sn_bom_checking_account","markdown/financial-services-operations/fso-int_guide-table_defs.md","Personal Checking Account [sn_bom_checking_account] table","","","","","777","","consumer-csm-consumer-table","0"
"none","0","missing target anchor","markdown/financial-services-operations/fso-int_guide-table_defs.md","25","fso-int_guide-table_defs.md#sn_bom_personal_loan","","markdown/financial-services-operations/fso-int_guide-table_defs.md#sn_bom_personal_loan","sn_bom_personal_loan","markdown/financial-services-operations/fso-int_guide-table_defs.md","Personal Loan [sn_bom_personal_loan] table","","","","","777","","consumer-csm-consumer-table","0"
"low","65","missing target anchor","markdown/financial-services-operations/now-assist-for-financial-services-operations-fso/configure-customer-contextual-summarization-fso.md","22","supporting-information-for-now-assist-for-financial-services-operations-fso.md#section_ng1_bdj_mbc","supporting-information-for-now-assist-for-financial-services-operations-fso.md#supporting-information-for-now-assist-for-financial-services-operations-fso","markdown/financial-services-operations/now-assist-for-financial-services-operations-fso/supporting-information-for-now-assist-for-financial-services-operations-fso.md#section_ng1_bdj_mbc","section_ng1_bdj_mbc","markdown/financial-services-operations/now-assist-for-financial-services-operations-fso/supporting-information-for-now-assist-for-financial-services-operations-fso.md","Application information","supporting-information-for-now-assist-for-financial-services-operations-fso","Supporting information for Now Assist for Financial Services Operations (FSO)","h1","15","4","link/candidate token overlap 0.50","supported-versions","0"
"low","65","missing target anchor","markdown/financial-services-operations/now-assist-for-financial-services-operations-fso/configure-customer-profile-summarization-fso.md","22","supporting-information-for-now-assist-for-financial-services-operations-fso.md#section_ng1_bdj_mbc","supporting-information-for-now-assist-for-financial-services-operations-fso.md#supporting-information-for-now-assist-for-financial-services-operations-fso","markdown/financial-services-operations/now-assist-for-financial-services-operations-fso/supporting-information-for-now-assist-for-financial-services-operations-fso.md#section_ng1_bdj_mbc","section_ng1_bdj_mbc","markdown/financial-services-operations/now-assist-for-financial-services-operations-fso/supporting-information-for-now-assist-for-financial-services-operations-fso.md","Application information","supporting-information-for-now-assist-for-financial-services-operations-fso","Supporting information for Now Assist for Financial Services Operations (FSO)","h1","15","4","link/candidate token overlap 0.50","supported-versions","0"
"low","65","missing target anchor","markdown/financial-services-operations/now-assist-for-financial-services-operations-fso/configure-now-assist-for-fso.md","38","supporting-information-for-now-assist-for-financial-services-operations-fso.md#section_ng1_bdj_mbc","supporting-information-for-now-assist-for-financial-services-operations-fso.md#supporting-information-for-now-assist-for-financial-services-operations-fso","markdown/financial-services-operations/now-assist-for-financial-services-operations-fso/supporting-information-for-now-assist-for-financial-services-operations-fso.md#section_ng1_bdj_mbc","section_ng1_bdj_mbc","markdown/financial-services-operations/now-assist-for-financial-services-operations-fso/supporting-information-for-now-assist-for-financial-services-operations-fso.md","Application information","supporting-information-for-now-assist-for-financial-services-operations-fso","Supporting information for Now Assist for Financial Services Operations (FSO)","h1","15","4","link/candidate token overlap 0.50","supported-versions","0"
"low","65","missing target anchor","markdown/financial-services-operations/now-assist-for-financial-services-operations-fso/configuring-disputes-intake-via-virtual-agent.md","36","supporting-information-for-now-assist-for-financial-services-operations-fso.md#section_ng1_bdj_mbc","supporting-information-for-now-assist-for-financial-services-operations-fso.md#supporting-information-for-now-assist-for-financial-services-operations-fso","markdown/financial-services-operations/now-assist-for-financial-services-operations-fso/supporting-information-for-now-assist-for-financial-services-operations-fso.md#section_ng1_bdj_mbc","section_ng1_bdj_mbc","markdown/financial-services-operations/now-assist-for-financial-services-operations-fso/supporting-information-for-now-assist-for-financial-services-operations-fso.md","Application information","supporting-information-for-now-assist-for-financial-services-operations-fso","Supporting information for Now Assist for Financial Services Operations (FSO)","h1","15","4","link/candidate token overlap 0.50","supported-versions","0"
"none","0","missing target anchor","markdown/financial-services-operations/now-assist-for-financial-services-operations-fso/configuring-now-assist-skills-for-fso.md","47","now-assist-for-financial-services-operations.md#section_yvd_n43_qbc","","markdown/financial-services-operations/now-assist-for-financial-services-operations-fso/now-assist-for-financial-services-operations.md#section_yvd_n43_qbc","section_yvd_n43_qbc","markdown/financial-services-operations/now-assist-for-financial-services-operations-fso/now-assist-for-financial-services-operations.md","Federal exclusion notice","","","","","7","","get-started","0"
"none","0","missing target anchor","markdown/governance-risk-compliance/associate-plan-task-event.md","48","view-exercise-crisis-event-details.md#ref-calc-actual-dur","","markdown/governance-risk-compliance/view-exercise-crisis-event-details.md#ref-calc-actual-dur","ref-calc-actual-dur","markdown/governance-risk-compliance/view-exercise-crisis-event-details.md","Calculation of actual duration and total effort to recover an event asset","","","","","3","","before-you-begin","0"
"low","67","missing target anchor","markdown/governance-risk-compliance/audit-management/create-observation-audit-task-auditor-ws.md","42","create-observation-audit-ws.md#create-observation-auditor-audit-ws","create-observation-audit-ws.md#create-an-observation-for-an-engagement","markdown/governance-risk-compliance/audit-management/create-observation-audit-ws.md#create-observation-auditor-audit-ws","create-observation-auditor-audit-ws","markdown/governance-risk-compliance/audit-management/create-observation-audit-ws.md","Create New Observation","create-an-observation-for-an-engagement","Create an observation for an engagement","h1","14","4","link/candidate token overlap 0.67","before-you-begin","0"
"low","67","missing target anchor","markdown/governance-risk-compliance/audit-management/t_CreateAnIssue.md","28","../policy-and-compliance-management/r_InstallWPolAndCompl.md#acls-issue-busin-user","../policy-and-compliance-management/r_InstallWPolAndCompl.md#access-limitations-for-grc-business-user-role","markdown/governance-risk-compliance/policy-and-compliance-management/r_InstallWPolAndCompl.md#acls-issue-busin-user","acls-issue-busin-user","markdown/governance-risk-compliance/policy-and-compliance-management/r_InstallWPolAndCompl.md","GRC business user role to control access and track usage of compliance tables","access-limitations-for-grc-business-user-role","Access limitations for GRC business user role","h2","321","8","link/candidate token overlap 0.71","components-installed-with-policy-and-compliance-management","0"
"none","0","missing target anchor","markdown/governance-risk-compliance/grc-compliance-management-workspace/request-policy-exception-ws.md","404","../policy-and-compliance-management/request-policy-extension-platform.md#substeps_pol-ext-multi","","markdown/governance-risk-compliance/policy-and-compliance-management/request-policy-extension-platform.md#substeps_pol-ext-multi","substeps_pol-ext-multi","markdown/governance-risk-compliance/policy-and-compliance-management/request-policy-extension-platform.md","Configure the number of extensions allowed for a policy exception","","","","","3","","before-you-begin","0"
"none","0","missing target anchor","markdown/governance-risk-compliance/grc-compliance-management-workspace/request-policy-exception-ws.md","406","../policy-and-compliance-management/request-policy-extension-platform.md#request-exten-pol-excep","","markdown/governance-risk-compliance/policy-and-compliance-management/request-policy-extension-platform.md#request-exten-pol-excep","request-exten-pol-excep","markdown/governance-risk-compliance/policy-and-compliance-management/request-policy-extension-platform.md","enter the details in the Request extension pop-up","","","","","3","","before-you-begin","0"
"low","66","missing target anchor","markdown/governance-risk-compliance/policy-and-compliance-management/create-control-indicator-2.md","293","grc-assessments-employee-center.md#grc-tasks-bu-lite","grc-assessments-employee-center.md#complete-control-assessments-from-the-employee-center-portal","markdown/governance-risk-compliance/policy-and-compliance-management/grc-assessments-employee-center.md#grc-tasks-bu-lite","grc-tasks-bu-lite","markdown/governance-risk-compliance/policy-and-compliance-management/grc-assessments-employee-center.md","GRC tasks in the employee center portal","complete-control-assessments-from-the-employee-center-portal","Complete control assessments from the Employee Center portal","h1","14","4","link/candidate token overlap 0.57","before-you-begin","0"
"low","67","missing target anchor","markdown/governance-risk-compliance/policy-and-compliance-management/remediate-issue.md","24","r_InstallWPolAndCompl.md#acls-remediation-busin-user","r_InstallWPolAndCompl.md#access-limitations-for-grc-business-user-role","markdown/governance-risk-compliance/policy-and-compliance-management/r_InstallWPolAndCompl.md#acls-remediation-busin-user","acls-remediation-busin-user","markdown/governance-risk-compliance/policy-and-compliance-management/r_InstallWPolAndCompl.md","GRC business user role to control access and track usage of compliance tables","access-limitations-for-grc-business-user-role","Access limitations for GRC business user role","h2","321","8","link/candidate token overlap 0.71","components-installed-with-policy-and-compliance-management","0"
"low","67","missing target anchor","markdown/governance-risk-compliance/smart-assessment-engine/configure-scoring-for-assessments.md","57","scoring-forms.md#section_tpx_3bk_k3c","scoring-forms.md#assessment-scoring-form","markdown/governance-risk-compliance/smart-assessment-engine/scoring-forms.md#section_tpx_3bk_k3c","section_tpx_3bk_k3c","markdown/governance-risk-compliance/smart-assessment-engine/scoring-forms.md","Question scoring form","assessment-scoring-form","Assessment scoring form","h2","18","6","link/candidate token overlap 0.67","scoring-forms","65"
"low","67","missing target anchor","markdown/governance-risk-compliance/smart-assessment-engine/configure-scoring-for-assessments.md","82","scoring-forms.md#section_xbl_4bk_k3c","scoring-forms.md#assessment-scoring-form","markdown/governance-risk-compliance/smart-assessment-engine/scoring-forms.md#section_xbl_4bk_k3c","section_xbl_4bk_k3c","markdown/governance-risk-compliance/smart-assessment-engine/scoring-forms.md","Section scoring form","assessment-scoring-form","Assessment scoring form","h2","18","6","link/candidate token overlap 0.67","scoring-forms","65"
"none","0","missing target anchor","markdown/governance-risk-compliance/third-party-risk-management/tprm-ws-dd-mgt-pg-details-tab.md","102","tprm-workflow-in-workspace.md#def_contract_risk_process","","markdown/governance-risk-compliance/third-party-risk-management/tprm-workflow-in-workspace.md#def_contract_risk_process","def_contract_risk_process","markdown/governance-risk-compliance/third-party-risk-management/tprm-workflow-in-workspace.md","Contract Risk process","","","","","2","","processes-in-the-due-diligence-workflow","0"
"none","0","missing target anchor","markdown/governance-risk-compliance/view-recovery-task-self-service.md","40","view-exercise-crisis-event-details.md#rec-task-state-trans","","markdown/governance-risk-compliance/view-exercise-crisis-event-details.md#rec-task-state-trans","rec-task-state-trans","markdown/governance-risk-compliance/view-exercise-crisis-event-details.md","State transitions of an event task","","","","","3","","before-you-begin","0"
"low","66","missing target anchor","markdown/government-industry/psds-explore-data-management.md","63","roles-installed-with-public-sector-digital-services.md#section_qmx_qfp_bvb","roles-installed-with-public-sector-digital-services.md#roles-installed-with-public-sector-digital-services","markdown/government-industry/roles-installed-with-public-sector-digital-services.md#section_qmx_qfp_bvb","section_qmx_qfp_bvb","markdown/government-industry/roles-installed-with-public-sector-digital-services.md","Business Stakeholder for Public Sector Digital Services","roles-installed-with-public-sector-digital-services","Roles installed with Public Sector Digital Services","h1","12","20","link/candidate token overlap 0.57","persona-based-roles-in-public-sector-digital-services","66"
"low","65","missing target anchor","markdown/healthcare-life-sciences/healthcare-and-life-sciences-service-management-core/hcls-config-policy-consent.md","105","hcls-config-policy-consent.md#policy_type","hcls-config-policy-consent.md#configure-a-privacy-policy-for-managing-patient-consent","markdown/healthcare-life-sciences/healthcare-and-life-sciences-service-management-core/hcls-config-policy-consent.md#policy_type","policy_type","markdown/healthcare-life-sciences/healthcare-and-life-sciences-service-management-core/hcls-config-policy-consent.md","Policy type","configure-a-privacy-policy-for-managing-patient-consent","Configure a privacy policy for managing patient consent","h1","14","4","link/candidate token overlap 0.50","before-you-begin","0"
"low","65","missing target anchor","markdown/healthcare-life-sciences/healthcare-and-life-sciences-service-management-core/hcls-config-privacy-policy.md","105","hcls-config-privacy-policy.md#policy_type","hcls-config-privacy-policy.md#configure-the-privacy-policy-settings-for-the-patient-portal","markdown/healthcare-life-sciences/healthcare-and-life-sciences-service-management-core/hcls-config-privacy-policy.md#policy_type","policy_type","markdown/healthcare-life-sciences/healthcare-and-life-sciences-service-management-core/hcls-config-privacy-policy.md","Policy type","configure-the-privacy-policy-settings-for-the-patient-portal","Configure the privacy policy settings for the Patient Portal","h1","14","4","link/candidate token overlap 0.50","before-you-begin","0"
"low","65","missing target anchor","markdown/healthcare-life-sciences/healthcare-and-life-sciences-service-management-core/hcls-policy-form.md","94","hcls-policy-form.md#policy_type","hcls-policy-form.md#policy-form","markdown/healthcare-life-sciences/healthcare-and-life-sciences-service-management-core/hcls-policy-form.md#policy_type","policy_type","markdown/healthcare-life-sciences/healthcare-and-life-sciences-service-management-core/hcls-policy-form.md","Policy type","policy-form","Policy form","h1","14","2","link/candidate token overlap 0.50","table_lq3_tdh_zrb","0"
"none","0","missing target anchor","markdown/healthcare-life-sciences/healthcare-and-life-sciences-service-management-core/hcls-viewing-home-page.md","36","hcls-viewing-home-page.md#dlentry_cy2_pk4_dsb","","markdown/healthcare-life-sciences/healthcare-and-life-sciences-service-management-core/hcls-viewing-home-page.md#dlentry_cy2_pk4_dsb","dlentry_cy2_pk4_dsb","markdown/healthcare-life-sciences/healthcare-and-life-sciences-service-management-core/hcls-viewing-home-page.md","Important items","","","","","3","","accessing-and-using-the-landing-page","0"
"none","0","missing target anchor","markdown/healthcare-life-sciences/healthcare-and-life-sciences-service-management-core/hcls-viewing-home-page.md","38","hcls-viewing-home-page.md#dlentry_qcc_zvw_2qb","","markdown/healthcare-life-sciences/healthcare-and-life-sciences-service-management-core/hcls-viewing-home-page.md#dlentry_qcc_zvw_2qb","dlentry_qcc_zvw_2qb","markdown/healthcare-life-sciences/healthcare-and-life-sciences-service-management-core/hcls-viewing-home-page.md","My active cases","","","","","3","","accessing-and-using-the-landing-page","0"
"none","0","missing target anchor","markdown/healthcare-life-sciences/pre-visit-connector-contributor.md","27","pre-visit-connector-contributor.md#section_r5b_czw_ztb","","markdown/healthcare-life-sciences/pre-visit-connector-contributor.md#section_r5b_czw_ztb","section_r5b_czw_ztb","markdown/healthcare-life-sciences/pre-visit-connector-contributor.md","Contributor","","","","","4","","agent-connector","0"
"none","0","missing target anchor","markdown/healthcare-life-sciences/pre-visit-playbook.md","38","pre-visit-playbook.md#section_r4f_qjv_2rb","","markdown/healthcare-life-sciences/pre-visit-playbook.md#section_r4f_qjv_2rb","section_r4f_qjv_2rb","markdown/healthcare-life-sciences/pre-visit-playbook.md","Intake","","","","","6","","table_irf_mxx_crb","0"
"low","65","missing target anchor","markdown/healthcare-life-sciences/pre-visit-playbook.md","46","pre-visit-playbook.md#section_rwx_tjv_2rb","pre-visit-playbook.md#completing-the-pre-authorization-activities","markdown/healthcare-life-sciences/pre-visit-playbook.md#section_rwx_tjv_2rb","section_rwx_tjv_2rb","markdown/healthcare-life-sciences/pre-visit-playbook.md","Pre-authorizations","completing-the-pre-authorization-activities","Completing the pre-authorization activities","h2","85","6","link/candidate token overlap 0.50","working-on-a-procedure-request-case-in-workspace","0"
"low","65","missing target anchor","markdown/healthcare-life-sciences/pre-visit-playbook.md","54","pre-visit-playbook.md#section_zzj_yjv_2rb","pre-visit-playbook.md#working-on-a-procedure-request-case-in-workspace","markdown/healthcare-life-sciences/pre-visit-playbook.md#section_zzj_yjv_2rb","section_zzj_yjv_2rb","markdown/healthcare-life-sciences/pre-visit-playbook.md","Schedule procedure","working-on-a-procedure-request-case-in-workspace","Working on a procedure request case in Workspace","h1","12","6","link/candidate token overlap 0.50","closing-the-procedure-request","65"
"none","0","missing target anchor","markdown/healthcare-life-sciences/pre-visit-playbook.md","62","pre-visit-playbook.md#section_azx_gkv_2rb","","markdown/healthcare-life-sciences/pre-visit-playbook.md#section_azx_gkv_2rb","section_azx_gkv_2rb","markdown/healthcare-life-sciences/pre-visit-playbook.md","Resolve and close","","","","","6","","table_irf_mxx_crb","0"
"none","0","missing target anchor","markdown/healthcare-life-sciences/pss-connector-contributor.md","27","pss-connector-contributor.md#section_wyb_lby_ztb","","markdown/healthcare-life-sciences/pss-connector-contributor.md#section_wyb_lby_ztb","section_wyb_lby_ztb","markdown/healthcare-life-sciences/pss-connector-contributor.md","Contributor","","","","","4","","agent-connector","0"
"none","0","missing target anchor","markdown/healthcare-life-sciences/pss-playbook.md","38","pss-playbook.md#section_o5n_czv_crb","","markdown/healthcare-life-sciences/pss-playbook.md#section_o5n_czv_crb","section_o5n_czv_crb","markdown/healthcare-life-sciences/pss-playbook.md","Intake","","","","","7","","table_irf_mxx_crb","0"
"low","65","missing target anchor","markdown/healthcare-life-sciences/pss-playbook.md","56","pss-playbook.md#section_scf_5xx_crb","pss-playbook.md#placing-a-prescription-order","markdown/healthcare-life-sciences/pss-playbook.md#section_scf_5xx_crb","section_scf_5xx_crb","markdown/healthcare-life-sciences/pss-playbook.md","Prescription details","placing-a-prescription-order","Placing a prescription order","h2","110","7","link/candidate token overlap 0.50","working-on-an-enrollment-case-in-workspace","0"
"none","0","missing target anchor","markdown/healthcare-life-sciences/pss-playbook.md","72","pss-playbook.md#section_efd_c1y_crb","","markdown/healthcare-life-sciences/pss-playbook.md#section_efd_c1y_crb","section_efd_c1y_crb","markdown/healthcare-life-sciences/pss-playbook.md","Resolve and close","","","","","7","","table_irf_mxx_crb","0"
"low","65","missing target anchor","markdown/healthcare-life-sciences/pss-viewing-training-page.md","44","pss-viewing-training-page.md#dlentry_ec4_35q_2rb","pss-viewing-training-page.md#viewing-the-home-page-for-enrollment-related-training-tasks-in-workspace","markdown/healthcare-life-sciences/pss-viewing-training-page.md#dlentry_ec4_35q_2rb","dlentry_ec4_35q_2rb","markdown/healthcare-life-sciences/pss-viewing-training-page.md","My Tasks","viewing-the-home-page-for-enrollment-related-training-tasks-in-workspace","Viewing the home page for enrollment-related training tasks in Workspace","h1","12","6","link/candidate token overlap 0.50","accessing-training-tasks-from-home-page","65"
"none","0","missing target anchor","markdown/healthcare-life-sciences/pss-viewing-training-page.md","45","pss-viewing-training-page.md#dlentry_o5w_pht_brb","","markdown/healthcare-life-sciences/pss-viewing-training-page.md#dlentry_o5w_pht_brb","dlentry_o5w_pht_brb","markdown/healthcare-life-sciences/pss-viewing-training-page.md","Tasks by State","","","","","6","","role-required","0"
"none","0","missing target anchor","markdown/healthcare-life-sciences/pss-viewing-training-page.md","46","pss-viewing-training-page.md#dlentry_pqr_h5q_2rb","","markdown/healthcare-life-sciences/pss-viewing-training-page.md#dlentry_pqr_h5q_2rb","dlentry_pqr_h5q_2rb","markdown/healthcare-life-sciences/pss-viewing-training-page.md","My Team's tasks","","","","","6","","role-required","0"
"none","0","missing target anchor","markdown/impact/accelerator-and-initiative-list/architecture-blueprint.md","42","architecture-blueprint.md#requested-info","","markdown/impact/accelerator-and-initiative-list/architecture-blueprint.md#requested-info","requested-info","markdown/impact/accelerator-and-initiative-list/architecture-blueprint.md","Requested information/access","","","","","13","","architecture-blueprint-advanced","0"
"none","0","missing target anchor","markdown/impact/accelerator-and-initiative-list/architecture-blueprint.md","228","architecture-blueprint.md#requested-info","","markdown/impact/accelerator-and-initiative-list/architecture-blueprint.md#requested-info","requested-info","markdown/impact/accelerator-and-initiative-list/architecture-blueprint.md","Requested information/access","","","","","13","","architecture-blueprint-advanced","0"
"none","0","missing target anchor","markdown/integrate-applications/connector-eventlog-methods.md","22","parameters-eventlog-methods.md#parameter-input-write-type","","markdown/integrate-applications/parameters-eventlog-methods.md#parameter-input-write-type","parameter-input-write-type","markdown/integrate-applications/parameters-eventlog-methods.md","Type","","","","","2","","table_imq_fks_rrb","0"
"none","0","missing target anchor","markdown/integrate-applications/connector-eventlog-methods.md","24","parameters-eventlog-methods.md#parameter-input-write-source","","markdown/integrate-applications/parameters-eventlog-methods.md#parameter-input-write-source","parameter-input-write-source","markdown/integrate-applications/parameters-eventlog-methods.md","Source","","","","","2","","table_imq_fks_rrb","0"
"none","0","missing target anchor","markdown/integrate-applications/connector-eventlog-methods.md","26","parameters-eventlog-methods.md#parameter-input-write-message","","markdown/integrate-applications/parameters-eventlog-methods.md#parameter-input-write-message","parameter-input-write-message","markdown/integrate-applications/parameters-eventlog-methods.md","Message","","","","","2","","table_imq_fks_rrb","0"
"none","0","missing target anchor","markdown/integrate-applications/connector-eventlog-methods.md","35","parameters-eventlog-methods.md#parameter-input-write-type","","markdown/integrate-applications/parameters-eventlog-methods.md#parameter-input-write-type","parameter-input-write-type","markdown/integrate-applications/parameters-eventlog-methods.md","Type","","","","","2","","table_imq_fks_rrb","0"
"none","0","missing target anchor","markdown/integrate-applications/connector-eventlog-methods.md","37","parameters-eventlog-methods.md#parameter-input-write-source","","markdown/integrate-applications/parameters-eventlog-methods.md#parameter-input-write-source","parameter-input-write-source","markdown/integrate-applications/parameters-eventlog-methods.md","Source","","","","","2","","table_imq_fks_rrb","0"
"none","0","missing target anchor","markdown/integrate-applications/connector-eventlog-methods.md","39","parameters-eventlog-methods.md#parameter-input-write-message","","markdown/integrate-applications/parameters-eventlog-methods.md#parameter-input-write-message","parameter-input-write-message","markdown/integrate-applications/parameters-eventlog-methods.md","Message","","","","","2","","table_imq_fks_rrb","0"
"none","0","missing target anchor","markdown/integrate-applications/connector-powershell-methods.md","28","parameters-powershell-connectors.md#parameter-powershell-method-commandstring","","markdown/integrate-applications/parameters-powershell-connectors.md#parameter-powershell-method-commandstring","parameter-powershell-method-commandstring","markdown/integrate-applications/parameters-powershell-connectors.md","Command (String)","","","","","2","","input-parameter-values","0"
"none","0","missing target anchor","markdown/integrate-applications/connector-powershell-methods.md","32","parameters-powershell-connectors.md#parameter-powershell-method-output-return","","markdown/integrate-applications/parameters-powershell-connectors.md#parameter-powershell-method-output-return","parameter-powershell-method-output-return","markdown/integrate-applications/parameters-powershell-connectors.md","Return","","","","","2","","input-parameter-values","0"
"none","0","missing target anchor","markdown/integrate-applications/connector-powershell-methods.md","47","parameters-powershell-connectors.md#parameter-powershell-output-return","","markdown/integrate-applications/parameters-powershell-connectors.md#parameter-powershell-output-return","parameter-powershell-output-return","markdown/integrate-applications/parameters-powershell-connectors.md","Return","","","","","2","","input-parameter-values","0"
"none","0","missing target anchor","markdown/integrate-applications/connector-powershell-methods.md","69","parameters-powershell-connectors.md#PSOBjectToString-output-return","","markdown/integrate-applications/parameters-powershell-connectors.md#PSOBjectToString-output-return","PSOBjectToString-output-return","markdown/integrate-applications/parameters-powershell-connectors.md","Return (String)","","","","","2","","input-parameter-values","0"
"none","0","missing target anchor","markdown/integrate-applications/connector-powershell-methods.md","82","parameters-powershell-connectors.md#Serialize-input-PSObject","","markdown/integrate-applications/parameters-powershell-connectors.md#Serialize-input-PSObject","Serialize-input-PSObject","markdown/integrate-applications/parameters-powershell-connectors.md","PSObject","","","","","2","","input-parameter-values","0"
"none","0","missing target anchor","markdown/integrate-applications/connector-powershell-methods.md","86","parameters-powershell-connectors.md#Serialize-output-Return","","markdown/integrate-applications/parameters-powershell-connectors.md#Serialize-output-Return","Serialize-output-Return","markdown/integrate-applications/parameters-powershell-connectors.md","Return (String)","","","","","2","","input-parameter-values","0"
"none","0","missing target anchor","markdown/integrate-applications/connector-wmi-methods.md","35","connector-wmi-method-parameters.md#parameter-wmi-getdiskdetails-output-hashtable","","markdown/integrate-applications/connector-wmi-method-parameters.md#parameter-wmi-getdiskdetails-output-hashtable","parameter-wmi-getdiskdetails-output-hashtable","markdown/integrate-applications/connector-wmi-method-parameters.md","Hashtable","","","","","2","","input-parameter-values","0"
"none","0","missing target anchor","markdown/integrate-applications/connector-wmi-methods.md","48","connector-wmi-method-parameters.md#parameter-wmi-GetEnvironmentValue-output-returns","","markdown/integrate-applications/connector-wmi-method-parameters.md#parameter-wmi-GetEnvironmentValue-output-returns","parameter-wmi-GetEnvironmentValue-output-returns","markdown/integrate-applications/connector-wmi-method-parameters.md","Return","","","","","2","","input-parameter-values","0"
"none","0","missing target anchor","markdown/integrate-applications/connector-wmi-methods.md","57","connector-wmi-method-parameters.md#GetProcessesByCpuUsage-input-return","","markdown/integrate-applications/connector-wmi-method-parameters.md#GetProcessesByCpuUsage-input-return","GetProcessesByCpuUsage-input-return","markdown/integrate-applications/connector-wmi-method-parameters.md","Return (Sorted Dictionary)","","","","","2","","input-parameter-values","0"
"none","0","missing target anchor","markdown/integrate-applications/connector-wmi-methods.md","66","connector-wmi-method-parameters.md#GetProcessesByMemUsage-output-return","","markdown/integrate-applications/connector-wmi-method-parameters.md#GetProcessesByMemUsage-output-return","GetProcessesByMemUsage-output-return","markdown/integrate-applications/connector-wmi-method-parameters.md","Return (Sorted Dictionary)","","","","","2","","input-parameter-values","0"
"none","0","missing target anchor","markdown/integrate-applications/connector-wmi-methods.md","75","connector-wmi-method-parameters.md#PageFaultsPerSecond-output-return","","markdown/integrate-applications/connector-wmi-method-parameters.md#PageFaultsPerSecond-output-return","PageFaultsPerSecond-output-return","markdown/integrate-applications/connector-wmi-method-parameters.md","Return","","","","","2","","input-parameter-values","0"
"none","0","missing target anchor","markdown/integrate-applications/connector-wmi-methods.md","84","connector-wmi-method-parameters.md#PageFilePercentUsage-output-return","","markdown/integrate-applications/connector-wmi-method-parameters.md#PageFilePercentUsage-output-return","PageFilePercentUsage-output-return","markdown/integrate-applications/connector-wmi-method-parameters.md","Return","","","","","2","","input-parameter-values","0"
"none","0","missing target anchor","markdown/integrate-applications/connector-wmi-methods.md","93","connector-wmi-method-parameters.md#PercentMemoryUsage-output-return","","markdown/integrate-applications/connector-wmi-method-parameters.md#PercentMemoryUsage-output-return","PercentMemoryUsage-output-return","markdown/integrate-applications/connector-wmi-method-parameters.md","Return","","","","","2","","input-parameter-values","0"
"none","0","missing target anchor","markdown/integrate-applications/connector-wmi-methods.md","102","connector-wmi-method-parameters.md#PercentProcessorUsage-output-return","","markdown/integrate-applications/connector-wmi-method-parameters.md#PercentProcessorUsage-output-return","PercentProcessorUsage-output-return","markdown/integrate-applications/connector-wmi-method-parameters.md","Return","","","","","2","","input-parameter-values","0"
"none","0","missing target anchor","markdown/integrate-applications/connector-wmi-methods.md","117","connector-wmi-method-parameters.md#parameter-wmi-query-output-return","","markdown/integrate-applications/connector-wmi-method-parameters.md#parameter-wmi-query-output-return","parameter-wmi-query-output-return","markdown/integrate-applications/connector-wmi-method-parameters.md","Return","","","","","2","","input-parameter-values","0"
"none","0","missing target anchor","markdown/integrate-applications/connector-wmi-methods.md","130","connector-wmi-method-parameters.md#AvailableMBytes-output-return","","markdown/integrate-applications/connector-wmi-method-parameters.md#AvailableMBytes-output-return","AvailableMBytes-output-return","markdown/integrate-applications/connector-wmi-method-parameters.md","Return","","","","","2","","input-parameter-values","0"
"none","0","missing target anchor","markdown/integrate-applications/connector-xmlTemplate-methods.md","28","parameters-xmlTemplate-methods.md#parameter-input-clasify-filepath","","markdown/integrate-applications/parameters-xmlTemplate-methods.md#parameter-input-clasify-filepath","parameter-input-clasify-filepath","markdown/integrate-applications/parameters-xmlTemplate-methods.md","FilePath","","","","","1","","",""
"none","0","missing target anchor","markdown/integrate-applications/connector-xmlTemplate-methods.md","30","parameters-xmlTemplate-methods.md#parameter-input-clasify-status","","markdown/integrate-applications/parameters-xmlTemplate-methods.md#parameter-input-clasify-status","parameter-input-clasify-status","markdown/integrate-applications/parameters-xmlTemplate-methods.md","Status","","","","","1","","",""
"none","0","missing target anchor","markdown/integrate-applications/connectors-chrome-methods.md","319","element-level-method-parameters.md#parameters-common-input-clearexistingvalue","","markdown/integrate-applications/element-level-method-parameters.md#parameters-common-input-clearexistingvalue","parameters-common-input-clearexistingvalue","markdown/integrate-applications/element-level-method-parameters.md","ClearExistingValue","","","","","1","","",""
"none","0","missing target anchor","markdown/integrate-applications/connectors-chrome-methods.md","321","element-level-method-parameters.md#parameters-common-input-typedelay","","markdown/integrate-applications/element-level-method-parameters.md#parameters-common-input-typedelay","parameters-common-input-typedelay","markdown/integrate-applications/element-level-method-parameters.md","TypeDelay","","","","","1","","",""
"none","0","missing target anchor","markdown/integrate-applications/connectors-ie-methods.md","32","method-parameter-ie.md#URL-IE","","markdown/integrate-applications/method-parameter-ie.md#URL-IE","URL-IE","markdown/integrate-applications/method-parameter-ie.md","URL","","","","","2","","table_rfq_qpm_3rb","0"
"none","0","missing target anchor","markdown/integrate-applications/connectors-ie-methods.md","36","method-parameter-ie.md#navigate-output-return-boolean","","markdown/integrate-applications/method-parameter-ie.md#navigate-output-return-boolean","navigate-output-return-boolean","markdown/integrate-applications/method-parameter-ie.md","Return (Boolean)","","","","","2","","table_rfq_qpm_3rb","0"
"none","0","missing target anchor","markdown/integrate-applications/connectors-ie-methods.md","45","method-parameter-ie.md#MatchAllChildren","","markdown/integrate-applications/method-parameter-ie.md#MatchAllChildren","MatchAllChildren","markdown/integrate-applications/method-parameter-ie.md","MatchAllChildren","","","","","2","","table_rfq_qpm_3rb","0"
"none","0","missing target anchor","markdown/integrate-applications/connectors-ie-methods.md","47","method-parameter-ie.md#Timeout-ie","","markdown/integrate-applications/method-parameter-ie.md#Timeout-ie","Timeout-ie","markdown/integrate-applications/method-parameter-ie.md","Timeout","","","","","2","","table_rfq_qpm_3rb","0"
"none","0","missing target anchor","markdown/integrate-applications/connectors-ie-methods.md","57","method-parameter-ie.md#downloadfile-input-url","","markdown/integrate-applications/method-parameter-ie.md#downloadfile-input-url","downloadfile-input-url","markdown/integrate-applications/method-parameter-ie.md","Url","","","","","2","","table_rfq_qpm_3rb","0"
"none","0","missing target anchor","markdown/integrate-applications/connectors-ie-methods.md","59","method-parameter-ie.md#downloadfile-input-filename","","markdown/integrate-applications/method-parameter-ie.md#downloadfile-input-filename","downloadfile-input-filename","markdown/integrate-applications/method-parameter-ie.md","fileName","","","","","2","","table_rfq_qpm_3rb","0"
"none","0","missing target anchor","markdown/integrate-applications/connectors-ie-methods.md","63","method-parameter-ie.md#downloadfile-output-return-boolean","","markdown/integrate-applications/method-parameter-ie.md#downloadfile-output-return-boolean","downloadfile-output-return-boolean","markdown/integrate-applications/method-parameter-ie.md","Return (Boolean)","","","","","2","","table_rfq_qpm_3rb","0"
"none","0","missing target anchor","markdown/integrate-applications/connectors-ie-methods.md","86","method-parameter-ie.md#executejavascript-output-return-object","","markdown/integrate-applications/method-parameter-ie.md#executejavascript-output-return-object","executejavascript-output-return-object","markdown/integrate-applications/method-parameter-ie.md","Return (Object)","","","","","2","","table_rfq_qpm_3rb","0"
"none","0","missing target anchor","markdown/integrate-applications/connectors-ie-methods.md","95","method-parameter-ie.md#getvaluebyxpath-input-xpath","","markdown/integrate-applications/method-parameter-ie.md#getvaluebyxpath-input-xpath","getvaluebyxpath-input-xpath","markdown/integrate-applications/method-parameter-ie.md","XPath (String)","","","","","2","","table_rfq_qpm_3rb","0"
"none","0","missing target anchor","markdown/integrate-applications/connectors-ie-methods.md","99","method-parameter-ie.md#getvaluebyxpath-output-return","","markdown/integrate-applications/method-parameter-ie.md#getvaluebyxpath-output-return","getvaluebyxpath-output-return","markdown/integrate-applications/method-parameter-ie.md","Return (String)","","","","","2","","table_rfq_qpm_3rb","0"
"none","0","missing target anchor","markdown/integrate-applications/connectors-ie-methods.md","133","method-parameter-ie.md#geturl-output-return","","markdown/integrate-applications/method-parameter-ie.md#geturl-output-return","geturl-output-return","markdown/integrate-applications/method-parameter-ie.md","Return (String)","","","","","2","","table_rfq_qpm_3rb","0"
"none","0","missing target anchor","markdown/integrate-applications/connectors-ie-methods.md","141","method-parameter-ie.md#waitforcreate-input-timeoutinseconds","","markdown/integrate-applications/method-parameter-ie.md#waitforcreate-input-timeoutinseconds","waitforcreate-input-timeoutinseconds","markdown/integrate-applications/method-parameter-ie.md","timeoutInSeconds","","","","","2","","table_rfq_qpm_3rb","0"
"none","0","missing target anchor","markdown/integrate-applications/connectors-ie-methods.md","143","method-parameter-ie.md#MatchAllChildren","","markdown/integrate-applications/method-parameter-ie.md#MatchAllChildren","MatchAllChildren","markdown/integrate-applications/method-parameter-ie.md","MatchAllChildren","","","","","2","","table_rfq_qpm_3rb","0"
"none","0","missing target anchor","markdown/integrate-applications/connectors-ie-methods.md","147","method-parameter-ie.md#waitforcreate-output-return-boolean","","markdown/integrate-applications/method-parameter-ie.md#waitforcreate-output-return-boolean","waitforcreate-output-return-boolean","markdown/integrate-applications/method-parameter-ie.md","Return (Boolean)","","","","","2","","table_rfq_qpm_3rb","0"
"none","0","missing target anchor","markdown/integrate-applications/connectors-ie-methods.md","159","method-parameter-ie.md#sendkeys-input-keys","","markdown/integrate-applications/method-parameter-ie.md#sendkeys-input-keys","sendkeys-input-keys","markdown/integrate-applications/method-parameter-ie.md","Keys","","","","","2","","table_rfq_qpm_3rb","0"
"none","0","missing target anchor","markdown/integrate-applications/connectors-ie-methods.md","161","method-parameter-ie.md#sendkeys-input-matchallchildren","","markdown/integrate-applications/method-parameter-ie.md#sendkeys-input-matchallchildren","sendkeys-input-matchallchildren","markdown/integrate-applications/method-parameter-ie.md","MatchAllChildren","","","","","2","","table_rfq_qpm_3rb","0"
"none","0","missing target anchor","markdown/integrate-applications/connectors-ie-methods.md","163","method-parameter-ie.md#sendkeys-input-TypeDelay","","markdown/integrate-applications/method-parameter-ie.md#sendkeys-input-TypeDelay","sendkeys-input-TypeDelay","markdown/integrate-applications/method-parameter-ie.md","TypeDelay","","","","","2","","table_rfq_qpm_3rb","0"
"none","0","missing target anchor","markdown/integrate-applications/connectors-ie-methods.md","179","method-parameter-ie.md#isready-output-return-boolean","","markdown/integrate-applications/method-parameter-ie.md#isready-output-return-boolean","isready-output-return-boolean","markdown/integrate-applications/method-parameter-ie.md","Return (Boolean)","","","","","2","","table_rfq_qpm_3rb","0"
"none","0","missing target anchor","markdown/integrate-applications/connectors-ie-methods.md","187","method-parameter-ie.md#matchallchildren-input-matchAllChildren","","markdown/integrate-applications/method-parameter-ie.md#matchallchildren-input-matchAllChildren","matchallchildren-input-matchAllChildren","markdown/integrate-applications/method-parameter-ie.md","matchAllChildren","","","","","2","","table_rfq_qpm_3rb","0"
"none","0","missing target anchor","markdown/integrate-applications/connectors-ie-methods.md","191","method-parameter-ie.md#matchallchildren-output-return-boolean","","markdown/integrate-applications/method-parameter-ie.md#matchallchildren-output-return-boolean","matchallchildren-output-return-boolean","markdown/integrate-applications/method-parameter-ie.md","Return (Boolean)","","","","","2","","table_rfq_qpm_3rb","0"
"none","0","missing target anchor","markdown/integrate-applications/connectors-ie-methods.md","199","method-parameter-ie.md#MatchAllChildren","","markdown/integrate-applications/method-parameter-ie.md#MatchAllChildren","MatchAllChildren","markdown/integrate-applications/method-parameter-ie.md","MatchAllChildren","","","","","2","","table_rfq_qpm_3rb","0"
"none","0","missing target anchor","markdown/integrate-applications/connectors-ie-methods.md","203","method-parameter-ie.md#iscreated-output-boolean","","markdown/integrate-applications/method-parameter-ie.md#iscreated-output-boolean","iscreated-output-boolean","markdown/integrate-applications/method-parameter-ie.md","Return (Boolean)","","","","","2","","table_rfq_qpm_3rb","0"
"none","0","missing target anchor","markdown/integrate-applications/connectors-ie-methods.md","220","method-parameter-ie.md#print-input-noprompt","","markdown/integrate-applications/method-parameter-ie.md#print-input-noprompt","print-input-noprompt","markdown/integrate-applications/method-parameter-ie.md","NoPrompt","","","","","2","","table_rfq_qpm_3rb","0"
"none","0","missing target anchor","markdown/integrate-applications/connectors-ie-methods.md","228","method-parameter-ie.md#getpagesource-output-return","","markdown/integrate-applications/method-parameter-ie.md#getpagesource-output-return","getpagesource-output-return","markdown/integrate-applications/method-parameter-ie.md","Return (String)","","","","","2","","table_rfq_qpm_3rb","0"
"none","0","missing target anchor","markdown/integrate-applications/connectors-ie-methods.md","236","method-parameter-ie.md#getscreenshot-output-return-bitmap","","markdown/integrate-applications/method-parameter-ie.md#getscreenshot-output-return-bitmap","getscreenshot-output-return-bitmap","markdown/integrate-applications/method-parameter-ie.md","Return (Bitmap)","","","","","2","","table_rfq_qpm_3rb","0"
"none","0","missing target anchor","markdown/integrate-applications/connectors-ie-methods.md","244","method-parameter-ie.md#gettitle-output-string","","markdown/integrate-applications/method-parameter-ie.md#gettitle-output-string","gettitle-output-string","markdown/integrate-applications/method-parameter-ie.md","Return (String)","","","","","2","","table_rfq_qpm_3rb","0"
"none","0","missing target anchor","markdown/integrate-applications/connectors-ie-methods.md","259","method-parameter-ie.md#getfields-output-formfield","","markdown/integrate-applications/method-parameter-ie.md#getfields-output-formfield","getfields-output-formfield","markdown/integrate-applications/method-parameter-ie.md","Form field","","","","","2","","table_rfq_qpm_3rb","0"
"none","0","missing target anchor","markdown/integrate-applications/connectors-ie-methods.md","267","method-parameter-ie.md#focus-output-return-boolean","","markdown/integrate-applications/method-parameter-ie.md#focus-output-return-boolean","focus-output-return-boolean","markdown/integrate-applications/method-parameter-ie.md","Return (Boolean)","","","","","2","","table_rfq_qpm_3rb","0"
"none","0","missing target anchor","markdown/integrate-applications/connectors-ie-methods.md","287","method-parameter-ie.md#GetInnerHTML-output-return-string","","markdown/integrate-applications/method-parameter-ie.md#GetInnerHTML-output-return-string","GetInnerHTML-output-return-string","markdown/integrate-applications/method-parameter-ie.md","Return (String)","","","","","2","","table_rfq_qpm_3rb","0"
"none","0","missing target anchor","markdown/integrate-applications/connectors-ie-methods.md","295","method-parameter-ie.md#GetInnerText-output-return-string","","markdown/integrate-applications/method-parameter-ie.md#GetInnerText-output-return-string","GetInnerText-output-return-string","markdown/integrate-applications/method-parameter-ie.md","Return (String)","","","","","2","","table_rfq_qpm_3rb","0"
"none","0","missing target anchor","markdown/integrate-applications/connectors-ie-methods.md","303","method-parameter-ie.md#GetOuterHTML-output-return-string","","markdown/integrate-applications/method-parameter-ie.md#GetOuterHTML-output-return-string","GetOuterHTML-output-return-string","markdown/integrate-applications/method-parameter-ie.md","Return (String)","","","","","2","","table_rfq_qpm_3rb","0"
"none","0","missing target anchor","markdown/integrate-applications/connectors-ie-methods.md","311","method-parameter-ie.md#GetURL-output-return-string","","markdown/integrate-applications/method-parameter-ie.md#GetURL-output-return-string","GetURL-output-return-string","markdown/integrate-applications/method-parameter-ie.md","Return (String)","","","","","2","","table_rfq_qpm_3rb","0"
"none","0","missing target anchor","markdown/integrate-applications/connectors-msword-methods.md","693","method-parameter-msword.md#RowIndex","","markdown/integrate-applications/method-parameter-msword.md#RowIndex","RowIndex","markdown/integrate-applications/method-parameter-msword.md","RowIndex","","","","","2","","table_rfq_qpm_3rb","0"
"none","0","missing target anchor","markdown/integrate-applications/connectors-queues-methods.md","34","queue-connector-method-parameters.md#parameter-input-createjsonworkitem-name","","markdown/integrate-applications/queue-connector-method-parameters.md#parameter-input-createjsonworkitem-name","parameter-input-createjsonworkitem-name","markdown/integrate-applications/queue-connector-method-parameters.md","Name","","","","","2","","table_xtx_rgh_srb","0"
"none","0","missing target anchor","markdown/integrate-applications/connectors-queues-methods.md","36","queue-connector-method-parameters.md#parameter-input-createjsonworkitem-priority","","markdown/integrate-applications/queue-connector-method-parameters.md#parameter-input-createjsonworkitem-priority","parameter-input-createjsonworkitem-priority","markdown/integrate-applications/queue-connector-method-parameters.md","Priority","","","","","2","","table_xtx_rgh_srb","0"
"none","0","missing target anchor","markdown/integrate-applications/connectors-queues-methods.md","40","queue-connector-method-parameters.md#parameter-output-createjsonworkitem-workitemid","","markdown/integrate-applications/queue-connector-method-parameters.md#parameter-output-createjsonworkitem-workitemid","parameter-output-createjsonworkitem-workitemid","markdown/integrate-applications/queue-connector-method-parameters.md","WorkItemId","","","","","2","","table_xtx_rgh_srb","0"
"none","0","missing target anchor","markdown/integrate-applications/connectors-queues-methods.md","42","queue-connector-method-parameters.md#parameter-output-createjsonworkitem-isnameexists","","markdown/integrate-applications/queue-connector-method-parameters.md#parameter-output-createjsonworkitem-isnameexists","parameter-output-createjsonworkitem-isnameexists","markdown/integrate-applications/queue-connector-method-parameters.md","IsNameExists","","","","","2","","table_xtx_rgh_srb","0"
"none","0","missing target anchor","markdown/integrate-applications/connectors-queues-methods.md","135","queue-connector-method-parameters.md#paramater-input-CreateStringWorkItem-requestcontent","","markdown/integrate-applications/queue-connector-method-parameters.md#paramater-input-CreateStringWorkItem-requestcontent","paramater-input-CreateStringWorkItem-requestcontent","markdown/integrate-applications/queue-connector-method-parameters.md","RequestContent","","","","","2","","table_xtx_rgh_srb","0"
"none","0","missing target anchor","markdown/integrate-applications/connectors-queues-methods.md","137","queue-connector-method-parameters.md#parameter-input-createjsonworkitem-name","","markdown/integrate-applications/queue-connector-method-parameters.md#parameter-input-createjsonworkitem-name","parameter-input-createjsonworkitem-name","markdown/integrate-applications/queue-connector-method-parameters.md","Name","","","","","2","","table_xtx_rgh_srb","0"
"none","0","missing target anchor","markdown/integrate-applications/connectors-queues-methods.md","141","queue-connector-method-parameters.md#parameter-output-createjsonworkitem-workitemid","","markdown/integrate-applications/queue-connector-method-parameters.md#parameter-output-createjsonworkitem-workitemid","parameter-output-createjsonworkitem-workitemid","markdown/integrate-applications/queue-connector-method-parameters.md","WorkItemId","","","","","2","","table_xtx_rgh_srb","0"
"none","0","missing target anchor","markdown/integrate-applications/connectors-queues-methods.md","143","queue-connector-method-parameters.md#parameter-output-createjsonworkitem-isnameexists","","markdown/integrate-applications/queue-connector-method-parameters.md#parameter-output-createjsonworkitem-isnameexists","parameter-output-createjsonworkitem-isnameexists","markdown/integrate-applications/queue-connector-method-parameters.md","IsNameExists","","","","","2","","table_xtx_rgh_srb","0"
"none","0","missing target anchor","markdown/integrate-applications/connectors-queues-methods.md","210","queue-connector-method-parameters.md#parameter-input-getworkitem-limit","","markdown/integrate-applications/queue-connector-method-parameters.md#parameter-input-getworkitem-limit","parameter-input-getworkitem-limit","markdown/integrate-applications/queue-connector-method-parameters.md","Limit","","","","","2","","table_xtx_rgh_srb","0"
"none","0","missing target anchor","markdown/integrate-applications/connectors-queues-methods.md","214","queue-connector-method-parameters.md#parameter-output-getworkitem-totalcount","","markdown/integrate-applications/queue-connector-method-parameters.md#parameter-output-getworkitem-totalcount","parameter-output-getworkitem-totalcount","markdown/integrate-applications/queue-connector-method-parameters.md","TotalCount","","","","","2","","table_xtx_rgh_srb","0"
"none","0","missing target anchor","markdown/integrate-applications/connectors-queues-methods.md","344","queue-connector-method-parameters.md#parameter-input-createjsonworkitem-priority","","markdown/integrate-applications/queue-connector-method-parameters.md#parameter-input-createjsonworkitem-priority","parameter-input-createjsonworkitem-priority","markdown/integrate-applications/queue-connector-method-parameters.md","Priority","","","","","2","","table_xtx_rgh_srb","0"
"none","0","missing target anchor","markdown/integrate-applications/connectors-queues-methods.md","348","queue-connector-method-parameters.md#parameter-output-createjsonworkitem-workitemid","","markdown/integrate-applications/queue-connector-method-parameters.md#parameter-output-createjsonworkitem-workitemid","parameter-output-createjsonworkitem-workitemid","markdown/integrate-applications/queue-connector-method-parameters.md","WorkItemId","","","","","2","","table_xtx_rgh_srb","0"
"none","0","missing target anchor","markdown/integrate-applications/connectors-queues-methods.md","350","queue-connector-method-parameters.md#paramater-input-CreateStringWorkItem-requestcontent","","markdown/integrate-applications/queue-connector-method-parameters.md#paramater-input-CreateStringWorkItem-requestcontent","paramater-input-CreateStringWorkItem-requestcontent","markdown/integrate-applications/queue-connector-method-parameters.md","RequestContent","","","","","2","","table_xtx_rgh_srb","0"
"none","0","missing target anchor","markdown/integrate-applications/connectors-queues-methods.md","495","queue-connector-method-parameters.md#parameter-output-createjsonworkitem-workitemid","","markdown/integrate-applications/queue-connector-method-parameters.md#parameter-output-createjsonworkitem-workitemid","parameter-output-createjsonworkitem-workitemid","markdown/integrate-applications/queue-connector-method-parameters.md","WorkItemId","","","","","2","","table_xtx_rgh_srb","0"
"none","0","missing target anchor","markdown/integrate-applications/connectors-queues-methods.md","499","queue-connector-method-parameters.md#parameter-output-releaseworkitem-return","","markdown/integrate-applications/queue-connector-method-parameters.md#parameter-output-releaseworkitem-return","parameter-output-releaseworkitem-return","markdown/integrate-applications/queue-connector-method-parameters.md","Return","","","","","2","","table_xtx_rgh_srb","0"
"none","0","missing target anchor","markdown/integrate-applications/connectors-queues-methods.md","508","queue-connector-method-parameters.md#parameter-output-createjsonworkitem-workitemid","","markdown/integrate-applications/queue-connector-method-parameters.md#parameter-output-createjsonworkitem-workitemid","parameter-output-createjsonworkitem-workitemid","markdown/integrate-applications/queue-connector-method-parameters.md","WorkItemId","","","","","2","","table_xtx_rgh_srb","0"
"none","0","missing target anchor","markdown/integrate-applications/connectors-queues-methods.md","510","queue-connector-method-parameters.md#paramater-input-CreateStringWorkItem-requestcontent","","markdown/integrate-applications/queue-connector-method-parameters.md#paramater-input-CreateStringWorkItem-requestcontent","paramater-input-CreateStringWorkItem-requestcontent","markdown/integrate-applications/queue-connector-method-parameters.md","RequestContent","","","","","2","","table_xtx_rgh_srb","0"
"none","0","missing target anchor","markdown/integrate-applications/connectors-queues-methods.md","512","queue-connector-method-parameters.md#parameter-input-updateworkitem-releasemode","","markdown/integrate-applications/queue-connector-method-parameters.md#parameter-input-updateworkitem-releasemode","parameter-input-updateworkitem-releasemode","markdown/integrate-applications/queue-connector-method-parameters.md","ReleaseMode","","","","","2","","table_xtx_rgh_srb","0"
"none","0","missing target anchor","markdown/integrate-applications/connectors-queues-methods.md","514","queue-connector-method-parameters.md#parameter-input-createjsonworkitem-priority","","markdown/integrate-applications/queue-connector-method-parameters.md#parameter-input-createjsonworkitem-priority","parameter-input-createjsonworkitem-priority","markdown/integrate-applications/queue-connector-method-parameters.md","Priority","","","","","2","","table_xtx_rgh_srb","0"
"none","0","missing target anchor","markdown/integrate-applications/connectors-queues-methods.md","516","queue-connector-method-parameters.md#parameter-input-pickworkitem-status","","markdown/integrate-applications/queue-connector-method-parameters.md#parameter-input-pickworkitem-status","parameter-input-pickworkitem-status","markdown/integrate-applications/queue-connector-method-parameters.md","Status","","","","","2","","table_xtx_rgh_srb","0"
"none","0","missing target anchor","markdown/integrate-applications/connectors-queues-methods.md","518","queue-connector-method-parameters.md#parameter-input-exception-type","","markdown/integrate-applications/queue-connector-method-parameters.md#parameter-input-exception-type","parameter-input-exception-type","markdown/integrate-applications/queue-connector-method-parameters.md","Exception Type","","","","","2","","table_xtx_rgh_srb","0"
"none","0","missing target anchor","markdown/integrate-applications/connectors-systemevents-methods.md","106","parameters-systemevents-methods.md#watchfilesystem-input-filepath","","markdown/integrate-applications/parameters-systemevents-methods.md#watchfilesystem-input-filepath","watchfilesystem-input-filepath","markdown/integrate-applications/parameters-systemevents-methods.md","Path","","","","","2","","configure-inputs-for-the-parameters","0"
"none","0","missing target anchor","markdown/integrate-applications/connectors-systemevents-methods.md","108","parameters-systemevents-methods.md#watchfilesystem-input-filetypes","","markdown/integrate-applications/parameters-systemevents-methods.md#watchfilesystem-input-filetypes","watchfilesystem-input-filetypes","markdown/integrate-applications/parameters-systemevents-methods.md","FileTypes","","","","","2","","configure-inputs-for-the-parameters","0"
"none","0","missing target anchor","markdown/integrate-applications/connectors-systemevents-methods.md","110","parameters-systemevents-methods.md#watchfilesystem-input-subdirectories","","markdown/integrate-applications/parameters-systemevents-methods.md#watchfilesystem-input-subdirectories","watchfilesystem-input-subdirectories","markdown/integrate-applications/parameters-systemevents-methods.md","SubDirectories (Boolean)","","","","","2","","configure-inputs-for-the-parameters","0"
"none","0","missing target anchor","markdown/integrate-applications/connectors-windows-methods.md","44","method-parameter-windows.md#Path-windows","","markdown/integrate-applications/method-parameter-windows.md#Path-windows","Path-windows","markdown/integrate-applications/method-parameter-windows.md","Path","","","","","2","","enter-inputs-for-parameters","0"
"none","0","missing target anchor","markdown/integrate-applications/connectors-windows-methods.md","53","method-parameter-windows.md#Args-windows","","markdown/integrate-applications/method-parameter-windows.md#Args-windows","Args-windows","markdown/integrate-applications/method-parameter-windows.md","Args","","","","","2","","enter-inputs-for-parameters","0"
"none","0","missing target anchor","markdown/integrate-applications/connectors-windows-methods.md","53","method-parameter-windows.md#Path-windows","","markdown/integrate-applications/method-parameter-windows.md#Path-windows","Path-windows","markdown/integrate-applications/method-parameter-windows.md","Path","","","","","2","","enter-inputs-for-parameters","0"
"none","0","missing target anchor","markdown/integrate-applications/connectors-windows-methods.md","79","method-parameter-windows.md#GetFields-output-formelementdata","","markdown/integrate-applications/method-parameter-windows.md#GetFields-output-formelementdata","GetFields-output-formelementdata","markdown/integrate-applications/method-parameter-windows.md","Form element data","","","","","2","","enter-inputs-for-parameters","0"
"none","0","missing target anchor","markdown/integrate-applications/connectors-windows-methods.md","88","method-parameter-windows.md#GetScreenShot-return-Bitmap","","markdown/integrate-applications/method-parameter-windows.md#GetScreenShot-return-Bitmap","GetScreenShot-return-Bitmap","markdown/integrate-applications/method-parameter-windows.md","Return (Bitmap)","","","","","2","","enter-inputs-for-parameters","0"
"none","0","missing target anchor","markdown/integrate-applications/connectors-windows-methods.md","97","application-level-method-parameters.md#common-parameter-input-matchallchildren","","markdown/integrate-applications/application-level-method-parameters.md#common-parameter-input-matchallchildren","common-parameter-input-matchallchildren","markdown/integrate-applications/application-level-method-parameters.md","MatchAllChildren","","","","","1","","",""
"none","0","missing target anchor","markdown/integrate-applications/connectors-windows-methods.md","101","application-level-method-parameters.md#common-parameter-output-return-boolean-iscreated","","markdown/integrate-applications/application-level-method-parameters.md#common-parameter-output-return-boolean-iscreated","common-parameter-output-return-boolean-iscreated","markdown/integrate-applications/application-level-method-parameters.md","Return (Boolean)","","","","","1","","",""
"none","0","missing target anchor","markdown/integrate-applications/connectors-windows-methods.md","118","application-level-method-parameters.md#common-parameter-inputs-keys","","markdown/integrate-applications/application-level-method-parameters.md#common-parameter-inputs-keys","common-parameter-inputs-keys","markdown/integrate-applications/application-level-method-parameters.md","Keys","","","","","1","","",""
"none","0","missing target anchor","markdown/integrate-applications/connectors-windows-methods.md","120","application-level-method-parameters.md#common-parameter-input-ClearExistingValue","","markdown/integrate-applications/application-level-method-parameters.md#common-parameter-input-ClearExistingValue","common-parameter-input-ClearExistingValue","markdown/integrate-applications/application-level-method-parameters.md","ClearExistingValue (Boolean)","","","","","1","","",""
"none","0","missing target anchor","markdown/integrate-applications/connectors-windows-methods.md","122","application-level-method-parameters.md#common-parameter-input-typedelay","","markdown/integrate-applications/application-level-method-parameters.md#common-parameter-input-typedelay","common-parameter-input-typedelay","markdown/integrate-applications/application-level-method-parameters.md","TypeDelay","","","","","1","","",""
"none","0","missing target anchor","markdown/integrate-applications/connectors-windows-methods.md","136","method-parameter-windows.md#setfields-input-Formdatafield","","markdown/integrate-applications/method-parameter-windows.md#setfields-input-Formdatafield","setfields-input-Formdatafield","markdown/integrate-applications/method-parameter-windows.md","Form data field","","","","","2","","enter-inputs-for-parameters","0"
"none","0","missing target anchor","markdown/integrate-applications/connectors-windows-methods.md","145","application-level-method-parameters.md#common-parameter-input-timeoutInSeconds","","markdown/integrate-applications/application-level-method-parameters.md#common-parameter-input-timeoutInSeconds","common-parameter-input-timeoutInSeconds","markdown/integrate-applications/application-level-method-parameters.md","timeoutInSeconds","","","","","1","","",""
"none","0","missing target anchor","markdown/integrate-applications/connectors-windows-methods.md","147","application-level-method-parameters.md#common-parameter-input-matchallchildren","","markdown/integrate-applications/application-level-method-parameters.md#common-parameter-input-matchallchildren","common-parameter-input-matchallchildren","markdown/integrate-applications/application-level-method-parameters.md","MatchAllChildren","","","","","1","","",""
"none","0","missing target anchor","markdown/integrate-applications/connectors-windows-methods.md","151","application-level-method-parameters.md#common-parameter-output-Return-Boolean-waitforcreate","","markdown/integrate-applications/application-level-method-parameters.md#common-parameter-output-Return-Boolean-waitforcreate","common-parameter-output-Return-Boolean-waitforcreate","markdown/integrate-applications/application-level-method-parameters.md","Return (Boolean)","","","","","1","","",""
"none","0","missing target anchor","markdown/integrate-applications/connectors-windows-methods.md","168","element-level-method-parameters.md#parameter-common-output-iscreated","","markdown/integrate-applications/element-level-method-parameters.md#parameter-common-output-iscreated","parameter-common-output-iscreated","markdown/integrate-applications/element-level-method-parameters.md","Return (Boolean)","","","","","1","","",""
"none","0","missing target anchor","markdown/integrate-applications/connectors-windows-methods.md","177","element-level-method-parameters.md#parameter-common-sendkeys-keys-string","","markdown/integrate-applications/element-level-method-parameters.md#parameter-common-sendkeys-keys-string","parameter-common-sendkeys-keys-string","markdown/integrate-applications/element-level-method-parameters.md","Keys (String)","","","","","1","","",""
"none","0","missing target anchor","markdown/integrate-applications/connectors-windows-methods.md","179","element-level-method-parameters.md#parameters-common-input-clearexistingvalue","","markdown/integrate-applications/element-level-method-parameters.md#parameters-common-input-clearexistingvalue","parameters-common-input-clearexistingvalue","markdown/integrate-applications/element-level-method-parameters.md","ClearExistingValue","","","","","1","","",""
"none","0","missing target anchor","markdown/integrate-applications/connectors-windows-methods.md","181","element-level-method-parameters.md#parameters-common-input-typedelay","","markdown/integrate-applications/element-level-method-parameters.md#parameters-common-input-typedelay","parameters-common-input-typedelay","markdown/integrate-applications/element-level-method-parameters.md","TypeDelay (Double)","","","","","1","","",""
"low","65","missing target anchor","markdown/integrate-applications/integration-hub-remote-process-sync/getting-started-with-remote-process-sync.md","369","getting-started-with-remote-process-sync.md#remote-systems","getting-started-with-remote-process-sync.md#getting-started-with-remote-process-sync","markdown/integrate-applications/integration-hub-remote-process-sync/getting-started-with-remote-process-sync.md#remote-systems","remote-systems","markdown/integrate-applications/integration-hub-remote-process-sync/getting-started-with-remote-process-sync.md","Remote System","getting-started-with-remote-process-sync","Getting started with Remote Process Sync","h1","14","15","link/candidate token overlap 0.50","before-getting-started-with-your-remote-process-sync-integration","65"
"low","65","missing target anchor","markdown/integrate-applications/integration-hub-remote-process-sync/getting-started-with-remote-process-sync.md","501","getting-started-with-remote-process-sync.md#remote-systems","getting-started-with-remote-process-sync.md#getting-started-with-remote-process-sync","markdown/integrate-applications/integration-hub-remote-process-sync/getting-started-with-remote-process-sync.md#remote-systems","remote-systems","markdown/integrate-applications/integration-hub-remote-process-sync/getting-started-with-remote-process-sync.md","Remote System","getting-started-with-remote-process-sync","Getting started with Remote Process Sync","h1","14","15","link/candidate token overlap 0.50","before-getting-started-with-your-remote-process-sync-integration","65"
"low","65","missing target anchor","markdown/integrate-applications/integration-hub/aha-ext-triggers.md","79","aha-spoke.md#section_wjk_vm2_t3c","aha-spoke.md#aha-spoke","markdown/integrate-applications/integration-hub/aha-spoke.md#section_wjk_vm2_t3c","section_wjk_vm2_t3c","markdown/integrate-applications/integration-hub/aha-spoke.md","Spoke triggers","aha-spoke","Aha! Spoke","h1","14","12","link/candidate token overlap 0.50","spoke-version","65"
"low","65","missing target anchor","markdown/integrate-applications/integration-hub/ssh-step-action-designer.md","153","jdbc-step.md#section_gqd_cy4_qhb","jdbc-step.md#sanitizing-inputs","markdown/integrate-applications/integration-hub/jdbc-step.md#section_gqd_cy4_qhb","section_gqd_cy4_qhb","markdown/integrate-applications/integration-hub/jdbc-step.md","Sanitizing arguments using the escape class and function","sanitizing-inputs","Sanitizing inputs","h2","27","6","link/candidate token overlap 0.50","jdbc-step","0"
"none","0","missing target anchor","markdown/integrate-applications/sap-connector-methods.md","202","sap-element-methods.md#dlentry_owc_313_12c","","markdown/integrate-applications/sap-element-methods.md#dlentry_owc_313_12c","dlentry_owc_313_12c","markdown/integrate-applications/sap-element-methods.md","Click","","","","","16","","common-methods","0"
"none","0","missing target anchor","markdown/integrate-applications/sap-connector-methods.md","203","sap-element-methods.md#dlentry_ks3_jlk_q1c","","markdown/integrate-applications/sap-element-methods.md#dlentry_ks3_jlk_q1c","dlentry_ks3_jlk_q1c","markdown/integrate-applications/sap-element-methods.md","Highlight","","","","","16","","common-methods","0"
"none","0","missing target anchor","markdown/integrate-applications/sap-connector-methods.md","204","sap-element-methods.md#dlentry_l11_llk_q1c","","markdown/integrate-applications/sap-element-methods.md#dlentry_l11_llk_q1c","dlentry_l11_llk_q1c","markdown/integrate-applications/sap-element-methods.md","IsCreated","","","","","16","","common-methods","0"
"none","0","missing target anchor","markdown/integrate-applications/sap-connector-methods.md","205","sap-element-methods.md#dlentry_a5s_qlk_q1c","","markdown/integrate-applications/sap-element-methods.md#dlentry_a5s_qlk_q1c","dlentry_a5s_qlk_q1c","markdown/integrate-applications/sap-element-methods.md","MouseClick","","","","","16","","common-methods","0"
"none","0","missing target anchor","markdown/integrate-applications/sap-connector-methods.md","206","sap-element-methods.md#dlentry_jnx_rjl_zdc","","markdown/integrate-applications/sap-element-methods.md#dlentry_jnx_rjl_zdc","dlentry_jnx_rjl_zdc","markdown/integrate-applications/sap-element-methods.md","SendKeys","","","","","16","","common-methods","0"
"none","0","missing target anchor","markdown/integrate-applications/sap-connector-methods.md","207","sap-element-methods.md#dlentry_j5g_nlk_q1c","","markdown/integrate-applications/sap-element-methods.md#dlentry_j5g_nlk_q1c","dlentry_j5g_nlk_q1c","markdown/integrate-applications/sap-element-methods.md","SetFocus","","","","","16","","common-methods","0"
"none","0","missing target anchor","markdown/integrate-applications/sap-connector-methods.md","208","sap-element-methods.md#dlentry_lvb_5lk_q1c","","markdown/integrate-applications/sap-element-methods.md#dlentry_lvb_5lk_q1c","dlentry_lvb_5lk_q1c","markdown/integrate-applications/sap-element-methods.md","WaitForCreate","","","","","16","","common-methods","0"
"none","0","missing target anchor","markdown/integrate-applications/sap-connector-methods.md","213","sap-element-methods.md#dlentry_ks3_jlk_q1c","","markdown/integrate-applications/sap-element-methods.md#dlentry_ks3_jlk_q1c","dlentry_ks3_jlk_q1c","markdown/integrate-applications/sap-element-methods.md","Highlight","","","","","16","","common-methods","0"
"none","0","missing target anchor","markdown/integrate-applications/sap-connector-methods.md","214","sap-element-methods.md#dlentry_nhz_grc_s1c","","markdown/integrate-applications/sap-element-methods.md#dlentry_nhz_grc_s1c","dlentry_nhz_grc_s1c","markdown/integrate-applications/sap-element-methods.md","IsChecked","","","","","16","","common-methods","0"
"none","0","missing target anchor","markdown/integrate-applications/sap-connector-methods.md","215","sap-element-methods.md#dlentry_l11_llk_q1c","","markdown/integrate-applications/sap-element-methods.md#dlentry_l11_llk_q1c","dlentry_l11_llk_q1c","markdown/integrate-applications/sap-element-methods.md","IsCreated","","","","","16","","common-methods","0"
"none","0","missing target anchor","markdown/integrate-applications/sap-connector-methods.md","216","sap-element-methods.md#dlentry_jnx_rjl_zdc","","markdown/integrate-applications/sap-element-methods.md#dlentry_jnx_rjl_zdc","dlentry_jnx_rjl_zdc","markdown/integrate-applications/sap-element-methods.md","SendKeys","","","","","16","","common-methods","0"
"none","0","missing target anchor","markdown/integrate-applications/sap-connector-methods.md","217","sap-element-methods.md#dlentry_j5g_nlk_q1c","","markdown/integrate-applications/sap-element-methods.md#dlentry_j5g_nlk_q1c","dlentry_j5g_nlk_q1c","markdown/integrate-applications/sap-element-methods.md","SetFocus","","","","","16","","common-methods","0"
"none","0","missing target anchor","markdown/integrate-applications/sap-connector-methods.md","218","sap-element-methods.md#dlentry_mkk_hsb_s1c","","markdown/integrate-applications/sap-element-methods.md#dlentry_mkk_hsb_s1c","dlentry_mkk_hsb_s1c","markdown/integrate-applications/sap-element-methods.md","Uncheck","","","","","16","","common-methods","0"
"none","0","missing target anchor","markdown/integrate-applications/sap-connector-methods.md","219","sap-element-methods.md#dlentry_a5s_qlk_q1c","","markdown/integrate-applications/sap-element-methods.md#dlentry_a5s_qlk_q1c","dlentry_a5s_qlk_q1c","markdown/integrate-applications/sap-element-methods.md","MouseClick","","","","","16","","common-methods","0"
"none","0","missing target anchor","markdown/integrate-applications/sap-connector-methods.md","220","sap-element-methods.md#dlentry_lvb_5lk_q1c","","markdown/integrate-applications/sap-element-methods.md#dlentry_lvb_5lk_q1c","dlentry_lvb_5lk_q1c","markdown/integrate-applications/sap-element-methods.md","WaitForCreate","","","","","16","","common-methods","0"
"none","0","missing target anchor","markdown/integrate-applications/sap-connector-methods.md","224","sap-element-methods.md#dlentry_ufs_xgl_q1c","","markdown/integrate-applications/sap-element-methods.md#dlentry_ufs_xgl_q1c","dlentry_ufs_xgl_q1c","markdown/integrate-applications/sap-element-methods.md","Get","","","","","16","","common-methods","0"
"none","0","missing target anchor","markdown/integrate-applications/sap-connector-methods.md","225","sap-element-methods.md#dlentry_sqn_phl_q1c","","markdown/integrate-applications/sap-element-methods.md#dlentry_sqn_phl_q1c","dlentry_sqn_phl_q1c","markdown/integrate-applications/sap-element-methods.md","GetIconName","","","","","16","","common-methods","0"
"none","0","missing target anchor","markdown/integrate-applications/sap-connector-methods.md","226","sap-element-methods.md#dlentry_as5_ygl_q1c","","markdown/integrate-applications/sap-element-methods.md#dlentry_as5_ygl_q1c","dlentry_as5_ygl_q1c","markdown/integrate-applications/sap-element-methods.md","GetList","","","","","16","","common-methods","0"
"none","0","missing target anchor","markdown/integrate-applications/sap-connector-methods.md","227","sap-element-methods.md#dlentry_ks3_jlk_q1c","","markdown/integrate-applications/sap-element-methods.md#dlentry_ks3_jlk_q1c","dlentry_ks3_jlk_q1c","markdown/integrate-applications/sap-element-methods.md","Highlight","","","","","16","","common-methods","0"
"none","0","missing target anchor","markdown/integrate-applications/sap-connector-methods.md","228","sap-element-methods.md#dlentry_l11_llk_q1c","","markdown/integrate-applications/sap-element-methods.md#dlentry_l11_llk_q1c","dlentry_l11_llk_q1c","markdown/integrate-applications/sap-element-methods.md","IsCreated","","","","","16","","common-methods","0"
"none","0","missing target anchor","markdown/integrate-applications/sap-connector-methods.md","229","sap-element-methods.md#dlentry_jnx_rjl_zdc","","markdown/integrate-applications/sap-element-methods.md#dlentry_jnx_rjl_zdc","dlentry_jnx_rjl_zdc","markdown/integrate-applications/sap-element-methods.md","SendKeys","","","","","16","","common-methods","0"
"none","0","missing target anchor","markdown/integrate-applications/sap-connector-methods.md","230","sap-element-methods.md#dlentry_gcm_hhl_q1c","","markdown/integrate-applications/sap-element-methods.md#dlentry_gcm_hhl_q1c","dlentry_gcm_hhl_q1c","markdown/integrate-applications/sap-element-methods.md","Set","","","","","16","","common-methods","0"
"none","0","missing target anchor","markdown/integrate-applications/sap-connector-methods.md","231","sap-element-methods.md#dlentry_j5g_nlk_q1c","","markdown/integrate-applications/sap-element-methods.md#dlentry_j5g_nlk_q1c","dlentry_j5g_nlk_q1c","markdown/integrate-applications/sap-element-methods.md","SetFocus","","","","","16","","common-methods","0"
"none","0","missing target anchor","markdown/integrate-applications/sap-connector-methods.md","232","sap-element-methods.md#dlentry_a5s_qlk_q1c","","markdown/integrate-applications/sap-element-methods.md#dlentry_a5s_qlk_q1c","dlentry_a5s_qlk_q1c","markdown/integrate-applications/sap-element-methods.md","MouseClick","","","","","16","","common-methods","0"
"none","0","missing target anchor","markdown/integrate-applications/sap-connector-methods.md","233","sap-element-methods.md#dlentry_lvb_5lk_q1c","","markdown/integrate-applications/sap-element-methods.md#dlentry_lvb_5lk_q1c","dlentry_lvb_5lk_q1c","markdown/integrate-applications/sap-element-methods.md","WaitForCreate","","","","","16","","common-methods","0"
"none","0","missing target anchor","markdown/integrate-applications/sap-connector-methods.md","237","sap-element-methods.md#dlentry_jgp_njc_b2c","","markdown/integrate-applications/sap-element-methods.md#dlentry_jgp_njc_b2c","dlentry_jgp_njc_b2c","markdown/integrate-applications/sap-element-methods.md","ClickButtonCell","","","","","16","","common-methods","0"
"none","0","missing target anchor","markdown/integrate-applications/sap-connector-methods.md","238","sap-element-methods.md#dlentry_u1t_z3c_b2c","","markdown/integrate-applications/sap-element-methods.md#dlentry_u1t_z3c_b2c","dlentry_u1t_z3c_b2c","markdown/integrate-applications/sap-element-methods.md","ClickCell","","","","","16","","common-methods","0"
"none","0","missing target anchor","markdown/integrate-applications/sap-connector-methods.md","239","sap-element-methods.md#dlentry_bkz_z3c_b2c","","markdown/integrate-applications/sap-element-methods.md#dlentry_bkz_z3c_b2c","dlentry_bkz_z3c_b2c","markdown/integrate-applications/sap-element-methods.md","DeselectAllRows","","","","","16","","common-methods","0"
"none","0","missing target anchor","markdown/integrate-applications/sap-connector-methods.md","240","sap-element-methods.md#dlentry_tlf_1jc_b2c","","markdown/integrate-applications/sap-element-methods.md#dlentry_tlf_1jc_b2c","dlentry_tlf_1jc_b2c","markdown/integrate-applications/sap-element-methods.md","GetCellType","","","","","16","","common-methods","0"
"none","0","missing target anchor","markdown/integrate-applications/sap-connector-methods.md","241","sap-element-methods.md#dlentry_vdm_1jc_b2c","","markdown/integrate-applications/sap-element-methods.md#dlentry_vdm_1jc_b2c","dlentry_vdm_1jc_b2c","markdown/integrate-applications/sap-element-methods.md","GetCellValue","","","","","16","","common-methods","0"
"none","0","missing target anchor","markdown/integrate-applications/sap-connector-methods.md","242","sap-element-methods.md#dlentry_sns_1jc_b2c","","markdown/integrate-applications/sap-element-methods.md#dlentry_sns_1jc_b2c","dlentry_sns_1jc_b2c","markdown/integrate-applications/sap-element-methods.md","GetColumns","","","","","16","","common-methods","0"
"none","0","missing target anchor","markdown/integrate-applications/sap-connector-methods.md","243","sap-element-methods.md#dlentry_pdz_1jc_b2c","","markdown/integrate-applications/sap-element-methods.md#dlentry_pdz_1jc_b2c","dlentry_pdz_1jc_b2c","markdown/integrate-applications/sap-element-methods.md","GetColumnsKeyValuePair","","","","","16","","common-methods","0"
"none","0","missing target anchor","markdown/integrate-applications/sap-connector-methods.md","244","sap-element-methods.md#dlentry_c5g_bjc_b2c","","markdown/integrate-applications/sap-element-methods.md#dlentry_c5g_bjc_b2c","dlentry_c5g_bjc_b2c","markdown/integrate-applications/sap-element-methods.md","GetRowCount","","","","","16","","common-methods","0"
"none","0","missing target anchor","markdown/integrate-applications/sap-connector-methods.md","245","sap-element-methods.md#dlentry_dkr_bjc_b2c","","markdown/integrate-applications/sap-element-methods.md#dlentry_dkr_bjc_b2c","dlentry_dkr_bjc_b2c","markdown/integrate-applications/sap-element-methods.md","GetRows","","","","","16","","common-methods","0"
"none","0","missing target anchor","markdown/integrate-applications/sap-connector-methods.md","246","sap-element-methods.md#dlentry_o3z_bjc_b2c","","markdown/integrate-applications/sap-element-methods.md#dlentry_o3z_bjc_b2c","dlentry_o3z_bjc_b2c","markdown/integrate-applications/sap-element-methods.md","GetRowsByColumn","","","","","16","","common-methods","0"
"none","0","missing target anchor","markdown/integrate-applications/sap-connector-methods.md","247","sap-element-methods.md#dlentry_g2g_cjc_b2c","","markdown/integrate-applications/sap-element-methods.md#dlentry_g2g_cjc_b2c","dlentry_g2g_cjc_b2c","markdown/integrate-applications/sap-element-methods.md","GetSelectedColumns","","","","","16","","common-methods","0"
"none","0","missing target anchor","markdown/integrate-applications/sap-connector-methods.md","248","sap-element-methods.md#dlentry_m5n_cjc_b2c","","markdown/integrate-applications/sap-element-methods.md#dlentry_m5n_cjc_b2c","dlentry_m5n_cjc_b2c","markdown/integrate-applications/sap-element-methods.md","GetSelectedRows","","","","","16","","common-methods","0"
"none","0","missing target anchor","markdown/integrate-applications/sap-connector-methods.md","249","sap-element-methods.md#dlentry_sm5_cjc_b2c","","markdown/integrate-applications/sap-element-methods.md#dlentry_sm5_cjc_b2c","dlentry_sm5_cjc_b2c","markdown/integrate-applications/sap-element-methods.md","GetSingleRow","","","","","16","","common-methods","0"
"none","0","missing target anchor","markdown/integrate-applications/sap-connector-methods.md","250","sap-element-methods.md#dlentry_vwb_djc_b2c","","markdown/integrate-applications/sap-element-methods.md#dlentry_vwb_djc_b2c","dlentry_vwb_djc_b2c","markdown/integrate-applications/sap-element-methods.md","GetVisibleRows","","","","","16","","common-methods","0"
"none","0","missing target anchor","markdown/integrate-applications/sap-connector-methods.md","251","sap-element-methods.md#dlentry_ks3_jlk_q1c","","markdown/integrate-applications/sap-element-methods.md#dlentry_ks3_jlk_q1c","dlentry_ks3_jlk_q1c","markdown/integrate-applications/sap-element-methods.md","Highlight","","","","","16","","common-methods","0"
"none","0","missing target anchor","markdown/integrate-applications/sap-connector-methods.md","252","sap-element-methods.md#dlentry_l11_llk_q1c","","markdown/integrate-applications/sap-element-methods.md#dlentry_l11_llk_q1c","dlentry_l11_llk_q1c","markdown/integrate-applications/sap-element-methods.md","IsCreated","","","","","16","","common-methods","0"
"none","0","missing target anchor","markdown/integrate-applications/sap-connector-methods.md","253","sap-element-methods.md#dlentry_a5s_qlk_q1c","","markdown/integrate-applications/sap-element-methods.md#dlentry_a5s_qlk_q1c","dlentry_a5s_qlk_q1c","markdown/integrate-applications/sap-element-methods.md","MouseClick","","","","","16","","common-methods","0"
"none","0","missing target anchor","markdown/integrate-applications/sap-connector-methods.md","254","sap-element-methods.md#dlentry_jnx_rjl_zdc","","markdown/integrate-applications/sap-element-methods.md#dlentry_jnx_rjl_zdc","dlentry_jnx_rjl_zdc","markdown/integrate-applications/sap-element-methods.md","SendKeys","","","","","16","","common-methods","0"
"none","0","missing target anchor","markdown/integrate-applications/sap-connector-methods.md","255","sap-element-methods.md#dlentry_j5g_nlk_q1c","","markdown/integrate-applications/sap-element-methods.md#dlentry_j5g_nlk_q1c","dlentry_j5g_nlk_q1c","markdown/integrate-applications/sap-element-methods.md","SetFocus","","","","","16","","common-methods","0"
"none","0","missing target anchor","markdown/integrate-applications/sap-connector-methods.md","256","sap-element-methods.md#dlentry_nfj_djc_b2c","","markdown/integrate-applications/sap-element-methods.md#dlentry_nfj_djc_b2c","dlentry_nfj_djc_b2c","markdown/integrate-applications/sap-element-methods.md","SelectAllRows","","","","","16","","common-methods","0"
"none","0","missing target anchor","markdown/integrate-applications/sap-connector-methods.md","257","sap-element-methods.md#dlentry_mlv_djc_b2c","","markdown/integrate-applications/sap-element-methods.md#dlentry_mlv_djc_b2c","dlentry_mlv_djc_b2c","markdown/integrate-applications/sap-element-methods.md","SelectCell","","","","","16","","common-methods","0"
"none","0","missing target anchor","markdown/integrate-applications/sap-connector-methods.md","258","sap-element-methods.md#dlentry_d52_2jc_b2c","","markdown/integrate-applications/sap-element-methods.md#dlentry_d52_2jc_b2c","dlentry_d52_2jc_b2c","markdown/integrate-applications/sap-element-methods.md","SelectContextMenuItemById","","","","","16","","common-methods","0"
"none","0","missing target anchor","markdown/integrate-applications/sap-connector-methods.md","259","sap-element-methods.md#dlentry_cpl_2jc_b2c","","markdown/integrate-applications/sap-element-methods.md#dlentry_cpl_2jc_b2c","dlentry_cpl_2jc_b2c","markdown/integrate-applications/sap-element-methods.md","SelectContextMenuItemByPosition","","","","","16","","common-methods","0"
"none","0","missing target anchor","markdown/integrate-applications/sap-connector-methods.md","260","sap-element-methods.md#dlentry_zqs_2jc_b2c","","markdown/integrate-applications/sap-element-methods.md#dlentry_zqs_2jc_b2c","dlentry_zqs_2jc_b2c","markdown/integrate-applications/sap-element-methods.md","SelectContextMenuItemByText","","","","","16","","common-methods","0"
"none","0","missing target anchor","markdown/integrate-applications/sap-connector-methods.md","261","sap-element-methods.md#dlentry_unz_2jc_b2c","","markdown/integrate-applications/sap-element-methods.md#dlentry_unz_2jc_b2c","dlentry_unz_2jc_b2c","markdown/integrate-applications/sap-element-methods.md","SelectSingleRow","","","","","16","","common-methods","0"
"none","0","missing target anchor","markdown/integrate-applications/sap-connector-methods.md","262","sap-element-methods.md#dlentry_w1g_fjc_b2c","","markdown/integrate-applications/sap-element-methods.md#dlentry_w1g_fjc_b2c","dlentry_w1g_fjc_b2c","markdown/integrate-applications/sap-element-methods.md","SelectToolbarMenuItemById","","","","","16","","common-methods","0"
"none","0","missing target anchor","markdown/integrate-applications/sap-connector-methods.md","263","sap-element-methods.md#dlentry_h14_fjc_b2c","","markdown/integrate-applications/sap-element-methods.md#dlentry_h14_fjc_b2c","dlentry_h14_fjc_b2c","markdown/integrate-applications/sap-element-methods.md","SelectToolbarMenuItemByPosition","","","","","16","","common-methods","0"
"none","0","missing target anchor","markdown/integrate-applications/sap-connector-methods.md","264","sap-element-methods.md#dlentry_cfv_fjc_b2c","","markdown/integrate-applications/sap-element-methods.md#dlentry_cfv_fjc_b2c","dlentry_cfv_fjc_b2c","markdown/integrate-applications/sap-element-methods.md","SelectToolbarMenuItemByText","","","","","16","","common-methods","0"
"none","0","missing target anchor","markdown/integrate-applications/sap-connector-methods.md","265","sap-element-methods.md#dlentry_qxb_gjc_b2c","","markdown/integrate-applications/sap-element-methods.md#dlentry_qxb_gjc_b2c","dlentry_qxb_gjc_b2c","markdown/integrate-applications/sap-element-methods.md","SetCellValue","","","","","16","","common-methods","0"
"none","0","missing target anchor","markdown/integrate-applications/sap-connector-methods.md","266","sap-element-methods.md#dlentry_lvb_5lk_q1c","","markdown/integrate-applications/sap-element-methods.md#dlentry_lvb_5lk_q1c","dlentry_lvb_5lk_q1c","markdown/integrate-applications/sap-element-methods.md","WaitForCreate","","","","","16","","common-methods","0"
"none","0","missing target anchor","markdown/integrate-applications/sap-connector-methods.md","270","sap-element-methods.md#dlentry_ess_zzb_s1c","","markdown/integrate-applications/sap-element-methods.md#dlentry_ess_zzb_s1c","dlentry_ess_zzb_s1c","markdown/integrate-applications/sap-element-methods.md","GetText","","","","","16","","common-methods","0"
"none","0","missing target anchor","markdown/integrate-applications/sap-connector-methods.md","271","sap-element-methods.md#dlentry_ks3_jlk_q1c","","markdown/integrate-applications/sap-element-methods.md#dlentry_ks3_jlk_q1c","dlentry_ks3_jlk_q1c","markdown/integrate-applications/sap-element-methods.md","Highlight","","","","","16","","common-methods","0"
"none","0","missing target anchor","markdown/integrate-applications/sap-connector-methods.md","272","sap-element-methods.md#dlentry_l11_llk_q1c","","markdown/integrate-applications/sap-element-methods.md#dlentry_l11_llk_q1c","dlentry_l11_llk_q1c","markdown/integrate-applications/sap-element-methods.md","IsCreated","","","","","16","","common-methods","0"
"none","0","missing target anchor","markdown/integrate-applications/sap-connector-methods.md","273","sap-element-methods.md#dlentry_a5s_qlk_q1c","","markdown/integrate-applications/sap-element-methods.md#dlentry_a5s_qlk_q1c","dlentry_a5s_qlk_q1c","markdown/integrate-applications/sap-element-methods.md","MouseClick","","","","","16","","common-methods","0"
"none","0","missing target anchor","markdown/integrate-applications/sap-connector-methods.md","274","sap-element-methods.md#dlentry_jnx_rjl_zdc","","markdown/integrate-applications/sap-element-methods.md#dlentry_jnx_rjl_zdc","dlentry_jnx_rjl_zdc","markdown/integrate-applications/sap-element-methods.md","SendKeys","","","","","16","","common-methods","0"
"none","0","missing target anchor","markdown/integrate-applications/sap-connector-methods.md","275","sap-element-methods.md#dlentry_j5g_nlk_q1c","","markdown/integrate-applications/sap-element-methods.md#dlentry_j5g_nlk_q1c","dlentry_j5g_nlk_q1c","markdown/integrate-applications/sap-element-methods.md","SetFocus","","","","","16","","common-methods","0"
"none","0","missing target anchor","markdown/integrate-applications/sap-connector-methods.md","276","sap-element-methods.md#dlentry_lvb_5lk_q1c","","markdown/integrate-applications/sap-element-methods.md#dlentry_lvb_5lk_q1c","dlentry_lvb_5lk_q1c","markdown/integrate-applications/sap-element-methods.md","WaitForCreate","","","","","16","","common-methods","0"
"none","0","missing target anchor","markdown/integrate-applications/sap-connector-methods.md","280","sap-element-methods.md#dlentry_ks3_jlk_q1c","","markdown/integrate-applications/sap-element-methods.md#dlentry_ks3_jlk_q1c","dlentry_ks3_jlk_q1c","markdown/integrate-applications/sap-element-methods.md","Highlight","","","","","16","","common-methods","0"
"none","0","missing target anchor","markdown/integrate-applications/sap-connector-methods.md","281","sap-element-methods.md#dlentry_l11_llk_q1c","","markdown/integrate-applications/sap-element-methods.md#dlentry_l11_llk_q1c","dlentry_l11_llk_q1c","markdown/integrate-applications/sap-element-methods.md","IsCreated","","","","","16","","common-methods","0"
"none","0","missing target anchor","markdown/integrate-applications/sap-connector-methods.md","282","sap-element-methods.md#dlentry_jnx_rjl_zdc","","markdown/integrate-applications/sap-element-methods.md#dlentry_jnx_rjl_zdc","dlentry_jnx_rjl_zdc","markdown/integrate-applications/sap-element-methods.md","SendKeys","","","","","16","","common-methods","0"
"none","0","missing target anchor","markdown/integrate-applications/sap-connector-methods.md","283","sap-element-methods.md#dlentry_k53_c1c_s1c","","markdown/integrate-applications/sap-element-methods.md#dlentry_k53_c1c_s1c","dlentry_k53_c1c_s1c","markdown/integrate-applications/sap-element-methods.md","SetCaretPosition","","","","","16","","common-methods","0"
"none","0","missing target anchor","markdown/integrate-applications/sap-connector-methods.md","284","sap-element-methods.md#dlentry_j5g_nlk_q1c","","markdown/integrate-applications/sap-element-methods.md#dlentry_j5g_nlk_q1c","dlentry_j5g_nlk_q1c","markdown/integrate-applications/sap-element-methods.md","SetFocus","","","","","16","","common-methods","0"
"none","0","missing target anchor","markdown/integrate-applications/sap-connector-methods.md","285","sap-element-methods.md#dlentry_mwk_b1c_s1c","","markdown/integrate-applications/sap-element-methods.md#dlentry_mwk_b1c_s1c","dlentry_mwk_b1c_s1c","markdown/integrate-applications/sap-element-methods.md","SetText","","","","","16","","common-methods","0"
"none","0","missing target anchor","markdown/integrate-applications/sap-connector-methods.md","286","sap-element-methods.md#dlentry_a5s_qlk_q1c","","markdown/integrate-applications/sap-element-methods.md#dlentry_a5s_qlk_q1c","dlentry_a5s_qlk_q1c","markdown/integrate-applications/sap-element-methods.md","MouseClick","","","","","16","","common-methods","0"
"none","0","missing target anchor","markdown/integrate-applications/sap-connector-methods.md","287","sap-element-methods.md#dlentry_lvb_5lk_q1c","","markdown/integrate-applications/sap-element-methods.md#dlentry_lvb_5lk_q1c","dlentry_lvb_5lk_q1c","markdown/integrate-applications/sap-element-methods.md","WaitForCreate","","","","","16","","common-methods","0"
"none","0","missing target anchor","markdown/integrate-applications/sap-connector-methods.md","291","sap-element-methods.md#dlentry_ks3_jlk_q1c","","markdown/integrate-applications/sap-element-methods.md#dlentry_ks3_jlk_q1c","dlentry_ks3_jlk_q1c","markdown/integrate-applications/sap-element-methods.md","Highlight","","","","","16","","common-methods","0"
"none","0","missing target anchor","markdown/integrate-applications/sap-connector-methods.md","292","sap-element-methods.md#dlentry_nhz_grc_s1c","","markdown/integrate-applications/sap-element-methods.md#dlentry_nhz_grc_s1c","dlentry_nhz_grc_s1c","markdown/integrate-applications/sap-element-methods.md","IsChecked","","","","","16","","common-methods","0"
"none","0","missing target anchor","markdown/integrate-applications/sap-connector-methods.md","293","sap-element-methods.md#dlentry_l11_llk_q1c","","markdown/integrate-applications/sap-element-methods.md#dlentry_l11_llk_q1c","dlentry_l11_llk_q1c","markdown/integrate-applications/sap-element-methods.md","IsCreated","","","","","16","","common-methods","0"
"none","0","missing target anchor","markdown/integrate-applications/sap-connector-methods.md","294","sap-element-methods.md#dlentry_f5z_pqc_s1c","","markdown/integrate-applications/sap-element-methods.md#dlentry_f5z_pqc_s1c","dlentry_f5z_pqc_s1c","markdown/integrate-applications/sap-element-methods.md","Select","","","","","16","","common-methods","0"
"none","0","missing target anchor","markdown/integrate-applications/sap-connector-methods.md","295","sap-element-methods.md#dlentry_jnx_rjl_zdc","","markdown/integrate-applications/sap-element-methods.md#dlentry_jnx_rjl_zdc","dlentry_jnx_rjl_zdc","markdown/integrate-applications/sap-element-methods.md","SendKeys","","","","","16","","common-methods","0"
"none","0","missing target anchor","markdown/integrate-applications/sap-connector-methods.md","296","sap-element-methods.md#dlentry_j5g_nlk_q1c","","markdown/integrate-applications/sap-element-methods.md#dlentry_j5g_nlk_q1c","dlentry_j5g_nlk_q1c","markdown/integrate-applications/sap-element-methods.md","SetFocus","","","","","16","","common-methods","0"
"none","0","missing target anchor","markdown/integrate-applications/sap-connector-methods.md","297","sap-element-methods.md#dlentry_a5s_qlk_q1c","","markdown/integrate-applications/sap-element-methods.md#dlentry_a5s_qlk_q1c","dlentry_a5s_qlk_q1c","markdown/integrate-applications/sap-element-methods.md","MouseClick","","","","","16","","common-methods","0"
"none","0","missing target anchor","markdown/integrate-applications/sap-connector-methods.md","298","sap-element-methods.md#dlentry_lvb_5lk_q1c","","markdown/integrate-applications/sap-element-methods.md#dlentry_lvb_5lk_q1c","dlentry_lvb_5lk_q1c","markdown/integrate-applications/sap-element-methods.md","WaitForCreate","","","","","16","","common-methods","0"
"none","0","missing target anchor","markdown/integrate-applications/sap-connector-methods.md","302","sap-element-methods.md#dlentry_hmv_glk_q1c","","markdown/integrate-applications/sap-element-methods.md#dlentry_hmv_glk_q1c","dlentry_hmv_glk_q1c","markdown/integrate-applications/sap-element-methods.md","GetStatus","","","","","16","","common-methods","0"
"none","0","missing target anchor","markdown/integrate-applications/sap-connector-methods.md","303","sap-element-methods.md#dlentry_ks3_jlk_q1c","","markdown/integrate-applications/sap-element-methods.md#dlentry_ks3_jlk_q1c","dlentry_ks3_jlk_q1c","markdown/integrate-applications/sap-element-methods.md","Highlight","","","","","16","","common-methods","0"
"none","0","missing target anchor","markdown/integrate-applications/sap-connector-methods.md","304","sap-element-methods.md#dlentry_l11_llk_q1c","","markdown/integrate-applications/sap-element-methods.md#dlentry_l11_llk_q1c","dlentry_l11_llk_q1c","markdown/integrate-applications/sap-element-methods.md","IsCreated","","","","","16","","common-methods","0"
"none","0","missing target anchor","markdown/integrate-applications/sap-connector-methods.md","305","sap-element-methods.md#dlentry_a5s_qlk_q1c","","markdown/integrate-applications/sap-element-methods.md#dlentry_a5s_qlk_q1c","dlentry_a5s_qlk_q1c","markdown/integrate-applications/sap-element-methods.md","MouseClick","","","","","16","","common-methods","0"
"none","0","missing target anchor","markdown/integrate-applications/sap-connector-methods.md","306","sap-element-methods.md#dlentry_jnx_rjl_zdc","","markdown/integrate-applications/sap-element-methods.md#dlentry_jnx_rjl_zdc","dlentry_jnx_rjl_zdc","markdown/integrate-applications/sap-element-methods.md","SendKeys","","","","","16","","common-methods","0"
"none","0","missing target anchor","markdown/integrate-applications/sap-connector-methods.md","307","sap-element-methods.md#dlentry_j5g_nlk_q1c","","markdown/integrate-applications/sap-element-methods.md#dlentry_j5g_nlk_q1c","dlentry_j5g_nlk_q1c","markdown/integrate-applications/sap-element-methods.md","SetFocus","","","","","16","","common-methods","0"
"none","0","missing target anchor","markdown/integrate-applications/sap-connector-methods.md","308","sap-element-methods.md#dlentry_lvb_5lk_q1c","","markdown/integrate-applications/sap-element-methods.md#dlentry_lvb_5lk_q1c","dlentry_lvb_5lk_q1c","markdown/integrate-applications/sap-element-methods.md","WaitForCreate","","","","","16","","common-methods","0"
"none","0","missing target anchor","markdown/integrate-applications/sap-connector-methods.md","312","sap-element-methods.md#dlentry_ks3_jlk_q1c","","markdown/integrate-applications/sap-element-methods.md#dlentry_ks3_jlk_q1c","dlentry_ks3_jlk_q1c","markdown/integrate-applications/sap-element-methods.md","Highlight","","","","","16","","common-methods","0"
"none","0","missing target anchor","markdown/integrate-applications/sap-connector-methods.md","313","sap-element-methods.md#dlentry_l11_llk_q1c","","markdown/integrate-applications/sap-element-methods.md#dlentry_l11_llk_q1c","dlentry_l11_llk_q1c","markdown/integrate-applications/sap-element-methods.md","IsCreated","","","","","16","","common-methods","0"
"none","0","missing target anchor","markdown/integrate-applications/sap-connector-methods.md","314","sap-element-methods.md#dlentry_orm_thd_s1c","","markdown/integrate-applications/sap-element-methods.md#dlentry_orm_thd_s1c","dlentry_orm_thd_s1c","markdown/integrate-applications/sap-element-methods.md","SelectTab","","","","","16","","common-methods","0"
"none","0","missing target anchor","markdown/integrate-applications/sap-connector-methods.md","315","sap-element-methods.md#dlentry_jnx_rjl_zdc","","markdown/integrate-applications/sap-element-methods.md#dlentry_jnx_rjl_zdc","dlentry_jnx_rjl_zdc","markdown/integrate-applications/sap-element-methods.md","SendKeys","","","","","16","","common-methods","0"
"none","0","missing target anchor","markdown/integrate-applications/sap-connector-methods.md","316","sap-element-methods.md#dlentry_j5g_nlk_q1c","","markdown/integrate-applications/sap-element-methods.md#dlentry_j5g_nlk_q1c","dlentry_j5g_nlk_q1c","markdown/integrate-applications/sap-element-methods.md","SetFocus","","","","","16","","common-methods","0"
"none","0","missing target anchor","markdown/integrate-applications/sap-connector-methods.md","317","sap-element-methods.md#dlentry_a5s_qlk_q1c","","markdown/integrate-applications/sap-element-methods.md#dlentry_a5s_qlk_q1c","dlentry_a5s_qlk_q1c","markdown/integrate-applications/sap-element-methods.md","MouseClick","","","","","16","","common-methods","0"
"none","0","missing target anchor","markdown/integrate-applications/sap-connector-methods.md","318","sap-element-methods.md#dlentry_lvb_5lk_q1c","","markdown/integrate-applications/sap-element-methods.md#dlentry_lvb_5lk_q1c","dlentry_lvb_5lk_q1c","markdown/integrate-applications/sap-element-methods.md","WaitForCreate","","","","","16","","common-methods","0"
"none","0","missing target anchor","markdown/integrate-applications/sap-connector-methods.md","322","sap-element-methods.md#dlentry_gzn_rvs_q1c","","markdown/integrate-applications/sap-element-methods.md#dlentry_gzn_rvs_q1c","dlentry_gzn_rvs_q1c","markdown/integrate-applications/sap-element-methods.md","DeselectAllVisibleRows","","","","","16","","common-methods","0"
"none","0","missing target anchor","markdown/integrate-applications/sap-connector-methods.md","323","sap-element-methods.md#dlentry_nbh_5vs_q1c","","markdown/integrate-applications/sap-element-methods.md#dlentry_nbh_5vs_q1c","dlentry_nbh_5vs_q1c","markdown/integrate-applications/sap-element-methods.md","DeselectRow","","","","","16","","common-methods","0"
"none","0","missing target anchor","markdown/integrate-applications/sap-connector-methods.md","324","sap-element-methods.md#dlentry_zm1_tvs_q1c","","markdown/integrate-applications/sap-element-methods.md#dlentry_zm1_tvs_q1c","dlentry_zm1_tvs_q1c","markdown/integrate-applications/sap-element-methods.md","DeselectVisibleRow","","","","","16","","common-methods","0"
"none","0","missing target anchor","markdown/integrate-applications/sap-connector-methods.md","325","sap-element-methods.md#dlentry_a33_1ws_q1c","","markdown/integrate-applications/sap-element-methods.md#dlentry_a33_1ws_q1c","dlentry_a33_1ws_q1c","markdown/integrate-applications/sap-element-methods.md","GetAllVisibleRows","","","","","16","","common-methods","0"
"none","0","missing target anchor","markdown/integrate-applications/sap-connector-methods.md","326","sap-element-methods.md#dlentry_h4m_fws_q1c","","markdown/integrate-applications/sap-element-methods.md#dlentry_h4m_fws_q1c","dlentry_h4m_fws_q1c","markdown/integrate-applications/sap-element-methods.md","GetColumnNames","","","","","16","","common-methods","0"
"none","0","missing target anchor","markdown/integrate-applications/sap-connector-methods.md","327","sap-element-methods.md#dlentry_qbs_mws_q1c","","markdown/integrate-applications/sap-element-methods.md#dlentry_qbs_mws_q1c","dlentry_qbs_mws_q1c","markdown/integrate-applications/sap-element-methods.md","GetMaximumScrollOffset","","","","","16","","common-methods","0"
"none","0","missing target anchor","markdown/integrate-applications/sap-connector-methods.md","328","sap-element-methods.md#dlentry_str_rys_q1c","","markdown/integrate-applications/sap-element-methods.md#dlentry_str_rys_q1c","dlentry_str_rys_q1c","markdown/integrate-applications/sap-element-methods.md","GetScrollPosition","","","","","16","","common-methods","0"
"none","0","missing target anchor","markdown/integrate-applications/sap-connector-methods.md","329","sap-element-methods.md#dlentry_kdv_gws_q1c","","markdown/integrate-applications/sap-element-methods.md#dlentry_kdv_gws_q1c","dlentry_kdv_gws_q1c","markdown/integrate-applications/sap-element-methods.md","GetSingleRow","","","","","16","","common-methods","0"
"none","0","missing target anchor","markdown/integrate-applications/sap-connector-methods.md","330","sap-element-methods.md#dlentry_hsp_kws_q1c","","markdown/integrate-applications/sap-element-methods.md#dlentry_hsp_kws_q1c","dlentry_hsp_kws_q1c","markdown/integrate-applications/sap-element-methods.md","GetTable","","","","","16","","common-methods","0"
"none","0","missing target anchor","markdown/integrate-applications/sap-connector-methods.md","331","sap-element-methods.md#dlentry_zg5_cws_q1c","","markdown/integrate-applications/sap-element-methods.md#dlentry_zg5_cws_q1c","dlentry_zg5_cws_q1c","markdown/integrate-applications/sap-element-methods.md","GetVisibleRowCount","","","","","16","","common-methods","0"
"none","0","missing target anchor","markdown/integrate-applications/sap-connector-methods.md","332","sap-element-methods.md#dlentry_ks3_jlk_q1c","","markdown/integrate-applications/sap-element-methods.md#dlentry_ks3_jlk_q1c","dlentry_ks3_jlk_q1c","markdown/integrate-applications/sap-element-methods.md","Highlight","","","","","16","","common-methods","0"
"none","0","missing target anchor","markdown/integrate-applications/sap-connector-methods.md","333","sap-element-methods.md#dlentry_l11_llk_q1c","","markdown/integrate-applications/sap-element-methods.md#dlentry_l11_llk_q1c","dlentry_l11_llk_q1c","markdown/integrate-applications/sap-element-methods.md","IsCreated","","","","","16","","common-methods","0"
"none","0","missing target anchor","markdown/integrate-applications/sap-connector-methods.md","334","sap-element-methods.md#dlentry_a5s_qlk_q1c","","markdown/integrate-applications/sap-element-methods.md#dlentry_a5s_qlk_q1c","dlentry_a5s_qlk_q1c","markdown/integrate-applications/sap-element-methods.md","MouseClick","","","","","16","","common-methods","0"
"none","0","missing target anchor","markdown/integrate-applications/sap-connector-methods.md","335","sap-element-methods.md#dlentry_ojz_1zs_q1c","","markdown/integrate-applications/sap-element-methods.md#dlentry_ojz_1zs_q1c","dlentry_ojz_1zs_q1c","markdown/integrate-applications/sap-element-methods.md","ScrollDownByOneRow","","","","","16","","common-methods","0"
"none","0","missing target anchor","markdown/integrate-applications/sap-connector-methods.md","336","sap-element-methods.md#dlentry_f3x_bzs_q1c","","markdown/integrate-applications/sap-element-methods.md#dlentry_f3x_bzs_q1c","dlentry_f3x_bzs_q1c","markdown/integrate-applications/sap-element-methods.md","ScrollToHorizontalPosition","","","","","16","","common-methods","0"
"none","0","missing target anchor","markdown/integrate-applications/sap-connector-methods.md","337","sap-element-methods.md#dlentry_wm1_5gw_12c","","markdown/integrate-applications/sap-element-methods.md#dlentry_wm1_5gw_12c","dlentry_wm1_5gw_12c","markdown/integrate-applications/sap-element-methods.md","ScrollToNextPage","","","","","16","","common-methods","0"
"none","0","missing target anchor","markdown/integrate-applications/sap-connector-methods.md","338","sap-element-methods.md#dlentry_xm1_5gw_12c","","markdown/integrate-applications/sap-element-methods.md#dlentry_xm1_5gw_12c","dlentry_xm1_5gw_12c","markdown/integrate-applications/sap-element-methods.md","ScrollToPreviousPage","","","","","16","","common-methods","0"
"none","0","missing target anchor","markdown/integrate-applications/sap-connector-methods.md","339","sap-element-methods.md#dlentry_lqf_dzs_q1c","","markdown/integrate-applications/sap-element-methods.md#dlentry_lqf_dzs_q1c","dlentry_lqf_dzs_q1c","markdown/integrate-applications/sap-element-methods.md","ScrollToVerticalPosition","","","","","16","","common-methods","0"
"none","0","missing target anchor","markdown/integrate-applications/sap-connector-methods.md","340","sap-element-methods.md#dlentry_gcb_zys_q1c","","markdown/integrate-applications/sap-element-methods.md#dlentry_gcb_zys_q1c","dlentry_gcb_zys_q1c","markdown/integrate-applications/sap-element-methods.md","ScrollUpByOneRow","","","","","16","","common-methods","0"
"none","0","missing target anchor","markdown/integrate-applications/sap-connector-methods.md","341","sap-element-methods.md#dlentry_cnl_pvs_q1c","","markdown/integrate-applications/sap-element-methods.md#dlentry_cnl_pvs_q1c","dlentry_cnl_pvs_q1c","markdown/integrate-applications/sap-element-methods.md","SelectAllRows","","","","","16","","common-methods","0"
"none","0","missing target anchor","markdown/integrate-applications/sap-connector-methods.md","342","sap-element-methods.md#dlentry_gq5_xqs_q1c","","markdown/integrate-applications/sap-element-methods.md#dlentry_gq5_xqs_q1c","dlentry_gq5_xqs_q1c","markdown/integrate-applications/sap-element-methods.md","SelectSingleRow","","","","","16","","common-methods","0"
"none","0","missing target anchor","markdown/integrate-applications/sap-connector-methods.md","343","sap-element-methods.md#dlentry_d2y_mvs_q1c","","markdown/integrate-applications/sap-element-methods.md#dlentry_d2y_mvs_q1c","dlentry_d2y_mvs_q1c","markdown/integrate-applications/sap-element-methods.md","SelectVisibleRow","","","","","16","","common-methods","0"
"none","0","missing target anchor","markdown/integrate-applications/sap-connector-methods.md","344","sap-element-methods.md#dlentry_jnx_rjl_zdc","","markdown/integrate-applications/sap-element-methods.md#dlentry_jnx_rjl_zdc","dlentry_jnx_rjl_zdc","markdown/integrate-applications/sap-element-methods.md","SendKeys","","","","","16","","common-methods","0"
"none","0","missing target anchor","markdown/integrate-applications/sap-connector-methods.md","345","sap-element-methods.md#dlentry_j5g_nlk_q1c","","markdown/integrate-applications/sap-element-methods.md#dlentry_j5g_nlk_q1c","dlentry_j5g_nlk_q1c","markdown/integrate-applications/sap-element-methods.md","SetFocus","","","","","16","","common-methods","0"
"none","0","missing target anchor","markdown/integrate-applications/sap-connector-methods.md","346","sap-element-methods.md#dlentry_lvb_5lk_q1c","","markdown/integrate-applications/sap-element-methods.md#dlentry_lvb_5lk_q1c","dlentry_lvb_5lk_q1c","markdown/integrate-applications/sap-element-methods.md","WaitForCreate","","","","","16","","common-methods","0"
"none","0","missing target anchor","markdown/integrate-applications/sap-connector-methods.md","350","sap-element-methods.md#dlentry_ess_zzb_s1c","","markdown/integrate-applications/sap-element-methods.md#dlentry_ess_zzb_s1c","dlentry_ess_zzb_s1c","markdown/integrate-applications/sap-element-methods.md","GetText","","","","","16","","common-methods","0"
"none","0","missing target anchor","markdown/integrate-applications/sap-connector-methods.md","351","sap-element-methods.md#dlentry_ks3_jlk_q1c","","markdown/integrate-applications/sap-element-methods.md#dlentry_ks3_jlk_q1c","dlentry_ks3_jlk_q1c","markdown/integrate-applications/sap-element-methods.md","Highlight","","","","","16","","common-methods","0"
"none","0","missing target anchor","markdown/integrate-applications/sap-connector-methods.md","352","sap-element-methods.md#dlentry_l11_llk_q1c","","markdown/integrate-applications/sap-element-methods.md#dlentry_l11_llk_q1c","dlentry_l11_llk_q1c","markdown/integrate-applications/sap-element-methods.md","IsCreated","","","","","16","","common-methods","0"
"none","0","missing target anchor","markdown/integrate-applications/sap-connector-methods.md","353","sap-element-methods.md#dlentry_jnx_rjl_zdc","","markdown/integrate-applications/sap-element-methods.md#dlentry_jnx_rjl_zdc","dlentry_jnx_rjl_zdc","markdown/integrate-applications/sap-element-methods.md","SendKeys","","","","","16","","common-methods","0"
"none","0","missing target anchor","markdown/integrate-applications/sap-connector-methods.md","354","sap-element-methods.md#dlentry_k53_c1c_s1c","","markdown/integrate-applications/sap-element-methods.md#dlentry_k53_c1c_s1c","dlentry_k53_c1c_s1c","markdown/integrate-applications/sap-element-methods.md","SetCaretPosition","","","","","16","","common-methods","0"
"none","0","missing target anchor","markdown/integrate-applications/sap-connector-methods.md","355","sap-element-methods.md#dlentry_j5g_nlk_q1c","","markdown/integrate-applications/sap-element-methods.md#dlentry_j5g_nlk_q1c","dlentry_j5g_nlk_q1c","markdown/integrate-applications/sap-element-methods.md","SetFocus","","","","","16","","common-methods","0"
"none","0","missing target anchor","markdown/integrate-applications/sap-connector-methods.md","356","sap-element-methods.md#dlentry_mwk_b1c_s1c","","markdown/integrate-applications/sap-element-methods.md#dlentry_mwk_b1c_s1c","dlentry_mwk_b1c_s1c","markdown/integrate-applications/sap-element-methods.md","SetText","","","","","16","","common-methods","0"
"none","0","missing target anchor","markdown/integrate-applications/sap-connector-methods.md","357","sap-element-methods.md#dlentry_a5s_qlk_q1c","","markdown/integrate-applications/sap-element-methods.md#dlentry_a5s_qlk_q1c","dlentry_a5s_qlk_q1c","markdown/integrate-applications/sap-element-methods.md","MouseClick","","","","","16","","common-methods","0"
"none","0","missing target anchor","markdown/integrate-applications/sap-connector-methods.md","358","sap-element-methods.md#dlentry_lvb_5lk_q1c","","markdown/integrate-applications/sap-element-methods.md#dlentry_lvb_5lk_q1c","dlentry_lvb_5lk_q1c","markdown/integrate-applications/sap-element-methods.md","WaitForCreate","","","","","16","","common-methods","0"
"none","0","missing target anchor","markdown/integrate-applications/sap-connector-methods.md","363","sap-element-methods.md#dlentry_hdq_bqw_12c","","markdown/integrate-applications/sap-element-methods.md#dlentry_hdq_bqw_12c","dlentry_hdq_bqw_12c","markdown/integrate-applications/sap-element-methods.md","ClickNodeItem","","","","","16","","common-methods","0"
"none","0","missing target anchor","markdown/integrate-applications/sap-connector-methods.md","364","sap-element-methods.md#dlentry_epf_4mf_b2c","","markdown/integrate-applications/sap-element-methods.md#dlentry_epf_4mf_b2c","dlentry_epf_4mf_b2c","markdown/integrate-applications/sap-element-methods.md","CollapseNodeItem","","","","","16","","common-methods","0"
"none","0","missing target anchor","markdown/integrate-applications/sap-connector-methods.md","365","sap-element-methods.md#dlentry_nhq_prw_12c","","markdown/integrate-applications/sap-element-methods.md#dlentry_nhq_prw_12c","dlentry_nhq_prw_12c","markdown/integrate-applications/sap-element-methods.md","DoubleClickNode","","","","","16","","common-methods","0"
"none","0","missing target anchor","markdown/integrate-applications/sap-connector-methods.md","366","sap-element-methods.md#dlentry_kfj_trw_12c","","markdown/integrate-applications/sap-element-methods.md#dlentry_kfj_trw_12c","dlentry_kfj_trw_12c","markdown/integrate-applications/sap-element-methods.md","DoubleClickNodeItem","","","","","16","","common-methods","0"
"none","0","missing target anchor","markdown/integrate-applications/sap-connector-methods.md","367","sap-element-methods.md#dlentry_ad3_bqw_12c","","markdown/integrate-applications/sap-element-methods.md#dlentry_ad3_bqw_12c","dlentry_ad3_bqw_12c","markdown/integrate-applications/sap-element-methods.md","GetColumnsKeyValuePair","","","","","16","","common-methods","0"
"none","0","missing target anchor","markdown/integrate-applications/sap-connector-methods.md","368","sap-element-methods.md#dlentry_ggf_1qw_12c","","markdown/integrate-applications/sap-element-methods.md#dlentry_ggf_1qw_12c","dlentry_ggf_1qw_12c","markdown/integrate-applications/sap-element-methods.md","GetTreeType","","","","","16","","common-methods","0"
"none","0","missing target anchor","markdown/integrate-applications/sap-connector-methods.md","369","sap-element-methods.md#dlentry_dtx_bqw_12c","","markdown/integrate-applications/sap-element-methods.md#dlentry_dtx_bqw_12c","dlentry_dtx_bqw_12c","markdown/integrate-applications/sap-element-methods.md","GetNodeKeyByPath","","","","","16","","common-methods","0"
"none","0","missing target anchor","markdown/integrate-applications/sap-connector-methods.md","370","sap-element-methods.md#dlentry_crf_cqw_12c","","markdown/integrate-applications/sap-element-methods.md#dlentry_crf_cqw_12c","dlentry_crf_cqw_12c","markdown/integrate-applications/sap-element-methods.md","GetNodeKeyByText","","","","","16","","common-methods","0"
"none","0","missing target anchor","markdown/integrate-applications/sap-connector-methods.md","371","sap-element-methods.md#dlentry_vqn_cqw_12c","","markdown/integrate-applications/sap-element-methods.md#dlentry_vqn_cqw_12c","dlentry_vqn_cqw_12c","markdown/integrate-applications/sap-element-methods.md","GetNodeItemText","","","","","16","","common-methods","0"
"none","0","missing target anchor","markdown/integrate-applications/sap-connector-methods.md","372","sap-element-methods.md#dlentry_unv_cqw_12c","","markdown/integrate-applications/sap-element-methods.md#dlentry_unv_cqw_12c","dlentry_unv_cqw_12c","markdown/integrate-applications/sap-element-methods.md","GetSelectedNodes","","","","","16","","common-methods","0"
"none","0","missing target anchor","markdown/integrate-applications/sap-connector-methods.md","373","sap-element-methods.md#dlentry_jbw_25w_12c","","markdown/integrate-applications/sap-element-methods.md#dlentry_jbw_25w_12c","dlentry_jbw_25w_12c","markdown/integrate-applications/sap-element-methods.md","GetNodeItemCheckBoxState","","","","","16","","common-methods","0"
"none","0","missing target anchor","markdown/integrate-applications/sap-connector-methods.md","374","sap-element-methods.md#dlentry_ks3_jlk_q1c","","markdown/integrate-applications/sap-element-methods.md#dlentry_ks3_jlk_q1c","dlentry_ks3_jlk_q1c","markdown/integrate-applications/sap-element-methods.md","Highlight","","","","","16","","common-methods","0"
"none","0","missing target anchor","markdown/integrate-applications/sap-connector-methods.md","375","sap-element-methods.md#dlentry_l11_llk_q1c","","markdown/integrate-applications/sap-element-methods.md#dlentry_l11_llk_q1c","dlentry_l11_llk_q1c","markdown/integrate-applications/sap-element-methods.md","IsCreated","","","","","16","","common-methods","0"
"none","0","missing target anchor","markdown/integrate-applications/sap-connector-methods.md","376","sap-element-methods.md#dlentry_ff4_xxw_12c","","markdown/integrate-applications/sap-element-methods.md#dlentry_ff4_xxw_12c","dlentry_ff4_xxw_12c","markdown/integrate-applications/sap-element-methods.md","PressNodeItemButton","","","","","16","","common-methods","0"
"none","0","missing target anchor","markdown/integrate-applications/sap-connector-methods.md","377","sap-element-methods.md#dlentry_orm_thd_s1c","","markdown/integrate-applications/sap-element-methods.md#dlentry_orm_thd_s1c","dlentry_orm_thd_s1c","markdown/integrate-applications/sap-element-methods.md","SelectTab","","","","","16","","common-methods","0"
"none","0","missing target anchor","markdown/integrate-applications/sap-connector-methods.md","378","sap-element-methods.md#dlentry_jnx_rjl_zdc","","markdown/integrate-applications/sap-element-methods.md#dlentry_jnx_rjl_zdc","dlentry_jnx_rjl_zdc","markdown/integrate-applications/sap-element-methods.md","SendKeys","","","","","16","","common-methods","0"
"none","0","missing target anchor","markdown/integrate-applications/sap-connector-methods.md","379","sap-element-methods.md#dlentry_j5g_nlk_q1c","","markdown/integrate-applications/sap-element-methods.md#dlentry_j5g_nlk_q1c","dlentry_j5g_nlk_q1c","markdown/integrate-applications/sap-element-methods.md","SetFocus","","","","","16","","common-methods","0"
"none","0","missing target anchor","markdown/integrate-applications/sap-connector-methods.md","380","sap-element-methods.md#dlentry_a5s_qlk_q1c","","markdown/integrate-applications/sap-element-methods.md#dlentry_a5s_qlk_q1c","dlentry_a5s_qlk_q1c","markdown/integrate-applications/sap-element-methods.md","MouseClick","","","","","16","","common-methods","0"
"none","0","missing target anchor","markdown/integrate-applications/sap-connector-methods.md","381","sap-element-methods.md#dlentry_ubf_2yw_12c","","markdown/integrate-applications/sap-element-methods.md#dlentry_ubf_2yw_12c","dlentry_ubf_2yw_12c","markdown/integrate-applications/sap-element-methods.md","SelectNodeItem","","","","","16","","common-methods","0"
"none","0","missing target anchor","markdown/integrate-applications/sap-connector-methods.md","382","sap-element-methods.md#dlentry_z3g_mnf_b2c","","markdown/integrate-applications/sap-element-methods.md#dlentry_z3g_mnf_b2c","dlentry_z3g_mnf_b2c","markdown/integrate-applications/sap-element-methods.md","SelectNode","","","","","16","","common-methods","0"
"none","0","missing target anchor","markdown/integrate-applications/sap-connector-methods.md","383","sap-element-methods.md#dlentry_gqd_dqw_12c","","markdown/integrate-applications/sap-element-methods.md#dlentry_gqd_dqw_12c","dlentry_gqd_dqw_12c","markdown/integrate-applications/sap-element-methods.md","SelectContextMenuItemById","","","","","16","","common-methods","0"
"none","0","missing target anchor","markdown/integrate-applications/sap-connector-methods.md","384","sap-element-methods.md#dlentry_iyr_dqw_12c","","markdown/integrate-applications/sap-element-methods.md#dlentry_iyr_dqw_12c","dlentry_iyr_dqw_12c","markdown/integrate-applications/sap-element-methods.md","SelectContextMenuItemByText","","","","","16","","common-methods","0"
"none","0","missing target anchor","markdown/integrate-applications/sap-connector-methods.md","385","sap-element-methods.md#dlentry_ehb_2qw_12c","","markdown/integrate-applications/sap-element-methods.md#dlentry_ehb_2qw_12c","dlentry_ehb_2qw_12c","markdown/integrate-applications/sap-element-methods.md","SelectContextMenuItemByPosition","","","","","16","","common-methods","0"
"none","0","missing target anchor","markdown/integrate-applications/sap-connector-methods.md","386","sap-element-methods.md#dlentry_cdy_hrw_12c","","markdown/integrate-applications/sap-element-methods.md#dlentry_cdy_hrw_12c","dlentry_cdy_hrw_12c","markdown/integrate-applications/sap-element-methods.md","Uncheck","","","","","16","","common-methods","0"
"none","0","missing target anchor","markdown/integrate-applications/sap-connector-methods.md","387","sap-element-methods.md#dlentry_lvb_5lk_q1c","","markdown/integrate-applications/sap-element-methods.md#dlentry_lvb_5lk_q1c","dlentry_lvb_5lk_q1c","markdown/integrate-applications/sap-element-methods.md","WaitForCreate","","","","","16","","common-methods","0"
"none","0","missing target anchor","markdown/integrate-applications/sap-connector-methods.md","391","sap-element-methods.md#dlentry_ks3_jlk_q1c","","markdown/integrate-applications/sap-element-methods.md#dlentry_ks3_jlk_q1c","dlentry_ks3_jlk_q1c","markdown/integrate-applications/sap-element-methods.md","Highlight","","","","","16","","common-methods","0"
"none","0","missing target anchor","markdown/integrate-applications/sap-connector-methods.md","392","sap-element-methods.md#dlentry_l11_llk_q1c","","markdown/integrate-applications/sap-element-methods.md#dlentry_l11_llk_q1c","dlentry_l11_llk_q1c","markdown/integrate-applications/sap-element-methods.md","IsCreated","","","","","16","","common-methods","0"
"none","0","missing target anchor","markdown/integrate-applications/sap-connector-methods.md","393","sap-element-methods.md#dlentry_a5s_qlk_q1c","","markdown/integrate-applications/sap-element-methods.md#dlentry_a5s_qlk_q1c","dlentry_a5s_qlk_q1c","markdown/integrate-applications/sap-element-methods.md","MouseClick","","","","","16","","common-methods","0"
"none","0","missing target anchor","markdown/integrate-applications/sap-connector-methods.md","394","sap-element-methods.md#dlentry_h53_znw_12c","","markdown/integrate-applications/sap-element-methods.md#dlentry_h53_znw_12c","dlentry_h53_znw_12c","markdown/integrate-applications/sap-element-methods.md","ScrollToNextPage","","","","","16","","common-methods","0"
"none","0","missing target anchor","markdown/integrate-applications/sap-connector-methods.md","395","sap-element-methods.md#dlentry_x2t_znw_12c","","markdown/integrate-applications/sap-element-methods.md#dlentry_x2t_znw_12c","dlentry_x2t_znw_12c","markdown/integrate-applications/sap-element-methods.md","ScrollToPreviousPage","","","","","16","","common-methods","0"
"none","0","missing target anchor","markdown/integrate-applications/sap-connector-methods.md","396","sap-element-methods.md#dlentry_jnx_rjl_zdc","","markdown/integrate-applications/sap-element-methods.md#dlentry_jnx_rjl_zdc","dlentry_jnx_rjl_zdc","markdown/integrate-applications/sap-element-methods.md","SendKeys","","","","","16","","common-methods","0"
"none","0","missing target anchor","markdown/integrate-applications/sap-connector-methods.md","397","sap-element-methods.md#dlentry_j5g_nlk_q1c","","markdown/integrate-applications/sap-element-methods.md#dlentry_j5g_nlk_q1c","dlentry_j5g_nlk_q1c","markdown/integrate-applications/sap-element-methods.md","SetFocus","","","","","16","","common-methods","0"
"none","0","missing target anchor","markdown/integrate-applications/sap-connector-methods.md","398","sap-element-methods.md#dlentry_vh1_cdl_q1c","","markdown/integrate-applications/sap-element-methods.md#dlentry_vh1_cdl_q1c","dlentry_vh1_cdl_q1c","markdown/integrate-applications/sap-element-methods.md","SetHorizontalScroll","","","","","16","","common-methods","0"
"none","0","missing target anchor","markdown/integrate-applications/sap-connector-methods.md","399","sap-element-methods.md#dlentry_gsv_4dl_q1c","","markdown/integrate-applications/sap-element-methods.md#dlentry_gsv_4dl_q1c","dlentry_gsv_4dl_q1c","markdown/integrate-applications/sap-element-methods.md","SetVerticalScroll","","","","","16","","common-methods","0"
"none","0","missing target anchor","markdown/integrate-applications/sap-connector-methods.md","400","sap-element-methods.md#dlentry_lvb_5lk_q1c","","markdown/integrate-applications/sap-element-methods.md#dlentry_lvb_5lk_q1c","dlentry_lvb_5lk_q1c","markdown/integrate-applications/sap-element-methods.md","WaitForCreate","","","","","16","","common-methods","0"
"low","67","missing target anchor","markdown/integrate-applications/use-actionset-mouse-action.md","22","actionset-actions-properties.md#actionset-mouse-action","actionset-actions-properties.md#actionset-actions-properties","markdown/integrate-applications/actionset-actions-properties.md#actionset-mouse-action","actionset-mouse-action","markdown/integrate-applications/actionset-actions-properties.md","ActionSet-Mouse Action properties","actionset-actions-properties","ActionSet actions properties","h1","12","12","link/candidate token overlap 0.67","click","0"
"low","66","missing target anchor","markdown/integrate-applications/use-general-try-catch.md","22","Properties-general-components.md#Try-Catch-component","Properties-general-components.md#properties-of-the-general-components","markdown/integrate-applications/Properties-general-components.md#Try-Catch-component","Try-Catch-component","markdown/integrate-applications/Properties-general-components.md","Properties of the Try Catch component","properties-of-the-general-components","Properties of the General components","h1","12","1","link/candidate token overlap 0.60","",""
"none","0","missing target anchor","markdown/intelligent-experiences/ai-agent-studio.md","67","enable-aia-na-guardian.md#offensiveness-detection","","markdown/intelligent-experiences/enable-aia-na-guardian.md#offensiveness-detection","offensiveness-detection","markdown/intelligent-experiences/enable-aia-na-guardian.md","Offensiveness detection","","","","","4","","before-you-begin","0"
"none","0","missing target anchor","markdown/intelligent-experiences/ai-agent-studio.md","68","enable-aia-na-guardian.md#prompt-injection-detection","","markdown/intelligent-experiences/enable-aia-na-guardian.md#prompt-injection-detection","prompt-injection-detection","markdown/intelligent-experiences/enable-aia-na-guardian.md","Prompt injection attempt decision","","","","","4","","before-you-begin","0"
"none","0","missing target anchor","markdown/intelligent-experiences/ai-control-tower/create-ai-system-assets.md","180","create-ai-system-assets.md#step5","","markdown/intelligent-experiences/ai-control-tower/create-ai-system-assets.md#step5","step5","markdown/intelligent-experiences/ai-control-tower/create-ai-system-assets.md","step 5","","","","","8","","before-you-begin","0"
"none","0","missing target anchor","markdown/intelligent-experiences/now-assist-readiness-evaluation/configure-nare-guided-setup.md","61","configure-nare-guided-setup.md#select-job-link-step","","markdown/intelligent-experiences/now-assist-readiness-evaluation/configure-nare-guided-setup.md#select-job-link-step","select-job-link-step","markdown/intelligent-experiences/now-assist-readiness-evaluation/configure-nare-guided-setup.md","8","","","","","5","","before-you-begin","0"
"none","0","missing target anchor","markdown/intelligent-experiences/now-assist-readiness-evaluation/configure-nare-guided-setup.md","61","configure-nare-guided-setup.md#step-next-guided-setup","","markdown/intelligent-experiences/now-assist-readiness-evaluation/configure-nare-guided-setup.md#step-next-guided-setup","step-next-guided-setup","markdown/intelligent-experiences/now-assist-readiness-evaluation/configure-nare-guided-setup.md","10","","","","","5","","before-you-begin","0"
"low","65","missing target anchor","markdown/intelligent-experiences/servicenow-lens/create-record-sn-lens.md","32","download-sn-lens-msi.md#lens-permission","download-sn-lens-msi.md#download-the-servicenow-ai-lens-installer","markdown/intelligent-experiences/servicenow-lens/download-sn-lens-msi.md#lens-permission","lens-permission","markdown/intelligent-experiences/servicenow-lens/download-sn-lens-msi.md","Providing permission to ServiceNow AI Lens","download-the-servicenow-ai-lens-installer","Download the ServiceNow AI Lens installer","h1","14","4","link/candidate token overlap 0.50","before-you-begin","0"
"low","65","missing target anchor","markdown/intelligent-experiences/servicenow-lens/preview-desktop-others-lens.md","28","download-sn-lens-msi.md#lens-permission","download-sn-lens-msi.md#download-the-servicenow-ai-lens-installer","markdown/intelligent-experiences/servicenow-lens/download-sn-lens-msi.md#lens-permission","lens-permission","markdown/intelligent-experiences/servicenow-lens/download-sn-lens-msi.md","Providing permission to ServiceNow AI Lens","download-the-servicenow-ai-lens-installer","Download the ServiceNow AI Lens installer","h1","14","4","link/candidate token overlap 0.50","before-you-begin","0"
"low","65","missing target anchor","markdown/intelligent-experiences/servicenow-lens/update-record-sn-lens.md","32","download-sn-lens-msi.md#lens-permission","download-sn-lens-msi.md#download-the-servicenow-ai-lens-installer","markdown/intelligent-experiences/servicenow-lens/download-sn-lens-msi.md#lens-permission","lens-permission","markdown/intelligent-experiences/servicenow-lens/download-sn-lens-msi.md","Providing permission to ServiceNow AI Lens","download-the-servicenow-ai-lens-installer","Download the ServiceNow AI Lens installer","h1","14","4","link/candidate token overlap 0.50","before-you-begin","0"
"none","0","missing target anchor","markdown/it-asset-management/enterprise-asset-management/configure-activate-agentic-workflows-eam.md","39","configure-activate-agentic-workflows-eam.md#trigger","","markdown/it-asset-management/enterprise-asset-management/configure-activate-agentic-workflows-eam.md#trigger","trigger","markdown/it-asset-management/enterprise-asset-management/configure-activate-agentic-workflows-eam.md","step 3","","","","","3","","before-you-begin","0"
"none","0","missing target anchor","markdown/it-asset-management/enterprise-asset-management/create-eam-incident.md","54","create-eam-incident.md#add-child-assets","","markdown/it-asset-management/enterprise-asset-management/create-eam-incident.md#add-child-assets","add-child-assets","markdown/it-asset-management/enterprise-asset-management/create-eam-incident.md","step 5","","","","","5","","before-you-begin","0"
"none","0","missing target anchor","markdown/it-asset-management/enterprise-asset-management/create-enterprise-asset-mobile-agent-app.md","44","create-enterprise-asset-mobile-agent-app.md#verification-asset-tag","","markdown/it-asset-management/enterprise-asset-management/create-enterprise-asset-mobile-agent-app.md#verification-asset-tag","verification-asset-tag","markdown/it-asset-management/enterprise-asset-management/create-enterprise-asset-mobile-agent-app.md","step 5","","","","","5","","before-you-begin","0"
"none","0","missing target anchor","markdown/it-asset-management/enterprise-asset-management/create-enterprise-asset-mobile-agent-app.md","67","create-enterprise-asset-mobile-agent-app.md#more-options-menu","","markdown/it-asset-management/enterprise-asset-management/create-enterprise-asset-mobile-agent-app.md#more-options-menu","more-options-menu","markdown/it-asset-management/enterprise-asset-management/create-enterprise-asset-mobile-agent-app.md","step 7","","","","","5","","before-you-begin","0"
"none","0","missing target anchor","markdown/it-asset-management/enterprise-asset-management/create-enterprise-asset-mobile-agent-app.md","97","create-enterprise-asset-mobile-agent-app.md#more-options-menu","","markdown/it-asset-management/enterprise-asset-management/create-enterprise-asset-mobile-agent-app.md#more-options-menu","more-options-menu","markdown/it-asset-management/enterprise-asset-management/create-enterprise-asset-mobile-agent-app.md","step 7","","","","","5","","before-you-begin","0"
"none","0","missing target anchor","markdown/it-asset-management/enterprise-asset-management/create-enterprise-asset-mobile-agent-app.md","150","create-enterprise-asset-mobile-agent-app.md#asset-state","","markdown/it-asset-management/enterprise-asset-management/create-enterprise-asset-mobile-agent-app.md#asset-state","asset-state","markdown/it-asset-management/enterprise-asset-management/create-enterprise-asset-mobile-agent-app.md","step 11","","","","","5","","before-you-begin","0"
"none","0","missing target anchor","markdown/it-asset-management/enterprise-asset-management/create-model-eam.md","52","create-model-eam.md#dialog-box","","markdown/it-asset-management/enterprise-asset-management/create-model-eam.md#dialog-box","dialog-box","markdown/it-asset-management/enterprise-asset-management/create-model-eam.md","step 4","","","","","4","","before-you-begin","0"
"none","0","missing target anchor","markdown/it-asset-management/enterprise-asset-management/create-model-eam.md","54","create-model-eam.md#create-new-product-model-form","","markdown/it-asset-management/enterprise-asset-management/create-model-eam.md#create-new-product-model-form","create-new-product-model-form","markdown/it-asset-management/enterprise-asset-management/create-model-eam.md","step 6","","","","","4","","before-you-begin","0"
"none","0","missing target anchor","markdown/it-asset-management/enterprise-asset-management/now-assist-eam-help-manage-enterprise-asset-requests-workflow.md","170","now-assist-eam-help-manage-enterprise-asset-requests-workflow.md#user-intervention","","markdown/it-asset-management/enterprise-asset-management/now-assist-eam-help-manage-enterprise-asset-requests-workflow.md#user-intervention","user-intervention","markdown/it-asset-management/enterprise-asset-management/now-assist-eam-help-manage-enterprise-asset-requests-workflow.md","step 4","","","","","8","","help-manage-enterprise-asset-requests-agentic-workflow-overview","0"
"none","0","missing target anchor","markdown/it-asset-management/enterprise-asset-management/now-assist-eam-help-manage-enterprise-asset-requests-workflow.md","171","now-assist-eam-help-manage-enterprise-asset-requests-workflow.md#transfer-order","","markdown/it-asset-management/enterprise-asset-management/now-assist-eam-help-manage-enterprise-asset-requests-workflow.md#transfer-order","transfer-order","markdown/it-asset-management/enterprise-asset-management/now-assist-eam-help-manage-enterprise-asset-requests-workflow.md","step 2","","","","","8","","help-manage-enterprise-asset-requests-agentic-workflow-overview","0"
"none","0","missing target anchor","markdown/it-asset-management/enterprise-asset-management/now-assist-eam-help-manage-enterprise-asset-requests-workflow.md","178","now-assist-eam-help-manage-enterprise-asset-requests-workflow.md#user-intervention","","markdown/it-asset-management/enterprise-asset-management/now-assist-eam-help-manage-enterprise-asset-requests-workflow.md#user-intervention","user-intervention","markdown/it-asset-management/enterprise-asset-management/now-assist-eam-help-manage-enterprise-asset-requests-workflow.md","step 4","","","","","8","","help-manage-enterprise-asset-requests-agentic-workflow-overview","0"
"none","0","missing target anchor","markdown/it-asset-management/enterprise-asset-management/now-assist-eam-help-manage-enterprise-asset-requests-workflow.md","179","now-assist-eam-help-manage-enterprise-asset-requests-workflow.md#purchase-order","","markdown/it-asset-management/enterprise-asset-management/now-assist-eam-help-manage-enterprise-asset-requests-workflow.md#purchase-order","purchase-order","markdown/it-asset-management/enterprise-asset-management/now-assist-eam-help-manage-enterprise-asset-requests-workflow.md","step 3","","","","","8","","help-manage-enterprise-asset-requests-agentic-workflow-overview","0"
"none","0","missing target anchor","markdown/it-asset-management/enterprise-asset-management/now-assist-eam-help-manage-enterprise-asset-requests-workflow.md","182","now-assist-eam-help-manage-enterprise-asset-requests-workflow.md#user-intervention","","markdown/it-asset-management/enterprise-asset-management/now-assist-eam-help-manage-enterprise-asset-requests-workflow.md#user-intervention","user-intervention","markdown/it-asset-management/enterprise-asset-management/now-assist-eam-help-manage-enterprise-asset-requests-workflow.md","step 4","","","","","8","","help-manage-enterprise-asset-requests-agentic-workflow-overview","0"
"none","0","missing target anchor","markdown/it-asset-management/enterprise-asset-management/now-assist-eam-help-repair-enterprise-assets-workflow.md","127","now-assist-eam-help-repair-enterprise-assets-workflow.md#user-input","","markdown/it-asset-management/enterprise-asset-management/now-assist-eam-help-repair-enterprise-assets-workflow.md#user-input","user-input","markdown/it-asset-management/enterprise-asset-management/now-assist-eam-help-repair-enterprise-assets-workflow.md","step 6","","","","","8","","help-repair-enterprise-assets-agentic-workflow-overview","0"
"none","0","missing target anchor","markdown/it-asset-management/enterprise-asset-management/now-assist-eam-help-repair-enterprise-assets-workflow.md","131","now-assist-eam-help-repair-enterprise-assets-workflow.md#web-search","","markdown/it-asset-management/enterprise-asset-management/now-assist-eam-help-repair-enterprise-assets-workflow.md#web-search","web-search","markdown/it-asset-management/enterprise-asset-management/now-assist-eam-help-repair-enterprise-assets-workflow.md","step 2","","","","","8","","help-repair-enterprise-assets-agentic-workflow-overview","0"
"none","0","missing target anchor","markdown/it-asset-management/enterprise-asset-management/return-leased-enterprise-asset.md","402","return-leased-enterprise-asset.md#return-confirmation","","markdown/it-asset-management/enterprise-asset-management/return-leased-enterprise-asset.md#return-confirmation","return-confirmation","markdown/it-asset-management/enterprise-asset-management/return-leased-enterprise-asset.md","step 7","","","","","6","","before-you-begin","0"
"none","0","missing target anchor","markdown/it-asset-management/enterprise-asset-management/submit-rma-order.md","38","submit-rma-order.md#select-asset","","markdown/it-asset-management/enterprise-asset-management/submit-rma-order.md#select-asset","select-asset","markdown/it-asset-management/enterprise-asset-management/submit-rma-order.md","step 5","","","","","5","","before-you-begin","0"
"none","0","missing target anchor","markdown/it-asset-management/enterprise-asset-management/submit-rma-order.md","40","submit-rma-order.md#select-asset","","markdown/it-asset-management/enterprise-asset-management/submit-rma-order.md#select-asset","select-asset","markdown/it-asset-management/enterprise-asset-management/submit-rma-order.md","step 5","","","","","5","","before-you-begin","0"
"none","0","missing target anchor","markdown/it-asset-management/hardware-asset-management/create-hardware-consumable-model.md","40","hardware-model-fields.md#section_ijc_l3c_2jb","","markdown/it-asset-management/hardware-asset-management/hardware-model-fields.md#section_ijc_l3c_2jb","section_ijc_l3c_2jb","markdown/it-asset-management/hardware-asset-management/hardware-model-fields.md","Compatibles","","","","","10","","details","0"
"low","65","missing target anchor","markdown/it-asset-management/hardware-asset-management/create-hardware-consumable-model.md","56","hardware-model-fields.md#section_wb4_53c_2jb","hardware-model-fields.md#configuration-items","markdown/it-asset-management/hardware-asset-management/hardware-model-fields.md#section_wb4_53c_2jb","section_wb4_53c_2jb","markdown/it-asset-management/hardware-asset-management/hardware-model-fields.md","Vendor Catalog Items","configuration-items","Configuration Items","h2","506","10","link/candidate token overlap 0.50","hardware-model-details","0"
"low","67","missing target anchor","markdown/it-asset-management/hardware-asset-management/create-hardware-consumable-model.md","58","hardware-model-fields.md#section_n1d_v3c_2jb","hardware-model-fields.md#hardware-model-details","markdown/it-asset-management/hardware-asset-management/hardware-model-fields.md#section_n1d_v3c_2jb","section_n1d_v3c_2jb","markdown/it-asset-management/hardware-asset-management/hardware-model-fields.md","Hardware Model Lifecycles","hardware-model-details","Hardware model details","h1","14","10","link/candidate token overlap 0.67","model-components","65"
"none","0","missing target anchor","markdown/it-asset-management/saas-license-management/create-subflow-get-users.md","332","create-subflow-get-users.md#step1","","markdown/it-asset-management/saas-license-management/create-subflow-get-users.md#step1","step1","markdown/it-asset-management/saas-license-management/create-subflow-get-users.md","step 1","","","","","12","","before-you-begin","0"
"none","0","missing target anchor","markdown/it-asset-management/saas-license-management/create-subflow-get-users.md","427","create-subflow-get-users.md#step2","","markdown/it-asset-management/saas-license-management/create-subflow-get-users.md#step2","step2","markdown/it-asset-management/saas-license-management/create-subflow-get-users.md","step 2","","","","","12","","before-you-begin","0"
"none","0","missing target anchor","markdown/it-asset-management/saas-license-management/integrate-sfmc-basicauth.md","247","integrate-sfmc-basicauth.md#create-user","","markdown/it-asset-management/saas-license-management/integrate-sfmc-basicauth.md#create-user","create-user","markdown/it-asset-management/saas-license-management/integrate-sfmc-basicauth.md","step 4","","","","","46","","table_box","0"
"none","0","missing target anchor","markdown/it-asset-management/saas-license-management/integrate-sfmc-basicauth.md","255","integrate-sfmc-basicauth.md#create-user-role","","markdown/it-asset-management/saas-license-management/integrate-sfmc-basicauth.md#create-user-role","create-user-role","markdown/it-asset-management/saas-license-management/integrate-sfmc-basicauth.md","step 5","","","","","46","","table_box","0"
"none","0","missing target anchor","markdown/it-asset-management/saas-license-management/integrate-with-docusign-account.md","47","integrate-with-docusign-account.md#docusign-prod-login","","markdown/it-asset-management/saas-license-management/integrate-with-docusign-account.md#docusign-prod-login","docusign-prod-login","markdown/it-asset-management/saas-license-management/integrate-with-docusign-account.md","skip to step 33","","","","","15","","register-a-docusign-application","0"
"none","0","missing target anchor","markdown/it-asset-management/saas-license-management/integrate-with-docusign-account.md","82","integrate-with-docusign-account.md#step9","","markdown/it-asset-management/saas-license-management/integrate-with-docusign-account.md#step9","step9","markdown/it-asset-management/saas-license-management/integrate-with-docusign-account.md","step 10","","","","","15","","register-a-docusign-application","0"
"none","0","missing target anchor","markdown/it-asset-management/saas-license-management/integrate-with-docusign-account.md","83","integrate-with-docusign-account.md#step9","","markdown/it-asset-management/saas-license-management/integrate-with-docusign-account.md#step9","step9","markdown/it-asset-management/saas-license-management/integrate-with-docusign-account.md","step 10","","","","","15","","register-a-docusign-application","0"
"none","0","missing target anchor","markdown/it-asset-management/saas-license-management/integrate-with-docusign-org.md","47","integrate-with-docusign-org.md#docusign-prod-login","","markdown/it-asset-management/saas-license-management/integrate-with-docusign-org.md#docusign-prod-login","docusign-prod-login","markdown/it-asset-management/saas-license-management/integrate-with-docusign-org.md","step 15","","","","","25","","register-a-docusign-application","0"
"none","0","missing target anchor","markdown/it-asset-management/saas-license-management/integrate-with-roadmunk.md","200","integrate-with-roadmunk.md#download-user-report","","markdown/it-asset-management/saas-license-management/integrate-with-roadmunk.md#download-user-report","download-user-report","markdown/it-asset-management/saas-license-management/integrate-with-roadmunk.md","step e","","","","","16","","generate-a-roadmunk-api-access-token","0"
"none","0","missing target anchor","markdown/it-asset-management/saas-license-management/integrate-with-salesforce-crm.md","822","integrate-with-salesforce-crm.md#child-alias","","markdown/it-asset-management/saas-license-management/integrate-with-salesforce-crm.md#child-alias","child-alias","markdown/it-asset-management/saas-license-management/integrate-with-salesforce-crm.md","step 7","","","","","45","","table_box","0"
"none","0","missing target anchor","markdown/it-asset-management/saas-license-management/integrate-with-successfactors.md","645","integrate-with-successfactors.md#filter-criteria","","markdown/it-asset-management/saas-license-management/integrate-with-successfactors.md#filter-criteria","filter-criteria","markdown/it-asset-management/saas-license-management/integrate-with-successfactors.md","step 14","","","","","42","","set-up-basic-authentication-for-sap-successfactors","0"
"none","0","missing target anchor","markdown/it-asset-management/saas-license-management/integrate-with-zoom.md","173","integrate-with-zoom.md#step5","","markdown/it-asset-management/saas-license-management/integrate-with-zoom.md#step5","step5","markdown/it-asset-management/saas-license-management/integrate-with-zoom.md","step 5","","","","","15","","table_kcp_jts_nbc","0"
"none","0","missing target anchor","markdown/it-asset-management/saas-license-management/integrate-with-zoom.md","175","integrate-with-zoom.md#step5","","markdown/it-asset-management/saas-license-management/integrate-with-zoom.md#step5","step5","markdown/it-asset-management/saas-license-management/integrate-with-zoom.md","step 5","","","","","15","","table_kcp_jts_nbc","0"
"none","0","missing target anchor","markdown/it-asset-management/saas-license-management/playbook-salesforce-crm.md","142","playbook-salesforce-crm.md#step4","","markdown/it-asset-management/saas-license-management/playbook-salesforce-crm.md#step4","step4","markdown/it-asset-management/saas-license-management/playbook-salesforce-crm.md","Step 4","","","","","6","","before-you-begin","0"
"none","0","missing target anchor","markdown/it-asset-management/saas-license-management/playbook-salesforce-crm.md","191","playbook-salesforce-crm.md#step-7","","markdown/it-asset-management/saas-license-management/playbook-salesforce-crm.md#step-7","step-7","markdown/it-asset-management/saas-license-management/playbook-salesforce-crm.md","Step 7","","","","","6","","before-you-begin","0"
"none","0","missing target anchor","markdown/it-asset-management/saas-license-management/reclaim-monday-subscription-workspace.md","54","reclaim-monday-subscription-workspace.md#identify-removal-candidate","","markdown/it-asset-management/saas-license-management/reclaim-monday-subscription-workspace.md#identify-removal-candidate","identify-removal-candidate","markdown/it-asset-management/saas-license-management/reclaim-monday-subscription-workspace.md","step 1","","","","","4","","before-you-begin","0"
"none","0","missing target anchor","markdown/it-asset-management/saas-license-management/reclaim-monday-subscription-workspace.md","90","reclaim-monday-subscription-workspace.md#remove-user","","markdown/it-asset-management/saas-license-management/reclaim-monday-subscription-workspace.md#remove-user","remove-user","markdown/it-asset-management/saas-license-management/reclaim-monday-subscription-workspace.md","step 2","","","","","4","","before-you-begin","0"
"none","0","missing target anchor","markdown/it-asset-management/saas-license-management/reclaim-monday-subscription.md","46","reclaim-monday-subscription.md#identify-removal-candidate","","markdown/it-asset-management/saas-license-management/reclaim-monday-subscription.md#identify-removal-candidate","identify-removal-candidate","markdown/it-asset-management/saas-license-management/reclaim-monday-subscription.md","step 1","","","","","4","","before-you-begin","0"
"none","0","missing target anchor","markdown/it-asset-management/saas-license-management/reclaim-monday-subscription.md","62","reclaim-monday-subscription.md#identify-removal-candidate","","markdown/it-asset-management/saas-license-management/reclaim-monday-subscription.md#identify-removal-candidate","identify-removal-candidate","markdown/it-asset-management/saas-license-management/reclaim-monday-subscription.md","step 1","","","","","4","","before-you-begin","0"
"none","0","missing target anchor","markdown/it-asset-management/saas-license-management/reclaim-monday-subscription.md","78","reclaim-monday-subscription.md#remove-user","","markdown/it-asset-management/saas-license-management/reclaim-monday-subscription.md#remove-user","remove-user","markdown/it-asset-management/saas-license-management/reclaim-monday-subscription.md","step 2","","","","","4","","before-you-begin","0"
"none","0","missing target anchor","markdown/it-asset-management/saas-license-management/reclaim-roadmunk-subscription-workspace.md","54","reclaim-roadmunk-subscription-workspace.md#identify-removal-candidate","","markdown/it-asset-management/saas-license-management/reclaim-roadmunk-subscription-workspace.md#identify-removal-candidate","identify-removal-candidate","markdown/it-asset-management/saas-license-management/reclaim-roadmunk-subscription-workspace.md","step 1","","","","","4","","before-you-begin","0"
"none","0","missing target anchor","markdown/it-asset-management/saas-license-management/reclaim-roadmunk-subscription-workspace.md","116","reclaim-roadmunk-subscription-workspace.md#remove-user","","markdown/it-asset-management/saas-license-management/reclaim-roadmunk-subscription-workspace.md#remove-user","remove-user","markdown/it-asset-management/saas-license-management/reclaim-roadmunk-subscription-workspace.md","step 2","","","","","4","","before-you-begin","0"
"none","0","missing target anchor","markdown/it-asset-management/saas-license-management/reclaim-roadmunk-subscription.md","46","reclaim-roadmunk-subscription.md#identify-removal-candidate","","markdown/it-asset-management/saas-license-management/reclaim-roadmunk-subscription.md#identify-removal-candidate","identify-removal-candidate","markdown/it-asset-management/saas-license-management/reclaim-roadmunk-subscription.md","step 1","","","","","4","","before-you-begin","0"
"none","0","missing target anchor","markdown/it-asset-management/saas-license-management/reclaim-roadmunk-subscription.md","64","reclaim-roadmunk-subscription.md#identify-removal-candidate","","markdown/it-asset-management/saas-license-management/reclaim-roadmunk-subscription.md#identify-removal-candidate","identify-removal-candidate","markdown/it-asset-management/saas-license-management/reclaim-roadmunk-subscription.md","step 1","","","","","4","","before-you-begin","0"
"none","0","missing target anchor","markdown/it-asset-management/saas-license-management/reclaim-roadmunk-subscription.md","104","reclaim-roadmunk-subscription.md#remove-user","","markdown/it-asset-management/saas-license-management/reclaim-roadmunk-subscription.md#remove-user","remove-user","markdown/it-asset-management/saas-license-management/reclaim-roadmunk-subscription.md","step 2","","","","","4","","before-you-begin","0"
"none","0","missing target anchor","markdown/it-asset-management/saas-license-management/reclaim-surveymonkey-subscription-workspace.md","48","reclaim-surveymonkey-subscription-workspace.md#identify-removal-candidate","","markdown/it-asset-management/saas-license-management/reclaim-surveymonkey-subscription-workspace.md#identify-removal-candidate","identify-removal-candidate","markdown/it-asset-management/saas-license-management/reclaim-surveymonkey-subscription-workspace.md","step 1","","","","","4","","before-you-begin","0"
"none","0","missing target anchor","markdown/it-asset-management/saas-license-management/reclaim-surveymonkey-subscription-workspace.md","76","reclaim-surveymonkey-subscription-workspace.md#remove-user","","markdown/it-asset-management/saas-license-management/reclaim-surveymonkey-subscription-workspace.md#remove-user","remove-user","markdown/it-asset-management/saas-license-management/reclaim-surveymonkey-subscription-workspace.md","step 2","","","","","4","","before-you-begin","0"
"none","0","missing target anchor","markdown/it-asset-management/saas-license-management/reclaim-surveymonkey-subscription.md","46","reclaim-surveymonkey-subscription.md#identify-removal-candidate","","markdown/it-asset-management/saas-license-management/reclaim-surveymonkey-subscription.md#identify-removal-candidate","identify-removal-candidate","markdown/it-asset-management/saas-license-management/reclaim-surveymonkey-subscription.md","step 1","","","","","4","","before-you-begin","0"
"none","0","missing target anchor","markdown/it-asset-management/saas-license-management/reclaim-surveymonkey-subscription.md","58","reclaim-surveymonkey-subscription.md#identify-removal-candidate","","markdown/it-asset-management/saas-license-management/reclaim-surveymonkey-subscription.md#identify-removal-candidate","identify-removal-candidate","markdown/it-asset-management/saas-license-management/reclaim-surveymonkey-subscription.md","step 1","","","","","4","","before-you-begin","0"
"none","0","missing target anchor","markdown/it-asset-management/saas-license-management/reclaim-surveymonkey-subscription.md","76","reclaim-surveymonkey-subscription.md#remove-user","","markdown/it-asset-management/saas-license-management/reclaim-surveymonkey-subscription.md#remove-user","remove-user","markdown/it-asset-management/saas-license-management/reclaim-surveymonkey-subscription.md","step 2","","","","","4","","before-you-begin","0"
"low","65","missing target anchor","markdown/it-asset-management/software-asset-management/complete-eol-workflow-request.md","57","software-eol-request.md#section_l11_yb1_4bc","software-eol-request.md#software-eol-request-fields","markdown/it-asset-management/software-asset-management/software-eol-request.md#section_l11_yb1_4bc","section_l11_yb1_4bc","markdown/it-asset-management/software-asset-management/software-eol-request.md","Software EOL tasks tab","software-eol-request-fields","Software EOL request fields","h1","14","4","link/candidate token overlap 0.50","software-eol-request-form","65"
"low","65","missing target anchor","markdown/it-asset-management/software-asset-management/complete-eol-workflow-request.md","69","software-eol-request.md#section_l11_yb1_4bc","software-eol-request.md#software-eol-request-fields","markdown/it-asset-management/software-asset-management/software-eol-request.md#section_l11_yb1_4bc","section_l11_yb1_4bc","markdown/it-asset-management/software-asset-management/software-eol-request.md","Software EOL tasks tab","software-eol-request-fields","Software EOL request fields","h1","14","4","link/candidate token overlap 0.50","software-eol-request-form","65"
"low","65","missing target anchor","markdown/it-asset-management/software-asset-management/complete-eol-workflow-request.md","79","software-eol-request.md#section_l11_yb1_4bc","software-eol-request.md#software-eol-request-fields","markdown/it-asset-management/software-asset-management/software-eol-request.md#section_l11_yb1_4bc","section_l11_yb1_4bc","markdown/it-asset-management/software-asset-management/software-eol-request.md","Software EOL tasks tab","software-eol-request-fields","Software EOL request fields","h1","14","4","link/candidate token overlap 0.50","software-eol-request-form","65"
"low","65","missing target anchor","markdown/it-asset-management/software-asset-management/complete-eol-workflow-request.md","91","software-eol-request.md#section_l11_yb1_4bc","software-eol-request.md#software-eol-request-fields","markdown/it-asset-management/software-asset-management/software-eol-request.md#section_l11_yb1_4bc","section_l11_yb1_4bc","markdown/it-asset-management/software-asset-management/software-eol-request.md","Software EOL tasks tab","software-eol-request-fields","Software EOL request fields","h1","14","4","link/candidate token overlap 0.50","software-eol-request-form","65"
"low","65","missing target anchor","markdown/it-asset-management/software-asset-management/complete-eol-workflow-request.md","103","software-eol-request.md#section_l11_yb1_4bc","software-eol-request.md#software-eol-request-fields","markdown/it-asset-management/software-asset-management/software-eol-request.md#section_l11_yb1_4bc","section_l11_yb1_4bc","markdown/it-asset-management/software-asset-management/software-eol-request.md","Software EOL tasks tab","software-eol-request-fields","Software EOL request fields","h1","14","4","link/candidate token overlap 0.50","software-eol-request-form","65"
"low","65","missing target anchor","markdown/it-asset-management/software-asset-management/complete-eol-workflow-request.md","115","software-eol-request.md#section_l11_yb1_4bc","software-eol-request.md#software-eol-request-fields","markdown/it-asset-management/software-asset-management/software-eol-request.md#section_l11_yb1_4bc","section_l11_yb1_4bc","markdown/it-asset-management/software-asset-management/software-eol-request.md","Software EOL tasks tab","software-eol-request-fields","Software EOL request fields","h1","14","4","link/candidate token overlap 0.50","software-eol-request-form","65"
"none","0","missing target anchor","markdown/it-asset-management/software-asset-management/create-clientaccess-workspace.md","150","create-clientaccess-workspace.md#cal-type","","markdown/it-asset-management/software-asset-management/create-clientaccess-workspace.md#cal-type","cal-type","markdown/it-asset-management/software-asset-management/create-clientaccess-workspace.md","step 7","","","","","6","","before-you-begin","0"
"none","0","missing target anchor","markdown/it-asset-management/software-asset-management/create-clientaccess-workspace.md","156","create-clientaccess-workspace.md#cal-type","","markdown/it-asset-management/software-asset-management/create-clientaccess-workspace.md#cal-type","cal-type","markdown/it-asset-management/software-asset-management/create-clientaccess-workspace.md","step 7","","","","","6","","before-you-begin","0"
"none","0","missing target anchor","markdown/it-asset-management/software-asset-management/create-clientaccess-workspace.md","164","create-clientaccess-workspace.md#cal-type","","markdown/it-asset-management/software-asset-management/create-clientaccess-workspace.md#cal-type","cal-type","markdown/it-asset-management/software-asset-management/create-clientaccess-workspace.md","step 7","","","","","6","","before-you-begin","0"
"none","0","missing target anchor","markdown/it-asset-management/software-asset-management/create-clientaccess-workspace.md","218","create-clientaccess-workspace.md#cal-type","","markdown/it-asset-management/software-asset-management/create-clientaccess-workspace.md#cal-type","cal-type","markdown/it-asset-management/software-asset-management/create-clientaccess-workspace.md","step 7","","","","","6","","before-you-begin","0"
"low","65","missing target anchor","markdown/it-asset-management/software-asset-management/create-edit-override-license-cost.md","40","software-model-fields.md#section_acq_cgl_4jb","software-model-fields.md#details-tab","markdown/it-asset-management/software-asset-management/software-model-fields.md#section_acq_cgl_4jb","section_acq_cgl_4jb","markdown/it-asset-management/software-asset-management/software-model-fields.md","Override License Costs tab","details-tab","Details tab","h2","20","18","link/candidate token overlap 0.50","software-model-fields","0"
"none","0","missing target anchor","markdown/it-asset-management/software-asset-management/create-swmodels-workspace.md","50","software-model-fields.md#section_ln4_wyp_l3b","","markdown/it-asset-management/software-asset-management/software-model-fields.md#section_ln4_wyp_l3b","section_ln4_wyp_l3b","markdown/it-asset-management/software-asset-management/software-model-fields.md","Suite Parents","","","","","18","","details-tab","0"
"none","0","missing target anchor","markdown/it-asset-management/software-asset-management/create-swmodels-workspace.md","51","software-model-fields.md#section_bdp_kmc_xhb","","markdown/it-asset-management/software-asset-management/software-model-fields.md#section_bdp_kmc_xhb","section_bdp_kmc_xhb","markdown/it-asset-management/software-asset-management/software-model-fields.md","Suite Components","","","","","18","","details-tab","0"
"none","0","missing target anchor","markdown/it-asset-management/software-asset-management/create-swmodels-workspace.md","54","software-model-fields.md#section_uvx_mbq_l3b","","markdown/it-asset-management/software-asset-management/software-model-fields.md#section_uvx_mbq_l3b","section_uvx_mbq_l3b","markdown/it-asset-management/software-asset-management/software-model-fields.md","Software Product Lifecycle","","","","","18","","details-tab","0"
"none","0","missing target anchor","markdown/it-asset-management/software-asset-management/create-swmodels-workspace.md","58","software-model-fields.md#section_acq_cgl_4jb","","markdown/it-asset-management/software-asset-management/software-model-fields.md#section_acq_cgl_4jb","section_acq_cgl_4jb","markdown/it-asset-management/software-asset-management/software-model-fields.md","Override License Cost","","","","","18","","details-tab","0"
"none","0","missing target anchor","markdown/it-asset-management/software-asset-management/create-swmodels-workspace.md","60","software-model-fields.md#section_zcb_j4z_4hb","","markdown/it-asset-management/software-asset-management/software-model-fields.md#section_zcb_j4z_4hb","section_zcb_j4z_4hb","markdown/it-asset-management/software-asset-management/software-model-fields.md","Metric Attributes","","","","","18","","details-tab","0"
"none","0","missing target anchor","markdown/it-asset-management/software-asset-management/create-swmodels-workspace.md","68","software-model-fields.md#section_x5s_j4z_4hb","","markdown/it-asset-management/software-asset-management/software-model-fields.md#section_x5s_j4z_4hb","section_x5s_j4z_4hb","markdown/it-asset-management/software-asset-management/software-model-fields.md","Downgrade Rights","","","","","18","","details-tab","0"
"none","0","missing target anchor","markdown/it-asset-management/software-asset-management/enable-service-principal-authentication-microsoft.md","34","enable-service-principal-authentication-microsoft.md#add-app-security-group","","markdown/it-asset-management/software-asset-management/enable-service-principal-authentication-microsoft.md#add-app-security-group","add-app-security-group","markdown/it-asset-management/software-asset-management/enable-service-principal-authentication-microsoft.md","step 2","","","","","5","","before-you-begin","0"
"none","0","missing target anchor","markdown/it-asset-management/software-asset-management/enable-service-principal-authentication-microsoft.md","103","enable-service-principal-authentication-microsoft.md#create-security-group","","markdown/it-asset-management/software-asset-management/enable-service-principal-authentication-microsoft.md#create-security-group","create-security-group","markdown/it-asset-management/software-asset-management/enable-service-principal-authentication-microsoft.md","step 1","","","","","5","","before-you-begin","0"
"none","0","missing target anchor","markdown/it-asset-management/software-asset-management/enable-service-principal-authentication-microsoft.md","105","enable-service-principal-authentication-microsoft.md#create-security-group","","markdown/it-asset-management/software-asset-management/enable-service-principal-authentication-microsoft.md#create-security-group","create-security-group","markdown/it-asset-management/software-asset-management/enable-service-principal-authentication-microsoft.md","step 1","","","","","5","","before-you-begin","0"
"none","0","missing target anchor","markdown/it-asset-management/software-asset-management/enable-service-principal-authentication-microsoft.md","105","enable-service-principal-authentication-microsoft.md#step-b","","markdown/it-asset-management/software-asset-management/enable-service-principal-authentication-microsoft.md#step-b","step-b","markdown/it-asset-management/software-asset-management/enable-service-principal-authentication-microsoft.md","step b","","","","","5","","before-you-begin","0"
"none","0","missing target anchor","markdown/it-asset-management/software-asset-management/ibm-pvu-rvu-licensing.md","55","ibm-pvu-rvu-licensing.md#table_owy_slv_4pb","","markdown/it-asset-management/software-asset-management/ibm-pvu-rvu-licensing.md#table_owy_slv_4pb","table_owy_slv_4pb","markdown/it-asset-management/software-asset-management/ibm-pvu-rvu-licensing.md","RVU tiers and factors table","","","","","4","","processor-value-unit-pvu-licensing","0"
"none","0","missing target anchor","markdown/it-asset-management/software-asset-management/ibm-user-based-licensing.md","44","ibm-user-based-licensing.md#table_owy_slv_4pb","","markdown/it-asset-management/software-asset-management/ibm-user-based-licensing.md#table_owy_slv_4pb","table_owy_slv_4pb","markdown/it-asset-management/software-asset-management/ibm-user-based-licensing.md","AUVU tiers and factors table","","","","","6","","authorized-user-licensing","0"
"none","0","missing target anchor","markdown/it-asset-management/software-asset-management/import-custom-sap-named-user-type.md","66","import-custom-sap-named-user-type.md#dl-template","","markdown/it-asset-management/software-asset-management/import-custom-sap-named-user-type.md#dl-template","dl-template","markdown/it-asset-management/software-asset-management/import-custom-sap-named-user-type.md","step 1","","","","","4","","before-you-begin","0"
"none","0","missing target anchor","markdown/it-asset-management/software-asset-management/import-custom-sap-price-list.md","68","import-custom-sap-price-list.md#dl-template","","markdown/it-asset-management/software-asset-management/import-custom-sap-price-list.md#dl-template","dl-template","markdown/it-asset-management/software-asset-management/import-custom-sap-price-list.md","step 1","","","","","4","","before-you-begin","0"
"none","0","missing target anchor","markdown/it-asset-management/software-asset-management/import-mls-entitlements-sam-classic.md","65","import-mls-entitlements-sam-classic.md#step2","","markdown/it-asset-management/software-asset-management/import-mls-entitlements-sam-classic.md#step2","step2","markdown/it-asset-management/software-asset-management/import-mls-entitlements-sam-classic.md","step 4","","","","","3","","before-you-begin","0"
"none","0","missing target anchor","markdown/it-asset-management/software-asset-management/import-mls-entitlements-sam-classic.md","71","import-mls-entitlements-sam-classic.md#assign-base-entitlement","","markdown/it-asset-management/software-asset-management/import-mls-entitlements-sam-classic.md#assign-base-entitlement","assign-base-entitlement","markdown/it-asset-management/software-asset-management/import-mls-entitlements-sam-classic.md","step 7","","","","","3","","before-you-begin","0"
"none","0","missing target anchor","markdown/it-asset-management/software-asset-management/import-mls-entitlements-workspace.md","108","import-mls-entitlements-workspace.md#import-errors","","markdown/it-asset-management/software-asset-management/import-mls-entitlements-workspace.md#import-errors","import-errors","markdown/it-asset-management/software-asset-management/import-mls-entitlements-workspace.md","step 7","","","","","5","","before-you-begin","0"
"none","0","missing target anchor","markdown/it-asset-management/software-asset-management/import-mls-entitlements-workspace.md","112","import-mls-entitlements-workspace.md#step4","","markdown/it-asset-management/software-asset-management/import-mls-entitlements-workspace.md#step4","step4","markdown/it-asset-management/software-asset-management/import-mls-entitlements-workspace.md","step 4","","","","","5","","before-you-begin","0"
"low","65","missing target anchor","markdown/it-asset-management/software-asset-management/manage-eol-risk.md","64","software-eol-request.md#section_l11_yb1_4bc","software-eol-request.md#software-eol-request-fields","markdown/it-asset-management/software-asset-management/software-eol-request.md#section_l11_yb1_4bc","section_l11_yb1_4bc","markdown/it-asset-management/software-asset-management/software-eol-request.md","Software EOL tasks tab","software-eol-request-fields","Software EOL request fields","h1","14","4","link/candidate token overlap 0.50","software-eol-request-form","65"
"none","0","missing target anchor","markdown/it-asset-management/software-asset-management/Manage-software-suites.md","26","software-model-fields.md#section_bdp_kmc_xhb","","markdown/it-asset-management/software-asset-management/software-model-fields.md#section_bdp_kmc_xhb","section_bdp_kmc_xhb","markdown/it-asset-management/software-asset-management/software-model-fields.md","Suite Components","","","","","18","","details-tab","0"
"none","0","missing target anchor","markdown/it-asset-management/software-asset-management/oracle-infrastructure-report.md","40","oracle-infrastructure-report.md#section_ahj_vhh_vpb","","markdown/it-asset-management/software-asset-management/oracle-infrastructure-report.md#section_ahj_vhh_vpb","section_ahj_vhh_vpb","markdown/it-asset-management/software-asset-management/oracle-infrastructure-report.md","Licenses Required By form","","","","","3","","table_eny_lzk_npb","0"
"none","0","missing target anchor","markdown/it-asset-management/software-asset-management/record-terms-software-licenses.md","30","software-model-fields.md#section_uvx_mbq_l3b","","markdown/it-asset-management/software-asset-management/software-model-fields.md#section_uvx_mbq_l3b","section_uvx_mbq_l3b","markdown/it-asset-management/software-asset-management/software-model-fields.md","Software Product Lifecycle related list","","","","","18","","details-tab","0"
"none","0","missing target anchor","markdown/it-asset-management/software-asset-management/record-terms-software-licenses.md","50","software-model-fields.md#section_ln4_wyp_l3b","","markdown/it-asset-management/software-asset-management/software-model-fields.md#section_ln4_wyp_l3b","section_ln4_wyp_l3b","markdown/it-asset-management/software-asset-management/software-model-fields.md","Suite Parents related list","","","","","18","","details-tab","0"
"none","0","missing target anchor","markdown/it-asset-management/software-asset-management/record-terms-software-licenses.md","51","software-model-fields.md#section_bdp_kmc_xhb","","markdown/it-asset-management/software-asset-management/software-model-fields.md#section_bdp_kmc_xhb","section_bdp_kmc_xhb","markdown/it-asset-management/software-asset-management/software-model-fields.md","Suite Components related list","","","","","18","","details-tab","0"
"none","0","missing target anchor","markdown/it-asset-management/software-asset-management/record-terms-software-licenses.md","66","software-model-fields.md#section_uvx_mbq_l3b","","markdown/it-asset-management/software-asset-management/software-model-fields.md#section_uvx_mbq_l3b","section_uvx_mbq_l3b","markdown/it-asset-management/software-asset-management/software-model-fields.md","Software Product Lifecycles","","","","","18","","details-tab","0"
"none","0","missing target anchor","markdown/it-asset-management/software-asset-management/record-terms-software-licenses.md","70","software-model-fields.md#section_zcb_j4z_4hb","","markdown/it-asset-management/software-asset-management/software-model-fields.md#section_zcb_j4z_4hb","section_zcb_j4z_4hb","markdown/it-asset-management/software-asset-management/software-model-fields.md","Metric Attributes related list","","","","","18","","details-tab","0"
"low","67","missing target anchor","markdown/it-asset-management/software-asset-management/record-terms-software-licenses.md","76","software-model-fields.md#section_yhc_y3q_l3b","software-model-fields.md#client-access-tab","markdown/it-asset-management/software-asset-management/software-model-fields.md#section_yhc_y3q_l3b","section_yhc_y3q_l3b","markdown/it-asset-management/software-asset-management/software-model-fields.md","Client Access related list","client-access-tab","Client Access tab","h2","1083","18","link/candidate token overlap 0.67","software-model-fields","0"
"none","0","missing target anchor","markdown/it-asset-management/software-asset-management/record-terms-software-licenses.md","78","software-model-fields.md#section_x5s_j4z_4hb","","markdown/it-asset-management/software-asset-management/software-model-fields.md#section_x5s_j4z_4hb","section_x5s_j4z_4hb","markdown/it-asset-management/software-asset-management/software-model-fields.md","Downgrade Rights related list","","","","","18","","details-tab","0"
"none","0","missing target anchor","markdown/it-asset-management/software-asset-management/rhel-entitlements.md","235","rhel-entitlements.md#spreadsheet","","markdown/it-asset-management/software-asset-management/rhel-entitlements.md#spreadsheet","spreadsheet","markdown/it-asset-management/software-asset-management/rhel-entitlements.md","step 2","","","","","9","","create-entitlements-for-red-hat-enterprise-linux","0"
"none","0","missing target anchor","markdown/it-asset-management/software-asset-management/self-declare-sap-products-workspace.md","48","self-declare-sap-products-workspace.md#create-software-model","","markdown/it-asset-management/software-asset-management/self-declare-sap-products-workspace.md#create-software-model","create-software-model","markdown/it-asset-management/software-asset-management/self-declare-sap-products-workspace.md","step 1","","","","","6","","before-you-begin","0"
"none","0","missing target anchor","markdown/it-asset-management/software-asset-management/self-declare-sap-products-workspace.md","52","self-declare-sap-products-workspace.md#create-software-model","","markdown/it-asset-management/software-asset-management/self-declare-sap-products-workspace.md#create-software-model","create-software-model","markdown/it-asset-management/software-asset-management/self-declare-sap-products-workspace.md","step 1","","","","","6","","before-you-begin","0"
"none","0","missing target anchor","markdown/it-asset-management/software-asset-management/self-declare-sap-products-workspace.md","60","self-declare-sap-products-workspace.md#create-software-model","","markdown/it-asset-management/software-asset-management/self-declare-sap-products-workspace.md#create-software-model","create-software-model","markdown/it-asset-management/software-asset-management/self-declare-sap-products-workspace.md","step 1","","","","","6","","before-you-begin","0"
"none","0","missing target anchor","markdown/it-asset-management/software-asset-management/self-declare-sap-products.md","44","self-declare-sap-products.md#create-software-model","","markdown/it-asset-management/software-asset-management/self-declare-sap-products.md#create-software-model","create-software-model","markdown/it-asset-management/software-asset-management/self-declare-sap-products.md","step 1","","","","","5","","before-you-begin","0"
"none","0","missing target anchor","markdown/it-asset-management/software-asset-management/self-declare-sap-products.md","60","self-declare-sap-products.md#create-software-model","","markdown/it-asset-management/software-asset-management/self-declare-sap-products.md#create-software-model","create-software-model","markdown/it-asset-management/software-asset-management/self-declare-sap-products.md","step 1","","","","","5","","before-you-begin","0"
"none","0","missing target anchor","markdown/it-asset-management/software-asset-management/software-suites.md","34","software-model-fields.md#section_bdp_kmc_xhb","","markdown/it-asset-management/software-asset-management/software-model-fields.md#section_bdp_kmc_xhb","section_bdp_kmc_xhb","markdown/it-asset-management/software-asset-management/software-model-fields.md","Suite Components","","","","","18","","details-tab","0"
"none","0","missing target anchor","markdown/it-asset-management/software-asset-management/t_AddAClientAccessRec.md","140","t_AddAClientAccessRec.md#cal-type","","markdown/it-asset-management/software-asset-management/t_AddAClientAccessRec.md#cal-type","cal-type","markdown/it-asset-management/software-asset-management/t_AddAClientAccessRec.md","step 3","","","","","7","","before-you-begin","0"
"none","0","missing target anchor","markdown/it-asset-management/software-asset-management/t_AddAClientAccessRec.md","146","t_AddAClientAccessRec.md#cal-type","","markdown/it-asset-management/software-asset-management/t_AddAClientAccessRec.md#cal-type","cal-type","markdown/it-asset-management/software-asset-management/t_AddAClientAccessRec.md","step 3","","","","","7","","before-you-begin","0"
"none","0","missing target anchor","markdown/it-asset-management/software-asset-management/t_AddAClientAccessRec.md","154","t_AddAClientAccessRec.md#cal-type","","markdown/it-asset-management/software-asset-management/t_AddAClientAccessRec.md#cal-type","cal-type","markdown/it-asset-management/software-asset-management/t_AddAClientAccessRec.md","step 3","","","","","7","","before-you-begin","0"
"none","0","missing target anchor","markdown/it-asset-management/software-asset-management/t_AddAClientAccessRec.md","206","t_AddAClientAccessRec.md#cal-type","","markdown/it-asset-management/software-asset-management/t_AddAClientAccessRec.md#cal-type","cal-type","markdown/it-asset-management/software-asset-management/t_AddAClientAccessRec.md","step 3","","","","","7","","before-you-begin","0"
"low","69","missing target anchor","markdown/it-business-management/demand-management/migrate-fin-baselines-demands.md","95","../portfolio-planning/using-financials-pp.md#section_bkp_g2l_2zb","../portfolio-planning/using-financials-pp.md#baseline-view","markdown/it-business-management/portfolio-planning/using-financials-pp.md#section_bkp_g2l_2zb","section_bkp_g2l_2zb","markdown/it-business-management/portfolio-planning/using-financials-pp.md","Baselines view","baseline-view","Baseline view","h2","148","10","link/candidate token overlap 0.50; link/candidate text similarity 0.93","cost-view","65"
"low","65","missing target anchor","markdown/it-business-management/portfolio-planning/add-dependencies-roadmap-items-portfolio-planning.md","27","../scenario-planning-in-spw/roadmap-planning-overview.md#section_spl_34r_1tb","../scenario-planning-in-spw/roadmap-planning-overview.md#milestones-on-the-roadmap","markdown/it-business-management/scenario-planning-in-spw/roadmap-planning-overview.md#section_spl_34r_1tb","section_spl_34r_1tb","markdown/it-business-management/scenario-planning-in-spw/roadmap-planning-overview.md","Learn more about dependencies in the roadmap","milestones-on-the-roadmap","Milestones on the roadmap","h2","62","9","link/candidate token overlap 0.50","roadmaps-in-strategic-planning","0"
"none","0","missing target anchor","markdown/it-business-management/portfolio-planning/using-financials-pp.md","150","../scenario-planning-in-spw/create-compare-baselines.md#ol_tgp_v2k_2zb","","markdown/it-business-management/scenario-planning-in-spw/create-compare-baselines.md#ol_tgp_v2k_2zb","ol_tgp_v2k_2zb","markdown/it-business-management/scenario-planning-in-spw/create-compare-baselines.md","Create a baseline","","","","","8","","before-you-begin","0"
"none","0","missing target anchor","markdown/it-business-management/ppm-collaboration/create-an-investment-report.md","41","use-investment-portal.md#image_cwc_2xh_ycb","","markdown/it-business-management/ppm-collaboration/use-investment-portal.md#image_cwc_2xh_ycb","image_cwc_2xh_ycb","markdown/it-business-management/ppm-collaboration/use-investment-portal.md","Widget Configuration","","","","","30","","before-you-begin","0"
"none","0","missing target anchor","markdown/it-business-management/project-management/external-dependency-types.md","22","r_PlanningConsoleTasks.md#table_ukw_ftd_2s","","markdown/it-business-management/project-management/r_PlanningConsoleTasks.md#table_ukw_ftd_2s","table_ukw_ftd_2s","markdown/it-business-management/project-management/r_PlanningConsoleTasks.md","notification","","","","","4","","table_m3q_lsy_fdc","0"
"none","0","missing target anchor","markdown/it-business-management/project-management/portal-board-widget-form.md","103","../ppm-collaboration/use-investment-portal.md#image_cwc_2xh_ycb","","markdown/it-business-management/ppm-collaboration/use-investment-portal.md#image_cwc_2xh_ycb","image_cwc_2xh_ycb","markdown/it-business-management/ppm-collaboration/use-investment-portal.md","Widget Configuration","","","","","30","","before-you-begin","0"
"none","0","missing target anchor","markdown/it-business-management/project-management/r_PlanningConsoleTasks.md","86","c_GanttChart.md#phase_icons","","markdown/it-business-management/project-management/c_GanttChart.md#phase_icons","phase_icons","markdown/it-business-management/project-management/c_GanttChart.md","phase icons","","","","","5","","the-critical-path","0"
"low","65","missing target anchor","markdown/it-business-management/project-workspace/create-compare-baselines-pws.md","20","using-financials-prj-wrkspc.md#section_bkp_g2l_2zb","using-financials-prj-wrkspc.md#how-actuals-planned-and-eac-are-compared-between-two-baselines-captured-at-different-timestamps","markdown/it-business-management/project-workspace/using-financials-prj-wrkspc.md#section_bkp_g2l_2zb","section_bkp_g2l_2zb","markdown/it-business-management/project-workspace/using-financials-prj-wrkspc.md","financial baselines","how-actuals-planned-and-eac-are-compared-between-two-baselines-captured-at-different-timestamps","How actuals, planned, and EAC are compared between two baselines captured at different timestamps","h2","211","10","link/candidate token overlap 0.50","managing-financials-for-your-projects","0"
"none","0","missing target anchor","markdown/it-business-management/project-workspace/using-financials-prj-wrkspc.md","148","../scenario-planning-in-spw/create-compare-baselines.md#ol_tgp_v2k_2zb","","markdown/it-business-management/scenario-planning-in-spw/create-compare-baselines.md#ol_tgp_v2k_2zb","ol_tgp_v2k_2zb","markdown/it-business-management/scenario-planning-in-spw/create-compare-baselines.md","Create a baseline","","","","","8","","before-you-begin","0"
"low","65","missing target anchor","markdown/it-business-management/resource-management/rsrc-plans-rsrc-asgmnts.md","104","../project-management/planning-attributes.md#table_f1y_wvh_wwb","../project-management/planning-attributes.md#using-the-planning-attributes","markdown/it-business-management/project-management/planning-attributes.md#table_f1y_wvh_wwb","table_f1y_wvh_wwb","markdown/it-business-management/project-management/planning-attributes.md","planning attributes enabled for financials","using-the-planning-attributes","Using the Planning attributes","h1","14","2","link/candidate token overlap 0.50","table_yks_wgm_vwb","0"
"low","65","missing target anchor","markdown/it-business-management/scenario-planning-in-spw/create-planning-item-dependencies-in-a-roadmap.md","27","roadmap-planning-overview.md#section_spl_34r_1tb","roadmap-planning-overview.md#milestones-on-the-roadmap","markdown/it-business-management/scenario-planning-in-spw/roadmap-planning-overview.md#section_spl_34r_1tb","section_spl_34r_1tb","markdown/it-business-management/scenario-planning-in-spw/roadmap-planning-overview.md","Learn more about dependencies in the roadmap","milestones-on-the-roadmap","Milestones on the roadmap","h2","62","9","link/candidate token overlap 0.50","roadmaps-in-strategic-planning","0"
"none","0","missing target anchor","markdown/it-business-management/scenario-planning-in-spw/using-financials-spw.md","150","create-compare-baselines.md#ol_tgp_v2k_2zb","","markdown/it-business-management/scenario-planning-in-spw/create-compare-baselines.md#ol_tgp_v2k_2zb","ol_tgp_v2k_2zb","markdown/it-business-management/scenario-planning-in-spw/create-compare-baselines.md","Create a baseline","","","","","8","","before-you-begin","0"
"none","0","missing target anchor","markdown/it-operations-management/agent-client-collector/acc-enable-log-monitoring-linux.md","49","acc-enable-log-monitoring-linux.md#log-file","","markdown/it-operations-management/agent-client-collector/acc-enable-log-monitoring-linux.md#log-file","log-file","markdown/it-operations-management/agent-client-collector/acc-enable-log-monitoring-linux.md","4","","","","","3","","before-you-begin","0"
"none","0","missing target anchor","markdown/it-operations-management/agent-client-collector/acc-enable-log-monitoring-linux.md","49","acc-enable-log-monitoring-linux.md#string","","markdown/it-operations-management/agent-client-collector/acc-enable-log-monitoring-linux.md#string","string","markdown/it-operations-management/agent-client-collector/acc-enable-log-monitoring-linux.md","5","","","","","3","","before-you-begin","0"
"none","0","missing target anchor","markdown/it-operations-management/agent-client-collector/acc-log-analytics-policies-checks.md","258","acc-log-analytics-policies-checks.md#section_twh_3vd_nzb","","markdown/it-operations-management/agent-client-collector/acc-log-analytics-policies-checks.md#section_twh_3vd_nzb","section_twh_3vd_nzb","markdown/it-operations-management/agent-client-collector/acc-log-analytics-policies-checks.md","Environment variables","","","","","4","","default-acc-l-policies","0"
"none","0","missing target anchor","markdown/it-operations-management/agent-client-collector/acc-oneliner-install.md","75","acc-oneliner-install.md#command","","markdown/it-operations-management/agent-client-collector/acc-oneliner-install.md#command","command","markdown/it-operations-management/agent-client-collector/acc-oneliner-install.md","2","","","","","4","","before-you-begin","0"
"none","0","missing target anchor","markdown/it-operations-management/aws-trusted-credential-less.md","61","aws-trusted-credential-less.md#create-IAM-role-trusting-account","","markdown/it-operations-management/aws-trusted-credential-less.md#create-IAM-role-trusting-account","create-IAM-role-trusting-account","markdown/it-operations-management/aws-trusted-credential-less.md","1.b","","","","","11","","before-you-begin","0"
"none","0","missing target anchor","markdown/it-operations-management/aws-trusted-credential-less.md","74","aws-trusted-credential-less.md#create-IAM-role-trusting-account","","markdown/it-operations-management/aws-trusted-credential-less.md#create-IAM-role-trusting-account","create-IAM-role-trusting-account","markdown/it-operations-management/aws-trusted-credential-less.md","1.b","","","","","11","","before-you-begin","0"
"none","0","missing target anchor","markdown/it-operations-management/aws-trusted-credential-less.md","79","aws-trusted-credential-less.md#create-role-trusted-account","","markdown/it-operations-management/aws-trusted-credential-less.md#create-role-trusted-account","create-role-trusted-account","markdown/it-operations-management/aws-trusted-credential-less.md","2.b","","","","","11","","before-you-begin","0"
"none","0","missing target anchor","markdown/it-operations-management/cloud-configuration-governance/discover-terraform-config-installables-vcs-workspaces.md","78","discover-terraform-config-installables-vcs-workspaces.md#cpg-tf-connector-find-vcs-repo-branches","","markdown/it-operations-management/cloud-configuration-governance/discover-terraform-config-installables-vcs-workspaces.md#cpg-tf-connector-find-vcs-repo-branches","cpg-tf-connector-find-vcs-repo-branches","markdown/it-operations-management/cloud-configuration-governance/discover-terraform-config-installables-vcs-workspaces.md","5.d","","","","","6","","before-you-begin","0"
"none","0","missing target anchor","markdown/it-operations-management/discovery-and-service-mapping-patterns/add-related-cis-to-the-main-ci-pattern.md","25","t_CreateCITypeForSM.md#configure-ci-related-items","","markdown/it-operations-management/discovery-and-service-mapping-patterns/t_CreateCITypeForSM.md#configure-ci-related-items","configure-ci-related-items","markdown/it-operations-management/discovery-and-service-mapping-patterns/t_CreateCITypeForSM.md","Configure references to other CIs or non-CIs as related items for the CI type","","","","","6","","before-you-begin","0"
"none","0","missing target anchor","markdown/it-operations-management/discovery-and-service-mapping-patterns/azure-cloud-discovery-patterns.md","179","azure-cloud-discovery-patterns.md#resources-azure-sql-managed-instance-license","","markdown/it-operations-management/discovery-and-service-mapping-patterns/azure-cloud-discovery-patterns.md#resources-azure-sql-managed-instance-license","resources-azure-sql-managed-instance-license","markdown/it-operations-management/discovery-and-service-mapping-patterns/azure-cloud-discovery-patterns.md","Resources discovered using the Azure DataBase (LP) pattern extension: Azure SQL Managed Instance license","","","","","18","","request-new-or-enhanced-patterns-on-the-servicenow-store","0"
"low","65","missing target anchor","markdown/it-operations-management/discovery-and-service-mapping-patterns/azure-cloud-discovery-patterns.md","181","azure-cloud-discovery-patterns.md#relationships-azure-sql-managed-instance-license","azure-cloud-discovery-patterns.md#ci-relationships","markdown/it-operations-management/discovery-and-service-mapping-patterns/azure-cloud-discovery-patterns.md#relationships-azure-sql-managed-instance-license","relationships-azure-sql-managed-instance-license","markdown/it-operations-management/discovery-and-service-mapping-patterns/azure-cloud-discovery-patterns.md","Relationships discovered using the Azure DataBase (LP) pattern extension: Azure SQL Managed Instance license","ci-relationships","CI relationships","h2","707","18","link/candidate token overlap 0.50","microsoft-azure-cloud-discovery-using-patterns","0"
"none","0","missing target anchor","markdown/it-operations-management/discovery-and-service-mapping-patterns/cassandra-discovery.md","34","../service-mapping/r_NonSudoCommands.md#table_dxn_bml_mmb","","markdown/it-operations-management/service-mapping/r_NonSudoCommands.md#table_dxn_bml_mmb","table_dxn_bml_mmb","markdown/it-operations-management/service-mapping/r_NonSudoCommands.md","Cassandra (for UNIX)","","","","","42","","operating-systems","0"
"none","0","missing target anchor","markdown/it-operations-management/discovery-and-service-mapping-patterns/create-alias-api-key-cred-fortinet.md","20","fortinet-fw-vdoms-rest-discovery.md#create-fortinet-api-token","","markdown/it-operations-management/discovery-and-service-mapping-patterns/fortinet-fw-vdoms-rest-discovery.md#create-fortinet-api-token","create-fortinet-api-token","markdown/it-operations-management/discovery-and-service-mapping-patterns/fortinet-fw-vdoms-rest-discovery.md","Create API Token","","","","","6","","request-apps-on-the-store","0"
"none","0","missing target anchor","markdown/it-operations-management/discovery-and-service-mapping-patterns/create-alias-basic-auth-cred-cohesity.md","20","cohesity-storage-system-discovery.md#cohesity-api-permissions","","markdown/it-operations-management/discovery-and-service-mapping-patterns/cohesity-storage-system-discovery.md#cohesity-api-permissions","cohesity-api-permissions","markdown/it-operations-management/discovery-and-service-mapping-patterns/cohesity-storage-system-discovery.md","Verify API permissions","","","","","6","","request-apps-on-the-store","0"
"none","0","missing target anchor","markdown/it-operations-management/discovery/add-change-processing-support-azure-resource-type.md","93","add-change-processing-support-azure-resource-type.md#step-create-response-mapping","","markdown/it-operations-management/discovery/add-change-processing-support-azure-resource-type.md#step-create-response-mapping","step-create-response-mapping","markdown/it-operations-management/discovery/add-change-processing-support-azure-resource-type.md","5.b","","","","","5","","before-you-begin","0"
"none","0","missing target anchor","markdown/it-operations-management/discovery/add-change-processing-support-azure-resource-type.md","93","add-change-processing-support-azure-resource-type.md#step-submit-response-mapping","","markdown/it-operations-management/discovery/add-change-processing-support-azure-resource-type.md#step-submit-response-mapping","step-submit-response-mapping","markdown/it-operations-management/discovery/add-change-processing-support-azure-resource-type.md","5.d","","","","","5","","before-you-begin","0"
"none","0","missing target anchor","markdown/it-operations-management/discovery/kubernetes-discovery.md","56","kubernetes-discovery.md#section_qgk_lbh_dtb","","markdown/it-operations-management/discovery/kubernetes-discovery.md#section_qgk_lbh_dtb","section_qgk_lbh_dtb","markdown/it-operations-management/discovery/kubernetes-discovery.md","below","","","","","20","","supported-versions","0"
"none","0","missing target anchor","markdown/it-operations-management/discovery/r_ApplicationDependencyMapping.md","140","r_ApplicationDependencyMapping.md#sudoers","","markdown/it-operations-management/discovery/r_ApplicationDependencyMapping.md#sudoers","sudoers","markdown/it-operations-management/discovery/r_ApplicationDependencyMapping.md","modify the sudoers file","","","","","11","","standard-and-enhanced-adm-discovery","0"
"none","0","missing target anchor","markdown/it-operations-management/discovery/r_CIMProbe.md","93","r_CIMProbe.md#GetObjectToken","","markdown/it-operations-management/discovery/r_CIMProbe.md#GetObjectToken","GetObjectToken","markdown/it-operations-management/discovery/r_CIMProbe.md","Get Object","","","","","18","","parameter-expansion","0"
"low","74","missing target anchor","markdown/it-operations-management/discovery/r_CIMProbe.md","370","r_CIMProbe.md#IndexToken","r_CIMProbe.md#index-token","markdown/it-operations-management/discovery/r_CIMProbe.md#IndexToken","IndexToken","markdown/it-operations-management/discovery/r_CIMProbe.md","first result","index-token","Index Token","h3","289","18","requested/candidate id similarity 0.91","cim-probe","0"
"none","0","missing target anchor","markdown/it-operations-management/discovery/r_CIMProbe.md","370","r_CIMProbe.md#PropertiesToken","","markdown/it-operations-management/discovery/r_CIMProbe.md#PropertiesToken","PropertiesToken","markdown/it-operations-management/discovery/r_CIMProbe.md","properties","","","","","18","","parameter-expansion","0"
"none","0","missing target anchor","markdown/it-operations-management/discovery/r_CIMProbe.md","382","r_CIMProbe.md#PropertiesToken","","markdown/it-operations-management/discovery/r_CIMProbe.md#PropertiesToken","PropertiesToken","markdown/it-operations-management/discovery/r_CIMProbe.md","property","","","","","18","","parameter-expansion","0"
"low","65","missing target anchor","markdown/it-operations-management/discovery/r_CIMProbe.md","394","r_CIMProbe.md#GetObjectToken","r_CIMProbe.md#enumerate-objects-token","markdown/it-operations-management/discovery/r_CIMProbe.md#GetObjectToken","GetObjectToken","markdown/it-operations-management/discovery/r_CIMProbe.md","identity token","enumerate-objects-token","Enumerate Objects Token","h3","152","18","link/candidate token overlap 0.50","enumerate-associated-objects-token","65"
"none","0","missing target anchor","markdown/it-operations-management/discovery/r_CIMProbe.md","406","r_CIMProbe.md#PropertiesToken","","markdown/it-operations-management/discovery/r_CIMProbe.md#PropertiesToken","PropertiesToken","markdown/it-operations-management/discovery/r_CIMProbe.md","property","","","","","18","","parameter-expansion","0"
"low","74","missing target anchor","markdown/it-operations-management/discovery/r_CIMProbe.md","408","r_CIMProbe.md#EnumerateObjectsToken","r_CIMProbe.md#enumerate-objects-token","markdown/it-operations-management/discovery/r_CIMProbe.md#EnumerateObjectsToken","EnumerateObjectsToken","markdown/it-operations-management/discovery/r_CIMProbe.md","filter token","enumerate-objects-token","Enumerate Objects Token","h3","152","18","link/candidate token overlap 0.50; requested/candidate id similarity 0.91","enumerate-associated-objects-token","65"
"low","74","missing target anchor","markdown/it-operations-management/discovery/r_CIMProbe.md","424","r_CIMProbe.md#EnumerateObjectsToken","r_CIMProbe.md#enumerate-objects-token","markdown/it-operations-management/discovery/r_CIMProbe.md#EnumerateObjectsToken","EnumerateObjectsToken","markdown/it-operations-management/discovery/r_CIMProbe.md","filter token","enumerate-objects-token","Enumerate Objects Token","h3","152","18","link/candidate token overlap 0.50; requested/candidate id similarity 0.91","enumerate-associated-objects-token","65"
"low","74","missing target anchor","markdown/it-operations-management/discovery/r_CIMProbe.md","436","r_CIMProbe.md#EnumerateAssociatedObjectsToken","r_CIMProbe.md#enumerate-associated-objects-token","markdown/it-operations-management/discovery/r_CIMProbe.md#EnumerateAssociatedObjectsToken","EnumerateAssociatedObjectsToken","markdown/it-operations-management/discovery/r_CIMProbe.md","second result","enumerate-associated-objects-token","Enumerate Associated Objects Token","h3","169","18","requested/candidate id similarity 0.91","cim-probe","0"
"low","74","missing target anchor","markdown/it-operations-management/discovery/r_CIMProbe.md","436","r_CIMProbe.md#EnumerateObjectsToken","r_CIMProbe.md#enumerate-objects-token","markdown/it-operations-management/discovery/r_CIMProbe.md#EnumerateObjectsToken","EnumerateObjectsToken","markdown/it-operations-management/discovery/r_CIMProbe.md","where","enumerate-objects-token","Enumerate Objects Token","h3","152","18","requested/candidate id similarity 0.91","cim-probe","0"
"low","74","missing target anchor","markdown/it-operations-management/discovery/r_CIMProbe.md","441","r_CIMProbe.md#EnumerateObjectsToken","r_CIMProbe.md#enumerate-objects-token","markdown/it-operations-management/discovery/r_CIMProbe.md#EnumerateObjectsToken","EnumerateObjectsToken","markdown/it-operations-management/discovery/r_CIMProbe.md","Filter","enumerate-objects-token","Enumerate Objects Token","h3","152","18","requested/candidate id similarity 0.91","cim-probe","0"
"low","74","missing target anchor","markdown/it-operations-management/discovery/r_CIMProbe.md","442","r_CIMProbe.md#EnumerateAssociatedObjectsToken","r_CIMProbe.md#enumerate-associated-objects-token","markdown/it-operations-management/discovery/r_CIMProbe.md#EnumerateAssociatedObjectsToken","EnumerateAssociatedObjectsToken","markdown/it-operations-management/discovery/r_CIMProbe.md","Retrieve the second","enumerate-associated-objects-token","Enumerate Associated Objects Token","h3","169","18","requested/candidate id similarity 0.91","cim-probe","0"
"none","0","missing target anchor","markdown/it-operations-management/discovery/r_CIMProbe.md","454","r_CIMProbe.md#PropertiesToken","","markdown/it-operations-management/discovery/r_CIMProbe.md#PropertiesToken","PropertiesToken","markdown/it-operations-management/discovery/r_CIMProbe.md","property","","","","","18","","parameter-expansion","0"
"low","74","missing target anchor","markdown/it-operations-management/discovery/r_CIMProbe.md","456","r_CIMProbe.md#EnumerateAssociatedObjectsToken","r_CIMProbe.md#enumerate-associated-objects-token","markdown/it-operations-management/discovery/r_CIMProbe.md#EnumerateAssociatedObjectsToken","EnumerateAssociatedObjectsToken","markdown/it-operations-management/discovery/r_CIMProbe.md","Associator class","enumerate-associated-objects-token","Enumerate Associated Objects Token","h3","169","18","requested/candidate id similarity 0.91","cim-probe","0"
"low","74","missing target anchor","markdown/it-operations-management/discovery/r_CIMProbe.md","468","r_CIMProbe.md#EnumerateObjectsToken","r_CIMProbe.md#enumerate-objects-token","markdown/it-operations-management/discovery/r_CIMProbe.md#EnumerateObjectsToken","EnumerateObjectsToken","markdown/it-operations-management/discovery/r_CIMProbe.md","where","enumerate-objects-token","Enumerate Objects Token","h3","152","18","requested/candidate id similarity 0.91","cim-probe","0"
"none","0","missing target anchor","markdown/it-operations-management/discovery/r_CIMProbe.md","468","r_CIMProbe.md#PropertiesToken","","markdown/it-operations-management/discovery/r_CIMProbe.md#PropertiesToken","PropertiesToken","markdown/it-operations-management/discovery/r_CIMProbe.md","property","","","","","18","","parameter-expansion","0"
"none","0","missing target anchor","markdown/it-operations-management/discovery/t_AccessAnACLProtectedSNMPDevice.md","42","t_AccessAnACLProtectedSNMPDevice.md#f_DiscoveryBehaviorRecordACL","","markdown/it-operations-management/discovery/t_AccessAnACLProtectedSNMPDevice.md#f_DiscoveryBehaviorRecordACL","f_DiscoveryBehaviorRecordACL","markdown/it-operations-management/discovery/t_AccessAnACLProtectedSNMPDevice.md","Figure 1","","","","","5","","before-you-begin","0"
"none","0","missing target anchor","markdown/it-operations-management/event-management/clean-alert-tables.md","65","clean-alert-tables.md#2","","markdown/it-operations-management/event-management/clean-alert-tables.md#2","2","markdown/it-operations-management/event-management/clean-alert-tables.md","2","","","","","4","","before-you-begin","0"
"none","0","missing target anchor","markdown/it-operations-management/event-management/clean-alert-tables.md","65","clean-alert-tables.md#3","","markdown/it-operations-management/event-management/clean-alert-tables.md#3","3","markdown/it-operations-management/event-management/clean-alert-tables.md","3","","","","","4","","before-you-begin","0"
"none","0","missing target anchor","markdown/it-operations-management/event-management/honeycomb-event-integration.md","54","honeycomb-event-integration.md#webhook-creation","","markdown/it-operations-management/event-management/honeycomb-event-integration.md#webhook-creation","webhook-creation","markdown/it-operations-management/event-management/honeycomb-event-integration.md","1","","","","","5","","before-you-begin","0"
"none","0","missing target anchor","markdown/it-operations-management/itom-cloud-accelerate/ccg-create-policy-ih-subflow.md","38","ccg-create-policy-ih-subflow.md#ccg-read-config-settings","","markdown/it-operations-management/itom-cloud-accelerate/ccg-create-policy-ih-subflow.md#ccg-read-config-settings","ccg-read-config-settings","markdown/it-operations-management/itom-cloud-accelerate/ccg-create-policy-ih-subflow.md","1.b","","","","","5","","before-you-begin","0"
"none","0","missing target anchor","markdown/it-operations-management/itom-cloud-accelerate/set-up-ccg-for-aws.md","221","set-up-ccg-for-aws.md#create-trusting-acc-for-management-acc","","markdown/it-operations-management/itom-cloud-accelerate/set-up-ccg-for-aws.md#create-trusting-acc-for-management-acc","create-trusting-acc-for-management-acc","markdown/it-operations-management/itom-cloud-accelerate/set-up-ccg-for-aws.md","6.a","","","","","11","","before-you-begin","0"
"none","0","missing target anchor","markdown/it-operations-management/itom-cloud-accelerate/set-up-ccg-for-aws.md","239","set-up-ccg-for-aws.md#cross-assume-use-case-substep","","markdown/it-operations-management/itom-cloud-accelerate/set-up-ccg-for-aws.md#cross-assume-use-case-substep","cross-assume-use-case-substep","markdown/it-operations-management/itom-cloud-accelerate/set-up-ccg-for-aws.md","6.a","","","","","11","","before-you-begin","0"
"none","0","missing target anchor","markdown/it-operations-management/itom-cloud-accelerate/set-up-cloud-action-library-for-aws.md","205","set-up-cloud-action-library-for-aws.md#create-trusting-acc-for-management-acc","","markdown/it-operations-management/itom-cloud-accelerate/set-up-cloud-action-library-for-aws.md#create-trusting-acc-for-management-acc","create-trusting-acc-for-management-acc","markdown/it-operations-management/itom-cloud-accelerate/set-up-cloud-action-library-for-aws.md","6.a","","","","","6","","before-you-begin","0"
"none","0","missing target anchor","markdown/it-operations-management/itom-cloud-accelerate/set-up-cloud-action-library-for-aws.md","219","set-up-cloud-action-library-for-aws.md#cuoss-assume-use-case-substep","","markdown/it-operations-management/itom-cloud-accelerate/set-up-cloud-action-library-for-aws.md#cuoss-assume-use-case-substep","cuoss-assume-use-case-substep","markdown/it-operations-management/itom-cloud-accelerate/set-up-cloud-action-library-for-aws.md","7.a","","","","","6","","before-you-begin","0"
"none","0","missing target anchor","markdown/it-operations-management/itom-visibility/data-collected-vmware-cloud-disco.md","647","../discovery/vcenter-probes.md#section_ffy_jmz_mhb","","markdown/it-operations-management/discovery/vcenter-probes.md#section_ffy_jmz_mhb","section_ffy_jmz_mhb","markdown/it-operations-management/discovery/vcenter-probes.md","VMWare — vCenter VM Tags","","","","","8","","upgrade-changes","0"
"low","65","missing target anchor","markdown/it-operations-management/itom-visibility/mssql-data-collected-pattern.md","107","mssql-data-collected-pattern.md#verify-availability-group-permissions","mssql-data-collected-pattern.md#table_MSSQLServerDictionaryEntries","markdown/it-operations-management/itom-visibility/mssql-data-collected-pattern.md#verify-availability-group-permissions","verify-availability-group-permissions","markdown/it-operations-management/itom-visibility/mssql-data-collected-pattern.md","Verify availability group table permissions","table_MSSQLServerDictionaryEntries","table_MSSQLServerDictionaryEntries","html-id","126","11","link/candidate token overlap 0.50","microsoft-sql-server-and-cluster-discovery","0"
"none","0","missing target anchor","markdown/it-operations-management/itom-visibility/mssql-data-collected-pattern.md","111","mssql-data-collected-pattern.md#resources-discovered-mssql-availability-group-pattern","","markdown/it-operations-management/itom-visibility/mssql-data-collected-pattern.md#resources-discovered-mssql-availability-group-pattern","resources-discovered-mssql-availability-group-pattern","markdown/it-operations-management/itom-visibility/mssql-data-collected-pattern.md","Resources discovered by the pattern extension: Collect MSSQL HADR - Availability Group Info","","","","","11","","request-new-or-enhanced-patterns-on-the-servicenow-store","0"
"low","65","missing target anchor","markdown/it-operations-management/itom-visibility/mssql-data-collected-pattern.md","115","mssql-data-collected-pattern.md#table_er3_qss_p2c","mssql-data-collected-pattern.md#ci-relationships","markdown/it-operations-management/itom-visibility/mssql-data-collected-pattern.md#table_er3_qss_p2c","table_er3_qss_p2c","markdown/it-operations-management/itom-visibility/mssql-data-collected-pattern.md","Relationships discovered by the pattern extension: Collect MSSQL HADR - Availability Group Info","ci-relationships","CI relationships","h2","482","11","link/candidate token overlap 0.50","microsoft-sql-server-and-cluster-discovery","0"
"low","65","missing target anchor","markdown/it-operations-management/service-mapping/readiness-dashboard-ml.md","70","readiness-dashboard-ml.md#section_kpj_npq_xrb","readiness-dashboard-ml.md#prerequisites-status","markdown/it-operations-management/service-mapping/readiness-dashboard-ml.md#section_kpj_npq_xrb","section_kpj_npq_xrb","markdown/it-operations-management/service-mapping/readiness-dashboard-ml.md","Mapping status of application services","prerequisites-status","Prerequisites status","h2","117","8","link/candidate token overlap 0.50","application-service-readiness-dashboard-in-configurable-workspace","0"
"none","0","missing target anchor","markdown/it-operations-management/service-mapping/t_ConfigSearchAssistant4Windows.md","68","t_ConfigSearchAssistant4Windows.md#clickNewStep","","markdown/it-operations-management/service-mapping/t_ConfigSearchAssistant4Windows.md#clickNewStep","clickNewStep","markdown/it-operations-management/service-mapping/t_ConfigSearchAssistant4Windows.md","Step 3","","","","","4","","before-you-begin","0"
"none","0","missing target anchor","markdown/it-operations-management/service-mapping/t_ConfigSearchAssistant4Windows.md","68","t_ConfigSearchAssistant4Windows.md#CloseAttachmentWindow","","markdown/it-operations-management/service-mapping/t_ConfigSearchAssistant4Windows.md#CloseAttachmentWindow","CloseAttachmentWindow","markdown/it-operations-management/service-mapping/t_ConfigSearchAssistant4Windows.md","Step 11","","","","","4","","before-you-begin","0"
"none","0","missing target anchor","markdown/it-operations-management/service-mapping/t_CreateDiscoBehavior4LB.md","105","t_CreateDiscoBehavior4LB.md#step_createBehavior","","markdown/it-operations-management/service-mapping/t_CreateDiscoBehavior4LB.md#step_createBehavior","step_createBehavior","markdown/it-operations-management/service-mapping/t_CreateDiscoBehavior4LB.md","1","","","","","5","","before-you-begin","0"
"none","0","missing target anchor","markdown/it-operations-management/service-mapping/t_DefineNewBusinessService.md","106","t_DefineNewBusinessService.md#step_defineentrypoint","","markdown/it-operations-management/service-mapping/t_DefineNewBusinessService.md#step_defineentrypoint","step_defineentrypoint","markdown/it-operations-management/service-mapping/t_DefineNewBusinessService.md","6","","","","","7","","before-you-begin","0"
"none","0","missing target anchor","markdown/it-operations-management/service-mapping/test-netflow-service-mapping.md","86","test-netflow-service-mapping.md#CopyNfdumpFile","","markdown/it-operations-management/service-mapping/test-netflow-service-mapping.md#CopyNfdumpFile","CopyNfdumpFile","markdown/it-operations-management/service-mapping/test-netflow-service-mapping.md","5","","","","","5","","before-you-begin","0"
"none","0","missing target anchor","markdown/it-service-management/devops-change-velocity/create-test-tool-dev-ops.md","51","dev-ops-test-tool-integration.md#section_opj_n5l_vlb","","markdown/it-service-management/devops-change-velocity/dev-ops-test-tool-integration.md#section_opj_n5l_vlb","section_opj_n5l_vlb","markdown/it-service-management/devops-change-velocity/dev-ops-test-tool-integration.md","Test type mapping","","","","","7","","table_xxq_lcx_pnb","0"
"low","65","missing target anchor","markdown/it-service-management/devops-change-velocity/devops-reference-error-messages.md","287","devops-reference-error-messages.md#toolchecktimeoutproperty","devops-reference-error-messages.md#tool-connection","markdown/it-service-management/devops-change-velocity/devops-reference-error-messages.md#toolchecktimeoutproperty","toolchecktimeoutproperty","markdown/it-service-management/devops-change-velocity/devops-reference-error-messages.md","Tool permission check timeout per record (in milliseconds)","tool-connection","Tool connection","h2","18","7","link/candidate token overlap 0.50","tool-notification","65"
"low","67","missing target anchor","markdown/it-service-management/devops-change-velocity/set-up-dev-ops-integrations.md","226","dev-ops-tool-integration.md#section_h44_1bx_zjb","dev-ops-tool-integration.md#tool-capability-actions","markdown/it-service-management/devops-change-velocity/dev-ops-tool-integration.md#section_h44_1bx_zjb","section_h44_1bx_zjb","markdown/it-service-management/devops-change-velocity/dev-ops-tool-integration.md","Notification tool capability action","tool-capability-actions","Tool capability actions","h2","26","10","link/candidate token overlap 0.67","tool-mappings","65"
"none","0","missing target anchor","markdown/it-service-management/devops-family/cdm-d2a-investigate-cfg-changes.md","149","cdm-d2a-investigate-cfg-changes.md#dlentry-script-view","","markdown/it-service-management/devops-family/cdm-d2a-investigate-cfg-changes.md#dlentry-script-view","dlentry-script-view","markdown/it-service-management/devops-family/cdm-d2a-investigate-cfg-changes.md","G: Script view","","","","","5","","before-you-begin","0"
"none","0","missing target anchor","markdown/it-service-management/digital-product-release/release-key-date-form.md","20","dpr-work-release.md#step-dpr-work-rls-keydate","","markdown/it-service-management/digital-product-release/dpr-work-release.md#step-dpr-work-rls-keydate","step-dpr-work-rls-keydate","markdown/it-service-management/digital-product-release/dpr-work-release.md","Add key dates to a timeline-oriented release","","","","","7","","before-you-begin","0"
"none","0","missing target anchor","markdown/it-service-management/service-operations-workspace/itsm-native-voice-record-page.md","29","itsm-native-voice-record-page.md#section_vx4_fzz_kdc","","markdown/it-service-management/service-operations-workspace/itsm-native-voice-record-page.md#section_vx4_fzz_kdc","section_vx4_fzz_kdc","markdown/it-service-management/service-operations-workspace/itsm-native-voice-record-page.md","OpenFrame configuration","","","","","14","","page-structure","0"
"none","0","missing target anchor","markdown/it-service-management/service-operations-workspace/itsm-native-voice-record-page.md","38","itsm-native-voice-record-page.md#section_vx4_fzz_kdc","","markdown/it-service-management/service-operations-workspace/itsm-native-voice-record-page.md#section_vx4_fzz_kdc","section_vx4_fzz_kdc","markdown/it-service-management/service-operations-workspace/itsm-native-voice-record-page.md","OpenFrame configuration","","","","","14","","page-structure","0"
"none","0","missing target anchor","markdown/it-service-management/service-operations-workspace/itsm-native-voice-record-page.md","42","itsm-native-voice-record-page.md#section_f2q_wcb_ldc","","markdown/it-service-management/service-operations-workspace/itsm-native-voice-record-page.md#section_f2q_wcb_ldc","section_f2q_wcb_ldc","markdown/it-service-management/service-operations-workspace/itsm-native-voice-record-page.md","Interaction Controls Component (ICC)","","","","","14","","page-structure","0"
"none","0","missing target anchor","markdown/it-service-management/service-operations-workspace/itsm-native-voice-record-page.md","74","itsm-native-voice-record-page.md#section_vx4_fzz_kdc","","markdown/it-service-management/service-operations-workspace/itsm-native-voice-record-page.md#section_vx4_fzz_kdc","section_vx4_fzz_kdc","markdown/it-service-management/service-operations-workspace/itsm-native-voice-record-page.md","OpenFrame configuration","","","","","14","","page-structure","0"
"none","0","missing target anchor","markdown/it-service-management/service-operations-workspace/itsm-native-voice-record-page.md","111","itsm-native-voice-record-page.md#section_vx4_fzz_kdc","","markdown/it-service-management/service-operations-workspace/itsm-native-voice-record-page.md#section_vx4_fzz_kdc","section_vx4_fzz_kdc","markdown/it-service-management/service-operations-workspace/itsm-native-voice-record-page.md","OpenFrame configuration","","","","","14","","page-structure","0"
"none","0","missing target anchor","markdown/it-service-management/service-operations-workspace/itsm-native-voice-record-page.md","175","itsm-native-voice-record-page.md#section_f2q_wcb_ldc","","markdown/it-service-management/service-operations-workspace/itsm-native-voice-record-page.md#section_f2q_wcb_ldc","section_f2q_wcb_ldc","markdown/it-service-management/service-operations-workspace/itsm-native-voice-record-page.md","Interaction Controls Component (ICC)","","","","","14","","page-structure","0"
"none","0","missing target anchor","markdown/it-service-management/service-operations-workspace/itsm-native-voice-record-page.md","226","itsm-native-voice-record-page.md#section_vx4_fzz_kdc","","markdown/it-service-management/service-operations-workspace/itsm-native-voice-record-page.md#section_vx4_fzz_kdc","section_vx4_fzz_kdc","markdown/it-service-management/service-operations-workspace/itsm-native-voice-record-page.md","OpenFrame configuration","","","","","14","","page-structure","0"
"none","0","missing target anchor","markdown/it-service-management/service-operations-workspace/sow-itsm-workspace-chat-session-tabs.md","61","sow-itsm-workspace-chat-session-tabs.md#section_zq4_1k2_fdc","","markdown/it-service-management/service-operations-workspace/sow-itsm-workspace-chat-session-tabs.md#section_zq4_1k2_fdc","section_zq4_1k2_fdc","markdown/it-service-management/service-operations-workspace/sow-itsm-workspace-chat-session-tabs.md","Unread message counters","","","","","11","","key-features","0"
"none","0","missing target anchor","markdown/it-service-management/service-operations-workspace/sow-itsm-workspace-chat-session-tabs.md","153","sow-itsm-workspace-chat-session-tabs.md#section_ffn_zlb_jdc","","markdown/it-service-management/service-operations-workspace/sow-itsm-workspace-chat-session-tabs.md#section_ffn_zlb_jdc","section_ffn_zlb_jdc","markdown/it-service-management/service-operations-workspace/sow-itsm-workspace-chat-session-tabs.md","SLA threshold timers","","","","","11","","key-features","0"
"none","0","missing target anchor","markdown/it-service-management/service-operations-workspace/sow-itsm-workspace-chat-session-tabs.md","167","sow-itsm-workspace-chat-session-tabs.md#section_ffn_zlb_jdc","","markdown/it-service-management/service-operations-workspace/sow-itsm-workspace-chat-session-tabs.md#section_ffn_zlb_jdc","section_ffn_zlb_jdc","markdown/it-service-management/service-operations-workspace/sow-itsm-workspace-chat-session-tabs.md","SLA threshold timers","","","","","11","","key-features","0"
"none","0","missing target anchor","markdown/now-intelligence/add-dashboard-to-workspace.md","44","add-dashboard-to-workspace.md#step_use-as-embedded","","markdown/now-intelligence/add-dashboard-to-workspace.md#step_use-as-embedded","step_use-as-embedded","markdown/now-intelligence/add-dashboard-to-workspace.md","7","","","","","5","","before-you-begin","0"
"none","0","missing target anchor","markdown/now-intelligence/add-multiple-targets.md","50","edit-multiple-targets.md#step_new-target","","markdown/now-intelligence/edit-multiple-targets.md#step_new-target","step_new-target","markdown/now-intelligence/edit-multiple-targets.md","7","","","","","5","","before-you-begin","0"
"none","0","missing target anchor","markdown/now-intelligence/create-select-filter-workspace.md","89","create-select-filter-workspace.md#step_filter-source","","markdown/now-intelligence/create-select-filter-workspace.md#step_filter-source","step_filter-source","markdown/now-intelligence/create-select-filter-workspace.md","3","","","","","7","","before-you-begin","0"
"none","0","missing target anchor","markdown/now-intelligence/export-visualization-vd.md","64","export-visualization-vd.md#table_jlh_tr2_3fc","","markdown/now-intelligence/export-visualization-vd.md#table_jlh_tr2_3fc","table_jlh_tr2_3fc","markdown/now-intelligence/export-visualization-vd.md","Supported export formats for different data visualization","","","","","5","","before-you-begin","0"
"none","0","missing target anchor","markdown/now-intelligence/performance-analytics/add-indicators-to-widget.md","82","add-indicators-to-widget.md#step_elements-filter","","markdown/now-intelligence/performance-analytics/add-indicators-to-widget.md#step_elements-filter","step_elements-filter","markdown/now-intelligence/performance-analytics/add-indicators-to-widget.md","8","","","","","6","","before-you-begin","0"
"low","67","missing target anchor","markdown/now-intelligence/performance-analytics/log-details-optimized-dc.md","92","log-details-optimized-dc.md#section_indicator-source","log-details-optimized-dc.md#steps-iterated-for-each-collection-period","markdown/now-intelligence/performance-analytics/log-details-optimized-dc.md#section_indicator-source","section_indicator-source","markdown/now-intelligence/performance-analytics/log-details-optimized-dc.md","Steps iterated for each indicator source","steps-iterated-for-each-collection-period","Steps iterated for each collection period","h2","121","7","link/candidate token overlap 0.67","log-details-for-optimized-data-collector","0"
"none","0","missing target anchor","markdown/now-intelligence/performance-analytics/t_CreatASchedDataCollJob.md","86","t_CreatASchedDataCollJob.md#step_domain-config","","markdown/now-intelligence/performance-analytics/t_CreatASchedDataCollJob.md#step_domain-config","step_domain-config","markdown/now-intelligence/performance-analytics/t_CreatASchedDataCollJob.md","9","","","","","6","","before-you-begin","0"
"none","0","missing target anchor","markdown/now-intelligence/performance-analytics/t_CreateAFormulaIndicator.md","113","t_CreateAFormulaIndicator.md#step_manage_breakdowns","","markdown/now-intelligence/performance-analytics/t_CreateAFormulaIndicator.md#step_manage_breakdowns","step_manage_breakdowns","markdown/now-intelligence/performance-analytics/t_CreateAFormulaIndicator.md","11","","","","","7","","before-you-begin","0"
"none","0","missing target anchor","markdown/now-intelligence/reporting/export-report-pdf.md","46","../export-visualization-vd.md#table_jlh_tr2_3fc","","markdown/now-intelligence/export-visualization-vd.md#table_jlh_tr2_3fc","table_jlh_tr2_3fc","markdown/now-intelligence/export-visualization-vd.md","Supported export formats for different data visualization","","","","","5","","before-you-begin","0"
"none","0","missing target anchor","markdown/now-intelligence/reporting/metricbase-transforms.md","260","metricbase-transforms.md#section_e4b_b14_g3b","","markdown/now-intelligence/reporting/metricbase-transforms.md#section_e4b_b14_g3b","section_e4b_b14_g3b","markdown/now-intelligence/reporting/metricbase-transforms.md","Sum transform","","","","","3","","available-transforms","0"
"none","0","missing target anchor","markdown/now-intelligence/reporting/report-types-creation-details-rd.md","25","report-types-creation-details-rd.md#table_lky_gfn_nhb","","markdown/now-intelligence/reporting/report-types-creation-details-rd.md#table_lky_gfn_nhb","table_lky_gfn_nhb","markdown/now-intelligence/reporting/report-types-creation-details-rd.md","Pie and Donut reports","","","","","2","","table_xwp_vqq_5x","0"
"none","0","missing target anchor","markdown/now-intelligence/reporting/report-types-creation-details-rd.md","26","report-types-creation-details-rd.md#table_e1q_xqq_5x","","markdown/now-intelligence/reporting/report-types-creation-details-rd.md#table_e1q_xqq_5x","table_e1q_xqq_5x","markdown/now-intelligence/reporting/report-types-creation-details-rd.md","Time Series reports","","","","","2","","table_xwp_vqq_5x","0"
"none","0","missing target anchor","markdown/now-intelligence/reporting/report-types-creation-details-rd.md","27","report-types-creation-details-rd.md#table_i11_yqq_5x","","markdown/now-intelligence/reporting/report-types-creation-details-rd.md#table_i11_yqq_5x","table_i11_yqq_5x","markdown/now-intelligence/reporting/report-types-creation-details-rd.md","Multidimensional reports","","","","","2","","table_xwp_vqq_5x","0"
"none","0","missing target anchor","markdown/now-intelligence/reporting/report-types-creation-details-rd.md","28","report-types-creation-details-rd.md#table_sth_yqq_5x","","markdown/now-intelligence/reporting/report-types-creation-details-rd.md#table_sth_yqq_5x","table_sth_yqq_5x","markdown/now-intelligence/reporting/report-types-creation-details-rd.md","Scores","","","","","2","","table_xwp_vqq_5x","0"
"low","72","missing target anchor","markdown/now-intelligence/reporting/report-types-creation-details-rd.md","29","report-types-creation-details-rd.md#table_g3p_yqq_5x","report-types-creation-details-rd.md#table_xwp_vqq_5x","markdown/now-intelligence/reporting/report-types-creation-details-rd.md#table_g3p_yqq_5x","table_g3p_yqq_5x","markdown/now-intelligence/reporting/report-types-creation-details-rd.md","Statistical reports","table_xwp_vqq_5x","table_xwp_vqq_5x","html-id","34","2","requested/candidate id similarity 0.81","report-types","0"
"none","0","missing target anchor","markdown/now-intelligence/reporting/report-types-creation-details-rd.md","30","report-types-creation-details-rd.md#table_ac1_zqq_5x","","markdown/now-intelligence/reporting/report-types-creation-details-rd.md#table_ac1_zqq_5x","table_ac1_zqq_5x","markdown/now-intelligence/reporting/report-types-creation-details-rd.md","Other reports","","","","","2","","table_xwp_vqq_5x","0"
"low","67","missing target anchor","markdown/now-intelligence/your-kpis.md","26","your-kpis.md#fig_kdl_fcn_ngc","your-kpis.md#basic-indicator-management","markdown/now-intelligence/your-kpis.md#fig_kdl_fcn_ngc","fig_kdl_fcn_ngc","markdown/now-intelligence/your-kpis.md","Default indicator library view with basic functionality","basic-indicator-management","Basic indicator management","h2","20","4","link/candidate token overlap 0.67","managing-indicators-from-the-platform-analytics-library","0"
"low","67","missing target anchor","markdown/platform-administration/admin-center/expand-tech-services-adoption-blueprints.md","245","../../servicenow-platform/service-catalog/r_ServiceCatalogManagementTermsandRoles.md#table_tqt_b5t_hp","../../servicenow-platform/service-catalog/r_ServiceCatalogManagementTermsandRoles.md#service-catalog-terms","markdown/servicenow-platform/service-catalog/r_ServiceCatalogManagementTermsandRoles.md#table_tqt_b5t_hp","table_tqt_b5t_hp","markdown/servicenow-platform/service-catalog/r_ServiceCatalogManagementTermsandRoles.md","Roles installed with Service Catalog","service-catalog-terms","Service Catalog terms","h2","18","26","link/candidate token overlap 0.67","service-catalog-terms-and-roles","66"
"none","0","missing target anchor","markdown/platform-administration/ai-search/cfg-azure-spo-ext-cont-connector.md","142","cfg-azure-spo-ext-cont-connector.md#add-sharepoint-api-permissions-substep","","markdown/platform-administration/ai-search/cfg-azure-spo-ext-cont-connector.md#add-sharepoint-api-permissions-substep","add-sharepoint-api-permissions-substep","markdown/platform-administration/ai-search/cfg-azure-spo-ext-cont-connector.md","3.f","","","","","6","","before-you-begin","0"
"none","0","missing target anchor","markdown/platform-administration/ai-search/cfg-azure-spo-ext-cont-connector.md","185","cfg-azure-spo-ext-cont-connector.md#add-sharepoint-api-permissions-substep","","markdown/platform-administration/ai-search/cfg-azure-spo-ext-cont-connector.md#add-sharepoint-api-permissions-substep","add-sharepoint-api-permissions-substep","markdown/platform-administration/ai-search/cfg-azure-spo-ext-cont-connector.md","3.f","","","","","6","","before-you-begin","0"
"none","0","missing target anchor","markdown/platform-administration/ai-search/cfg-azure-spo-ext-cont-connector.md","190","cfg-azure-spo-ext-cont-connector.md#certificate-thumbprint-step","","markdown/platform-administration/ai-search/cfg-azure-spo-ext-cont-connector.md#certificate-thumbprint-step","certificate-thumbprint-step","markdown/platform-administration/ai-search/cfg-azure-spo-ext-cont-connector.md","5.e","","","","","6","","before-you-begin","0"
"none","0","missing target anchor","markdown/platform-administration/ai-search/cfg-conf-cc-ext-cont-connector.md","152","cfg-conf-cc-ext-cont-connector.md#record-client-id-and-secret-step","","markdown/platform-administration/ai-search/cfg-conf-cc-ext-cont-connector.md#record-client-id-and-secret-step","record-client-id-and-secret-step","markdown/platform-administration/ai-search/cfg-conf-cc-ext-cont-connector.md","1.j","","","","","6","","before-you-begin","0"
"none","0","missing target anchor","markdown/platform-administration/ai-search/cfg-conf-cc-ext-cont-connector.md","153","cfg-conf-cc-ext-cont-connector.md#record-api-key","","markdown/platform-administration/ai-search/cfg-conf-cc-ext-cont-connector.md#record-api-key","record-api-key","markdown/platform-administration/ai-search/cfg-conf-cc-ext-cont-connector.md","2.g","","","","","6","","before-you-begin","0"
"none","0","missing target anchor","markdown/platform-administration/ai-search/cfg-gcloud-settings-gdrive-ext-cont-connector.md","51","cfg-gcloud-settings-gdrive-ext-cont-connector.md#enable-api-first-substep","","markdown/platform-administration/ai-search/cfg-gcloud-settings-gdrive-ext-cont-connector.md#enable-api-first-substep","enable-api-first-substep","markdown/platform-administration/ai-search/cfg-gcloud-settings-gdrive-ext-cont-connector.md","1.c","","","","","5","","before-you-begin","0"
"none","0","missing target anchor","markdown/platform-administration/ai-search/cfg-gcloud-settings-gdrive-ext-cont-connector.md","51","cfg-gcloud-settings-gdrive-ext-cont-connector.md#enable-api-last-substep","","markdown/platform-administration/ai-search/cfg-gcloud-settings-gdrive-ext-cont-connector.md#enable-api-last-substep","enable-api-last-substep","markdown/platform-administration/ai-search/cfg-gcloud-settings-gdrive-ext-cont-connector.md","1.e","","","","","5","","before-you-begin","0"
"none","0","missing target anchor","markdown/platform-administration/ai-search/cfg-gcloud-settings-gdrive-ext-cont-connector.md","95","cfg-gcloud-settings-gdrive-ext-cont-connector.md#copy-oauth-2-client-id-substep","","markdown/platform-administration/ai-search/cfg-gcloud-settings-gdrive-ext-cont-connector.md#copy-oauth-2-client-id-substep","copy-oauth-2-client-id-substep","markdown/platform-administration/ai-search/cfg-gcloud-settings-gdrive-ext-cont-connector.md","4.a","","","","","5","","before-you-begin","0"
"none","0","missing target anchor","markdown/platform-administration/ai-search/cfg-gcloud-settings-gdrive-ext-cont-connector.md","113","cfg-gcloud-settings-gdrive-ext-cont-connector.md#download-json-private-key-substep","","markdown/platform-administration/ai-search/cfg-gcloud-settings-gdrive-ext-cont-connector.md#download-json-private-key-substep","download-json-private-key-substep","markdown/platform-administration/ai-search/cfg-gcloud-settings-gdrive-ext-cont-connector.md","3.e","","","","","5","","before-you-begin","0"
"none","0","missing target anchor","markdown/platform-administration/ai-search/cfg-src-sys-settings-jira-ext-cont-connector.md","179","cfg-src-sys-settings-jira-ext-cont-connector.md#record-client-id-and-secret-step","","markdown/platform-administration/ai-search/cfg-src-sys-settings-jira-ext-cont-connector.md#record-client-id-and-secret-step","record-client-id-and-secret-step","markdown/platform-administration/ai-search/cfg-src-sys-settings-jira-ext-cont-connector.md","1.j","","","","","6","","before-you-begin","0"
"none","0","missing target anchor","markdown/platform-administration/ai-search/cfg-src-sys-settings-jira-ext-cont-connector.md","180","cfg-src-sys-settings-jira-ext-cont-connector.md#record-api-key","","markdown/platform-administration/ai-search/cfg-src-sys-settings-jira-ext-cont-connector.md#record-api-key","record-api-key","markdown/platform-administration/ai-search/cfg-src-sys-settings-jira-ext-cont-connector.md","2.g","","","","","6","","before-you-begin","0"
"none","0","missing target anchor","markdown/platform-administration/ai-search/cfg-src-sys-settings-msteams-ext-cont-connector.md","151","cfg-src-sys-settings-msteams-ext-cont-connector.md#client-tenant-ids-step","","markdown/platform-administration/ai-search/cfg-src-sys-settings-msteams-ext-cont-connector.md#client-tenant-ids-step","client-tenant-ids-step","markdown/platform-administration/ai-search/cfg-src-sys-settings-msteams-ext-cont-connector.md","2","","","","","5","","before-you-begin","0"
"none","0","missing target anchor","markdown/platform-administration/ai-search/cfg-src-sys-settings-msteams-ext-cont-connector.md","152","cfg-src-sys-settings-msteams-ext-cont-connector.md#certificate-thumbprint-step","","markdown/platform-administration/ai-search/cfg-src-sys-settings-msteams-ext-cont-connector.md#certificate-thumbprint-step","certificate-thumbprint-step","markdown/platform-administration/ai-search/cfg-src-sys-settings-msteams-ext-cont-connector.md","5.e","","","","","5","","before-you-begin","0"
"none","0","missing target anchor","markdown/platform-administration/ai-search/cfg-src-sys-settings-slack-ext-cont-connector.md","123","cfg-src-sys-settings-slack-ext-cont-connector.md#record-client-id-and-secret-step","","markdown/platform-administration/ai-search/cfg-src-sys-settings-slack-ext-cont-connector.md#record-client-id-and-secret-step","record-client-id-and-secret-step","markdown/platform-administration/ai-search/cfg-src-sys-settings-slack-ext-cont-connector.md","6","","","","","5","","before-you-begin","0"
"none","0","missing target anchor","markdown/platform-administration/ai-search/configure-adobe-acrobat-sign-external-content-indexing.md","116","configure-adobe-acrobat-sign-external-content-indexing.md#copy-app-id-step","","markdown/platform-administration/ai-search/configure-adobe-acrobat-sign-external-content-indexing.md#copy-app-id-step","copy-app-id-step","markdown/platform-administration/ai-search/configure-adobe-acrobat-sign-external-content-indexing.md","2.a","","","","","6","","before-you-begin","0"
"none","0","missing target anchor","markdown/platform-administration/ai-search/configure-adobe-acrobat-sign-external-content-indexing.md","117","configure-adobe-acrobat-sign-external-content-indexing.md#copy-app-secret-step","","markdown/platform-administration/ai-search/configure-adobe-acrobat-sign-external-content-indexing.md#copy-app-secret-step","copy-app-secret-step","markdown/platform-administration/ai-search/configure-adobe-acrobat-sign-external-content-indexing.md","2.d","","","","","6","","before-you-begin","0"
"none","0","missing target anchor","markdown/platform-administration/ai-search/configure-adobe-expmgr-cs-external-content-indexing.md","72","configure-adobe-expmgr-cs-external-content-indexing.md#download-json-creds-step","","markdown/platform-administration/ai-search/configure-adobe-expmgr-cs-external-content-indexing.md#download-json-creds-step","download-json-creds-step","markdown/platform-administration/ai-search/configure-adobe-expmgr-cs-external-content-indexing.md","2.d","","","","","5","","before-you-begin","0"
"none","0","missing target anchor","markdown/platform-administration/ai-search/configure-aha-roadmaps-external-content-indexing.md","53","configure-aha-roadmaps-external-content-indexing.md#copy-api-key-step","","markdown/platform-administration/ai-search/configure-aha-roadmaps-external-content-indexing.md#copy-api-key-step","copy-api-key-step","markdown/platform-administration/ai-search/configure-aha-roadmaps-external-content-indexing.md","1.d","","","","","5","","before-you-begin","0"
"none","0","missing target anchor","markdown/platform-administration/ai-search/configure-amazon-s3-external-content-indexing.md","116","configure-amazon-s3-external-content-indexing.md#create-iam-policy-step","","markdown/platform-administration/ai-search/configure-amazon-s3-external-content-indexing.md#create-iam-policy-step","create-iam-policy-step","markdown/platform-administration/ai-search/configure-amazon-s3-external-content-indexing.md","1","","","","","5","","before-you-begin","0"
"none","0","missing target anchor","markdown/platform-administration/ai-search/configure-amazon-s3-external-content-indexing.md","128","configure-amazon-s3-external-content-indexing.md#create-iam-user-step","","markdown/platform-administration/ai-search/configure-amazon-s3-external-content-indexing.md#create-iam-user-step","create-iam-user-step","markdown/platform-administration/ai-search/configure-amazon-s3-external-content-indexing.md","2","","","","","5","","before-you-begin","0"
"none","0","missing target anchor","markdown/platform-administration/ai-search/configure-amazon-s3-external-content-indexing.md","130","configure-amazon-s3-external-content-indexing.md#create-iam-user-step","","markdown/platform-administration/ai-search/configure-amazon-s3-external-content-indexing.md#create-iam-user-step","create-iam-user-step","markdown/platform-administration/ai-search/configure-amazon-s3-external-content-indexing.md","2","","","","","5","","before-you-begin","0"
"none","0","missing target anchor","markdown/platform-administration/ai-search/configure-amazon-s3-external-content-indexing.md","161","configure-amazon-s3-external-content-indexing.md#copy-access-key-step","","markdown/platform-administration/ai-search/configure-amazon-s3-external-content-indexing.md#copy-access-key-step","copy-access-key-step","markdown/platform-administration/ai-search/configure-amazon-s3-external-content-indexing.md","3.f","","","","","5","","before-you-begin","0"
"none","0","missing target anchor","markdown/platform-administration/ai-search/configure-asana-external-content-indexing.md","113","configure-asana-external-content-indexing.md#copy-client-id-step","","markdown/platform-administration/ai-search/configure-asana-external-content-indexing.md#copy-client-id-step","copy-client-id-step","markdown/platform-administration/ai-search/configure-asana-external-content-indexing.md","3.a","","","","","5","","before-you-begin","0"
"none","0","missing target anchor","markdown/platform-administration/ai-search/configure-asana-external-content-indexing.md","114","configure-asana-external-content-indexing.md#copy-client-secret-step","","markdown/platform-administration/ai-search/configure-asana-external-content-indexing.md#copy-client-secret-step","copy-client-secret-step","markdown/platform-administration/ai-search/configure-asana-external-content-indexing.md","3.b","","","","","5","","before-you-begin","0"
"none","0","missing target anchor","markdown/platform-administration/ai-search/configure-box-external-content-indexing.md","131","configure-box-external-content-indexing.md#copy-public-key-id-step","","markdown/platform-administration/ai-search/configure-box-external-content-indexing.md#copy-public-key-id-step","copy-public-key-id-step","markdown/platform-administration/ai-search/configure-box-external-content-indexing.md","2.f","","","","","5","","before-you-begin","0"
"none","0","missing target anchor","markdown/platform-administration/ai-search/configure-box-external-content-indexing.md","132","configure-box-external-content-indexing.md#download-json-settings-file-step","","markdown/platform-administration/ai-search/configure-box-external-content-indexing.md#download-json-settings-file-step","download-json-settings-file-step","markdown/platform-administration/ai-search/configure-box-external-content-indexing.md","2.g","","","","","5","","before-you-begin","0"
"none","0","missing target anchor","markdown/platform-administration/ai-search/configure-cornerstone-external-content-indexing.md","81","configure-cornerstone-external-content-indexing.md#copy-client-id-step","","markdown/platform-administration/ai-search/configure-cornerstone-external-content-indexing.md#copy-client-id-step","copy-client-id-step","markdown/platform-administration/ai-search/configure-cornerstone-external-content-indexing.md","2","","","","","5","","before-you-begin","0"
"none","0","missing target anchor","markdown/platform-administration/ai-search/configure-cornerstone-external-content-indexing.md","82","configure-cornerstone-external-content-indexing.md#copy-client-secret-step","","markdown/platform-administration/ai-search/configure-cornerstone-external-content-indexing.md#copy-client-secret-step","copy-client-secret-step","markdown/platform-administration/ai-search/configure-cornerstone-external-content-indexing.md","3","","","","","5","","before-you-begin","0"
"none","0","missing target anchor","markdown/platform-administration/ai-search/configure-crawl-settings-gitlab-external-content-connector.md","106","configure-crawl-settings-gitlab-external-content-connector.md#select-content-types-step","","markdown/platform-administration/ai-search/configure-crawl-settings-gitlab-external-content-connector.md#select-content-types-step","select-content-types-step","markdown/platform-administration/ai-search/configure-crawl-settings-gitlab-external-content-connector.md","6","","","","","6","","before-you-begin","0"
"none","0","missing target anchor","markdown/platform-administration/ai-search/configure-docusign-external-content-indexing.md","80","configure-docusign-external-content-indexing.md#copy-integration-key-step","","markdown/platform-administration/ai-search/configure-docusign-external-content-indexing.md#copy-integration-key-step","copy-integration-key-step","markdown/platform-administration/ai-search/configure-docusign-external-content-indexing.md","2.b","","","","","5","","before-you-begin","0"
"none","0","missing target anchor","markdown/platform-administration/ai-search/configure-docusign-external-content-indexing.md","81","configure-docusign-external-content-indexing.md#copy-secret-key-step","","markdown/platform-administration/ai-search/configure-docusign-external-content-indexing.md#copy-secret-key-step","copy-secret-key-step","markdown/platform-administration/ai-search/configure-docusign-external-content-indexing.md","3.b","","","","","5","","before-you-begin","0"
"none","0","missing target anchor","markdown/platform-administration/ai-search/configure-dropbox-external-content-indexing.md","101","configure-dropbox-external-content-indexing.md#copy-app-key-step","","markdown/platform-administration/ai-search/configure-dropbox-external-content-indexing.md#copy-app-key-step","copy-app-key-step","markdown/platform-administration/ai-search/configure-dropbox-external-content-indexing.md","2.a","","","","","5","","before-you-begin","0"
"none","0","missing target anchor","markdown/platform-administration/ai-search/configure-dropbox-external-content-indexing.md","102","configure-dropbox-external-content-indexing.md#copy-app-secret-step","","markdown/platform-administration/ai-search/configure-dropbox-external-content-indexing.md#copy-app-secret-step","copy-app-secret-step","markdown/platform-administration/ai-search/configure-dropbox-external-content-indexing.md","2.c","","","","","5","","before-you-begin","0"
"none","0","missing target anchor","markdown/platform-administration/ai-search/configure-fluid-topics-external-content-indexing.md","81","configure-fluid-topics-external-content-indexing.md#copy-api-key-step","","markdown/platform-administration/ai-search/configure-fluid-topics-external-content-indexing.md#copy-api-key-step","copy-api-key-step","markdown/platform-administration/ai-search/configure-fluid-topics-external-content-indexing.md","3","","","","","5","","before-you-begin","0"
"none","0","missing target anchor","markdown/platform-administration/ai-search/configure-github-enterprise-cloud-external-content-indexing.md","111","configure-github-enterprise-cloud-external-content-indexing.md#copy-client-id-step","","markdown/platform-administration/ai-search/configure-github-enterprise-cloud-external-content-indexing.md#copy-client-id-step","copy-client-id-step","markdown/platform-administration/ai-search/configure-github-enterprise-cloud-external-content-indexing.md","2.a","","","","","5","","before-you-begin","0"
"none","0","missing target anchor","markdown/platform-administration/ai-search/configure-github-enterprise-cloud-external-content-indexing.md","111","configure-github-enterprise-cloud-external-content-indexing.md#copy-client-secret-step","","markdown/platform-administration/ai-search/configure-github-enterprise-cloud-external-content-indexing.md#copy-client-secret-step","copy-client-secret-step","markdown/platform-administration/ai-search/configure-github-enterprise-cloud-external-content-indexing.md","2.c","","","","","5","","before-you-begin","0"
"none","0","missing target anchor","markdown/platform-administration/ai-search/configure-github-enterprise-cloud-external-content-indexing.md","134","configure-github-enterprise-cloud-external-content-indexing.md#copy-client-id-step","","markdown/platform-administration/ai-search/configure-github-enterprise-cloud-external-content-indexing.md#copy-client-id-step","copy-client-id-step","markdown/platform-administration/ai-search/configure-github-enterprise-cloud-external-content-indexing.md","2.a","","","","","5","","before-you-begin","0"
"none","0","missing target anchor","markdown/platform-administration/ai-search/configure-github-enterprise-cloud-external-content-indexing.md","135","configure-github-enterprise-cloud-external-content-indexing.md#copy-client-secret-step","","markdown/platform-administration/ai-search/configure-github-enterprise-cloud-external-content-indexing.md#copy-client-secret-step","copy-client-secret-step","markdown/platform-administration/ai-search/configure-github-enterprise-cloud-external-content-indexing.md","2.c","","","","","5","","before-you-begin","0"
"none","0","missing target anchor","markdown/platform-administration/ai-search/configure-github-enterprise-cloud-external-content-indexing.md","136","configure-github-enterprise-cloud-external-content-indexing.md#copy-app-installation-id-step","","markdown/platform-administration/ai-search/configure-github-enterprise-cloud-external-content-indexing.md#copy-app-installation-id-step","copy-app-installation-id-step","markdown/platform-administration/ai-search/configure-github-enterprise-cloud-external-content-indexing.md","4.d","","","","","5","","before-you-begin","0"
"none","0","missing target anchor","markdown/platform-administration/ai-search/configure-gitlab-external-content-indexing.md","88","configure-gitlab-external-content-indexing.md#copy-personal-access-token","","markdown/platform-administration/ai-search/configure-gitlab-external-content-indexing.md#copy-personal-access-token","copy-personal-access-token","markdown/platform-administration/ai-search/configure-gitlab-external-content-indexing.md","7","","","","","5","","before-you-begin","0"
"none","0","missing target anchor","markdown/platform-administration/ai-search/configure-hubspot-external-content-indexing.md","90","configure-hubspot-external-content-indexing.md#copy-client-id-step","","markdown/platform-administration/ai-search/configure-hubspot-external-content-indexing.md#copy-client-id-step","copy-client-id-step","markdown/platform-administration/ai-search/configure-hubspot-external-content-indexing.md","3.b","","","","","5","","before-you-begin","0"
"none","0","missing target anchor","markdown/platform-administration/ai-search/configure-hubspot-external-content-indexing.md","91","configure-hubspot-external-content-indexing.md#copy-client-secret-step","","markdown/platform-administration/ai-search/configure-hubspot-external-content-indexing.md#copy-client-secret-step","copy-client-secret-step","markdown/platform-administration/ai-search/configure-hubspot-external-content-indexing.md","3.d","","","","","5","","before-you-begin","0"
"low","65","missing target anchor","markdown/platform-administration/ai-search/configure-learning-assignment-report-workday.md","1000","configure-learning-assignment-report-workday.md#copy-base-url-step","configure-learning-assignment-report-workday.md#configure-a-learning-assignment-custom-report-in-workday","markdown/platform-administration/ai-search/configure-learning-assignment-report-workday.md#copy-base-url-step","copy-base-url-step","markdown/platform-administration/ai-search/configure-learning-assignment-report-workday.md","14.a","configure-a-learning-assignment-custom-report-in-workday","Configure a Learning assignment custom report in Workday","h1","15","7","link/candidate token overlap 0.50","before-you-begin","0"
"none","0","missing target anchor","markdown/platform-administration/ai-search/configure-learning-assignment-report-workday.md","1001","configure-learning-assignment-report-workday.md#copy-tenant-name-step","","markdown/platform-administration/ai-search/configure-learning-assignment-report-workday.md#copy-tenant-name-step","copy-tenant-name-step","markdown/platform-administration/ai-search/configure-learning-assignment-report-workday.md","14.b","","","","","7","","before-you-begin","0"
"none","0","missing target anchor","markdown/platform-administration/ai-search/configure-learning-assignment-report-workday.md","1002","configure-learning-assignment-report-workday.md#copy-report-owner-user-name-step","","markdown/platform-administration/ai-search/configure-learning-assignment-report-workday.md#copy-report-owner-user-name-step","copy-report-owner-user-name-step","markdown/platform-administration/ai-search/configure-learning-assignment-report-workday.md","14.c","","","","","7","","before-you-begin","0"
"none","0","missing target anchor","markdown/platform-administration/ai-search/configure-learning-assignment-report-workday.md","1003","configure-learning-assignment-report-workday.md#copy-report-name-alias-step","","markdown/platform-administration/ai-search/configure-learning-assignment-report-workday.md#copy-report-name-alias-step","copy-report-name-alias-step","markdown/platform-administration/ai-search/configure-learning-assignment-report-workday.md","14.d","","","","","7","","before-you-begin","0"
"none","0","missing target anchor","markdown/platform-administration/ai-search/configure-lucidchart-external-content-indexing.md","114","configure-lucidchart-external-content-indexing.md#copy-client-id-step","","markdown/platform-administration/ai-search/configure-lucidchart-external-content-indexing.md#copy-client-id-step","copy-client-id-step","markdown/platform-administration/ai-search/configure-lucidchart-external-content-indexing.md","3.d","","","","","5","","before-you-begin","0"
"none","0","missing target anchor","markdown/platform-administration/ai-search/configure-lucidchart-external-content-indexing.md","115","configure-lucidchart-external-content-indexing.md#copy-client-secret-step","","markdown/platform-administration/ai-search/configure-lucidchart-external-content-indexing.md#copy-client-secret-step","copy-client-secret-step","markdown/platform-administration/ai-search/configure-lucidchart-external-content-indexing.md","3.e","","","","","5","","before-you-begin","0"
"none","0","missing target anchor","markdown/platform-administration/ai-search/configure-lucidchart-external-content-indexing.md","116","configure-lucidchart-external-content-indexing.md#copy-bearer-token-step","","markdown/platform-administration/ai-search/configure-lucidchart-external-content-indexing.md#copy-bearer-token-step","copy-bearer-token-step","markdown/platform-administration/ai-search/configure-lucidchart-external-content-indexing.md","4.e","","","","","5","","before-you-begin","0"
"none","0","missing target anchor","markdown/platform-administration/ai-search/configure-lucidchart-external-content-indexing.md","120","configure-lucidchart-external-content-indexing.md#invite-app-collaborators-step","","markdown/platform-administration/ai-search/configure-lucidchart-external-content-indexing.md#invite-app-collaborators-step","invite-app-collaborators-step","markdown/platform-administration/ai-search/configure-lucidchart-external-content-indexing.md","2","","","","","5","","before-you-begin","0"
"none","0","missing target anchor","markdown/platform-administration/ai-search/configure-manageengine-external-content-indexing.md","79","configure-manageengine-external-content-indexing.md#copy-client-id-step","","markdown/platform-administration/ai-search/configure-manageengine-external-content-indexing.md#copy-client-id-step","copy-client-id-step","markdown/platform-administration/ai-search/configure-manageengine-external-content-indexing.md","3.c","","","","","5","","before-you-begin","0"
"none","0","missing target anchor","markdown/platform-administration/ai-search/configure-manageengine-external-content-indexing.md","80","configure-manageengine-external-content-indexing.md#copy-client-secret-step","","markdown/platform-administration/ai-search/configure-manageengine-external-content-indexing.md#copy-client-secret-step","copy-client-secret-step","markdown/platform-administration/ai-search/configure-manageengine-external-content-indexing.md","3.d","","","","","5","","before-you-begin","0"
"none","0","missing target anchor","markdown/platform-administration/ai-search/configure-microsoft-onedrive-external-content-indexing.md","140","configure-microsoft-onedrive-external-content-indexing.md#client-tenant-ids-step","","markdown/platform-administration/ai-search/configure-microsoft-onedrive-external-content-indexing.md#client-tenant-ids-step","client-tenant-ids-step","markdown/platform-administration/ai-search/configure-microsoft-onedrive-external-content-indexing.md","2","","","","","5","","before-you-begin","0"
"none","0","missing target anchor","markdown/platform-administration/ai-search/configure-microsoft-onedrive-external-content-indexing.md","141","configure-microsoft-onedrive-external-content-indexing.md#certificate-thumbprint-step","","markdown/platform-administration/ai-search/configure-microsoft-onedrive-external-content-indexing.md#certificate-thumbprint-step","certificate-thumbprint-step","markdown/platform-administration/ai-search/configure-microsoft-onedrive-external-content-indexing.md","5.e","","","","","5","","before-you-begin","0"
"none","0","missing target anchor","markdown/platform-administration/ai-search/configure-microsoft-viva-engage-external-content-indexing.md","113","configure-microsoft-viva-engage-external-content-indexing.md#client-tenant-ids-step","","markdown/platform-administration/ai-search/configure-microsoft-viva-engage-external-content-indexing.md#client-tenant-ids-step","client-tenant-ids-step","markdown/platform-administration/ai-search/configure-microsoft-viva-engage-external-content-indexing.md","2","","","","","5","","before-you-begin","0"
"none","0","missing target anchor","markdown/platform-administration/ai-search/configure-microsoft-viva-engage-external-content-indexing.md","114","configure-microsoft-viva-engage-external-content-indexing.md#copy-client-secret","","markdown/platform-administration/ai-search/configure-microsoft-viva-engage-external-content-indexing.md#copy-client-secret","copy-client-secret","markdown/platform-administration/ai-search/configure-microsoft-viva-engage-external-content-indexing.md","3.d","","","","","5","","before-you-begin","0"
"none","0","missing target anchor","markdown/platform-administration/ai-search/configure-miro-external-content-indexing.md","96","configure-miro-external-content-indexing.md#copy-client-id-step","","markdown/platform-administration/ai-search/configure-miro-external-content-indexing.md#copy-client-id-step","copy-client-id-step","markdown/platform-administration/ai-search/configure-miro-external-content-indexing.md","2.a","","","","","5","","before-you-begin","0"
"none","0","missing target anchor","markdown/platform-administration/ai-search/configure-miro-external-content-indexing.md","97","configure-miro-external-content-indexing.md#copy-client-secret-step","","markdown/platform-administration/ai-search/configure-miro-external-content-indexing.md#copy-client-secret-step","copy-client-secret-step","markdown/platform-administration/ai-search/configure-miro-external-content-indexing.md","2.b","","","","","5","","before-you-begin","0"
"none","0","missing target anchor","markdown/platform-administration/ai-search/configure-monday-com-external-content-indexing.md","69","configure-monday-com-external-content-indexing.md#copy-admin-api-token-step","","markdown/platform-administration/ai-search/configure-monday-com-external-content-indexing.md#copy-admin-api-token-step","copy-admin-api-token-step","markdown/platform-administration/ai-search/configure-monday-com-external-content-indexing.md","2.c","","","","","5","","before-you-begin","0"
"none","0","missing target anchor","markdown/platform-administration/ai-search/configure-monday-com-external-content-indexing.md","69","configure-monday-com-external-content-indexing.md#copy-api-access-api-token-step","","markdown/platform-administration/ai-search/configure-monday-com-external-content-indexing.md#copy-api-access-api-token-step","copy-api-access-api-token-step","markdown/platform-administration/ai-search/configure-monday-com-external-content-indexing.md","3.e","","","","","5","","before-you-begin","0"
"none","0","missing target anchor","markdown/platform-administration/ai-search/configure-notion-external-content-indexing.md","88","configure-notion-external-content-indexing.md#copy-internal-integration-secret-step","","markdown/platform-administration/ai-search/configure-notion-external-content-indexing.md#copy-internal-integration-secret-step","copy-internal-integration-secret-step","markdown/platform-administration/ai-search/configure-notion-external-content-indexing.md","2.c","","","","","5","","before-you-begin","0"
"none","0","missing target anchor","markdown/platform-administration/ai-search/configure-oauth-ext-cont-qna-gr.md","116","configure-oauth-ext-cont-qna-gr.md#create-application-registry-record","","markdown/platform-administration/ai-search/configure-oauth-ext-cont-qna-gr.md#create-application-registry-record","create-application-registry-record","markdown/platform-administration/ai-search/configure-oauth-ext-cont-qna-gr.md","1.e","","","","","6","","before-you-begin","0"
"none","0","missing target anchor","markdown/platform-administration/ai-search/configure-oauth-ext-cont-qna-gr.md","173","configure-oauth-ext-cont-qna-gr.md#create-application-registry-record","","markdown/platform-administration/ai-search/configure-oauth-ext-cont-qna-gr.md#create-application-registry-record","create-application-registry-record","markdown/platform-administration/ai-search/configure-oauth-ext-cont-qna-gr.md","1.e","","","","","6","","before-you-begin","0"
"none","0","missing target anchor","markdown/platform-administration/ai-search/configure-oauth-ext-cont-qna-gr.md","186","configure-oauth-ext-cont-qna-gr.md#create-https-connection-record","","markdown/platform-administration/ai-search/configure-oauth-ext-cont-qna-gr.md#create-https-connection-record","create-https-connection-record","markdown/platform-administration/ai-search/configure-oauth-ext-cont-qna-gr.md","3.e","","","","","6","","before-you-begin","0"
"none","0","missing target anchor","markdown/platform-administration/ai-search/configure-oauth-ext-cont-qna-gr.md","188","configure-oauth-ext-cont-qna-gr.md#define-oauth-2.0-credential","","markdown/platform-administration/ai-search/configure-oauth-ext-cont-qna-gr.md#define-oauth-2.0-credential","define-oauth-2.0-credential","markdown/platform-administration/ai-search/configure-oauth-ext-cont-qna-gr.md","4","","","","","6","","before-you-begin","0"
"low","65","missing target anchor","markdown/platform-administration/ai-search/configure-payslip-report-workday.md","157","configure-payslip-report-workday.md#copy-base-url-step","configure-payslip-report-workday.md#configure-a-payslip-report-in-workday","markdown/platform-administration/ai-search/configure-payslip-report-workday.md#copy-base-url-step","copy-base-url-step","markdown/platform-administration/ai-search/configure-payslip-report-workday.md","10.a","configure-a-payslip-report-in-workday","Configure a payslip report in Workday","h1","15","5","link/candidate token overlap 0.50","before-you-begin","0"
"none","0","missing target anchor","markdown/platform-administration/ai-search/configure-payslip-report-workday.md","158","configure-payslip-report-workday.md#copy-tenant-name-step","","markdown/platform-administration/ai-search/configure-payslip-report-workday.md#copy-tenant-name-step","copy-tenant-name-step","markdown/platform-administration/ai-search/configure-payslip-report-workday.md","10.b","","","","","5","","before-you-begin","0"
"none","0","missing target anchor","markdown/platform-administration/ai-search/configure-payslip-report-workday.md","159","configure-payslip-report-workday.md#copy-report-owner-user-name-step","","markdown/platform-administration/ai-search/configure-payslip-report-workday.md#copy-report-owner-user-name-step","copy-report-owner-user-name-step","markdown/platform-administration/ai-search/configure-payslip-report-workday.md","10.c","","","","","5","","before-you-begin","0"
"none","0","missing target anchor","markdown/platform-administration/ai-search/configure-payslip-report-workday.md","160","configure-payslip-report-workday.md#copy-report-name-alias-step","","markdown/platform-administration/ai-search/configure-payslip-report-workday.md#copy-report-name-alias-step","copy-report-name-alias-step","markdown/platform-administration/ai-search/configure-payslip-report-workday.md","10.d","","","","","5","","before-you-begin","0"
"none","0","missing target anchor","markdown/platform-administration/ai-search/configure-payslip-report-workday.md","161","configure-payslip-report-workday.md#copy-period-indicator-wid-step","","markdown/platform-administration/ai-search/configure-payslip-report-workday.md#copy-period-indicator-wid-step","copy-period-indicator-wid-step","markdown/platform-administration/ai-search/configure-payslip-report-workday.md","10.e","","","","","5","","before-you-begin","0"
"none","0","missing target anchor","markdown/platform-administration/ai-search/configure-sap-dms-external-content-indexing.md","343","configure-sap-dms-external-content-indexing.md#atms-app-plan-instance-step","","markdown/platform-administration/ai-search/configure-sap-dms-external-content-indexing.md#atms-app-plan-instance-step","atms-app-plan-instance-step","markdown/platform-administration/ai-search/configure-sap-dms-external-content-indexing.md","9.c","","","","","6","","before-you-begin","0"
"none","0","missing target anchor","markdown/platform-administration/ai-search/configure-sap-dms-external-content-indexing.md","343","configure-sap-dms-external-content-indexing.md#copy-xsappname-step","","markdown/platform-administration/ai-search/configure-sap-dms-external-content-indexing.md#copy-xsappname-step","copy-xsappname-step","markdown/platform-administration/ai-search/configure-sap-dms-external-content-indexing.md","4.i","","","","","6","","before-you-begin","0"
"none","0","missing target anchor","markdown/platform-administration/ai-search/configure-sap-dms-external-content-indexing.md","456","configure-sap-dms-external-content-indexing.md#copy-dms-io-client-settings-step","","markdown/platform-administration/ai-search/configure-sap-dms-external-content-indexing.md#copy-dms-io-client-settings-step","copy-dms-io-client-settings-step","markdown/platform-administration/ai-search/configure-sap-dms-external-content-indexing.md","4.f","","","","","6","","before-you-begin","0"
"none","0","missing target anchor","markdown/platform-administration/ai-search/configure-sap-dms-external-content-indexing.md","457","configure-sap-dms-external-content-indexing.md#copy-dms-io-endpoint-url-step","","markdown/platform-administration/ai-search/configure-sap-dms-external-content-indexing.md#copy-dms-io-endpoint-url-step","copy-dms-io-endpoint-url-step","markdown/platform-administration/ai-search/configure-sap-dms-external-content-indexing.md","4.g","","","","","6","","before-you-begin","0"
"none","0","missing target anchor","markdown/platform-administration/ai-search/configure-sap-dms-external-content-indexing.md","458","configure-sap-dms-external-content-indexing.md#copy-role-collections-endpoint-url-step","","markdown/platform-administration/ai-search/configure-sap-dms-external-content-indexing.md#copy-role-collections-endpoint-url-step","copy-role-collections-endpoint-url-step","markdown/platform-administration/ai-search/configure-sap-dms-external-content-indexing.md","4.h","","","","","6","","before-you-begin","0"
"none","0","missing target anchor","markdown/platform-administration/ai-search/configure-sap-dms-external-content-indexing.md","459","configure-sap-dms-external-content-indexing.md#copy-atms-credentials-step","","markdown/platform-administration/ai-search/configure-sap-dms-external-content-indexing.md#copy-atms-credentials-step","copy-atms-credentials-step","markdown/platform-administration/ai-search/configure-sap-dms-external-content-indexing.md","8.f","","","","","6","","before-you-begin","0"
"none","0","missing target anchor","markdown/platform-administration/ai-search/configure-sap-dms-external-content-indexing.md","460","configure-sap-dms-external-content-indexing.md#copy-token-exchange-settings-step","","markdown/platform-administration/ai-search/configure-sap-dms-external-content-indexing.md#copy-token-exchange-settings-step","copy-token-exchange-settings-step","markdown/platform-administration/ai-search/configure-sap-dms-external-content-indexing.md","10.f","","","","","6","","before-you-begin","0"
"none","0","missing target anchor","markdown/platform-administration/ai-search/configure-sap-dms-external-content-indexing.md","461","configure-sap-dms-external-content-indexing.md#copy-base-web-url-step","","markdown/platform-administration/ai-search/configure-sap-dms-external-content-indexing.md#copy-base-web-url-step","copy-base-web-url-step","markdown/platform-administration/ai-search/configure-sap-dms-external-content-indexing.md","11.e","","","","","6","","before-you-begin","0"
"none","0","missing target anchor","markdown/platform-administration/ai-search/configure-site-collection-access-spo-external-content-connector.md","51","cfg-azure-spo-ext-cont-connector.md#add-sharepoint-api-permissions-substep","","markdown/platform-administration/ai-search/cfg-azure-spo-ext-cont-connector.md#add-sharepoint-api-permissions-substep","add-sharepoint-api-permissions-substep","markdown/platform-administration/ai-search/cfg-azure-spo-ext-cont-connector.md","3.f","","","","","6","","before-you-begin","0"
"none","0","missing target anchor","markdown/platform-administration/ai-search/configure-site-collection-access-spo-external-content-connector.md","85","configure-site-collection-access-spo-external-content-connector.md#view-powershell-module-paths","","markdown/platform-administration/ai-search/configure-site-collection-access-spo-external-content-connector.md#view-powershell-module-paths","view-powershell-module-paths","markdown/platform-administration/ai-search/configure-site-collection-access-spo-external-content-connector.md","1.e","","","","","6","","before-you-begin","0"
"none","0","missing target anchor","markdown/platform-administration/ai-search/configure-smartsheet-external-content-indexing.md","64","configure-smartsheet-external-content-indexing.md#record-smartsheet-domain-url-step","","markdown/platform-administration/ai-search/configure-smartsheet-external-content-indexing.md#record-smartsheet-domain-url-step","record-smartsheet-domain-url-step","markdown/platform-administration/ai-search/configure-smartsheet-external-content-indexing.md","1","","","","","5","","before-you-begin","0"
"none","0","missing target anchor","markdown/platform-administration/ai-search/configure-smartsheet-external-content-indexing.md","65","configure-smartsheet-external-content-indexing.md#copy-api-key-value-step","","markdown/platform-administration/ai-search/configure-smartsheet-external-content-indexing.md#copy-api-key-value-step","copy-api-key-value-step","markdown/platform-administration/ai-search/configure-smartsheet-external-content-indexing.md","2.e","","","","","5","","before-you-begin","0"
"none","0","missing target anchor","markdown/platform-administration/ai-search/configure-sn-aip-instance-external-content-indexing.md","171","configure-sn-aip-instance-external-content-indexing.md#store-service-user-id-step","","markdown/platform-administration/ai-search/configure-sn-aip-instance-external-content-indexing.md#store-service-user-id-step","store-service-user-id-step","markdown/platform-administration/ai-search/configure-sn-aip-instance-external-content-indexing.md","1.b","","","","","6","","before-you-begin","0"
"none","0","missing target anchor","markdown/platform-administration/ai-search/configure-sn-aip-instance-external-content-indexing.md","172","configure-sn-aip-instance-external-content-indexing.md#store-service-user-password-step","","markdown/platform-administration/ai-search/configure-sn-aip-instance-external-content-indexing.md#store-service-user-password-step","store-service-user-password-step","markdown/platform-administration/ai-search/configure-sn-aip-instance-external-content-indexing.md","2.b","","","","","6","","before-you-begin","0"
"none","0","missing target anchor","markdown/platform-administration/ai-search/configure-trello-external-content-indexing.md","98","configure-trello-external-content-indexing.md#copy-api-key-step","","markdown/platform-administration/ai-search/configure-trello-external-content-indexing.md#copy-api-key-step","copy-api-key-step","markdown/platform-administration/ai-search/configure-trello-external-content-indexing.md","2.d","","","","","5","","before-you-begin","0"
"none","0","missing target anchor","markdown/platform-administration/ai-search/configure-trello-external-content-indexing.md","99","configure-trello-external-content-indexing.md#copy-api-token-step","","markdown/platform-administration/ai-search/configure-trello-external-content-indexing.md#copy-api-token-step","copy-api-token-step","markdown/platform-administration/ai-search/configure-trello-external-content-indexing.md","2.g","","","","","5","","before-you-begin","0"
"none","0","missing target anchor","markdown/platform-administration/ai-search/configure-trello-external-content-indexing.md","100","configure-trello-external-content-indexing.md#copy-enterpriseid-step","","markdown/platform-administration/ai-search/configure-trello-external-content-indexing.md#copy-enterpriseid-step","copy-enterpriseid-step","markdown/platform-administration/ai-search/configure-trello-external-content-indexing.md","3.b","","","","","5","","before-you-begin","0"
"none","0","missing target anchor","markdown/platform-administration/ai-search/configure-wordpress-external-content-indexing.md","85","configure-wordpress-external-content-indexing.md#copy-username-step","","markdown/platform-administration/ai-search/configure-wordpress-external-content-indexing.md#copy-username-step","copy-username-step","markdown/platform-administration/ai-search/configure-wordpress-external-content-indexing.md","4.c","","","","","5","","before-you-begin","0"
"none","0","missing target anchor","markdown/platform-administration/ai-search/configure-wordpress-external-content-indexing.md","86","configure-wordpress-external-content-indexing.md#copy-password-step","","markdown/platform-administration/ai-search/configure-wordpress-external-content-indexing.md#copy-password-step","copy-password-step","markdown/platform-administration/ai-search/configure-wordpress-external-content-indexing.md","5.d","","","","","5","","before-you-begin","0"
"none","0","missing target anchor","markdown/platform-administration/ai-search/configure-workday-external-content-indexing.md","108","configure-workday-external-content-indexing.md#copy-connection-url-tenant-name-step","","markdown/platform-administration/ai-search/configure-workday-external-content-indexing.md#copy-connection-url-tenant-name-step","copy-connection-url-tenant-name-step","markdown/platform-administration/ai-search/configure-workday-external-content-indexing.md","1.b","","","","","5","","before-you-begin","0"
"none","0","missing target anchor","markdown/platform-administration/ai-search/configure-workday-external-content-indexing.md","109","configure-workday-external-content-indexing.md#copy-connection-url-tenant-name-step","","markdown/platform-administration/ai-search/configure-workday-external-content-indexing.md#copy-connection-url-tenant-name-step","copy-connection-url-tenant-name-step","markdown/platform-administration/ai-search/configure-workday-external-content-indexing.md","1.b","","","","","5","","before-you-begin","0"
"none","0","missing target anchor","markdown/platform-administration/ai-search/configure-workday-external-content-indexing.md","110","configure-workday-external-content-indexing.md#copy-client-id-step","","markdown/platform-administration/ai-search/configure-workday-external-content-indexing.md#copy-client-id-step","copy-client-id-step","markdown/platform-administration/ai-search/configure-workday-external-content-indexing.md","4.a","","","","","5","","before-you-begin","0"
"none","0","missing target anchor","markdown/platform-administration/ai-search/configure-workday-external-content-indexing.md","111","configure-workday-external-content-indexing.md#copy-client-secret-step","","markdown/platform-administration/ai-search/configure-workday-external-content-indexing.md#copy-client-secret-step","copy-client-secret-step","markdown/platform-administration/ai-search/configure-workday-external-content-indexing.md","4.b","","","","","5","","before-you-begin","0"
"none","0","missing target anchor","markdown/platform-administration/ai-search/configure-workday-external-content-indexing.md","112","configure-workday-external-content-indexing.md#copy-token-url-step","","markdown/platform-administration/ai-search/configure-workday-external-content-indexing.md#copy-token-url-step","copy-token-url-step","markdown/platform-administration/ai-search/configure-workday-external-content-indexing.md","4.c","","","","","5","","before-you-begin","0"
"none","0","missing target anchor","markdown/platform-administration/ai-search/configure-workday-external-content-indexing.md","113","configure-workday-external-content-indexing.md#copy-auth-url-step","","markdown/platform-administration/ai-search/configure-workday-external-content-indexing.md#copy-auth-url-step","copy-auth-url-step","markdown/platform-administration/ai-search/configure-workday-external-content-indexing.md","4.d","","","","","5","","before-you-begin","0"
"none","0","missing target anchor","markdown/platform-administration/ai-search/configure-workvivo-external-content-indexing.md","93","configure-workvivo-external-content-indexing.md#copy-workvivo-id-step","","markdown/platform-administration/ai-search/configure-workvivo-external-content-indexing.md#copy-workvivo-id-step","copy-workvivo-id-step","markdown/platform-administration/ai-search/configure-workvivo-external-content-indexing.md","1.d","","","","","5","","before-you-begin","0"
"none","0","missing target anchor","markdown/platform-administration/ai-search/configure-workvivo-external-content-indexing.md","94","configure-workvivo-external-content-indexing.md#copy-api-url-step","","markdown/platform-administration/ai-search/configure-workvivo-external-content-indexing.md#copy-api-url-step","copy-api-url-step","markdown/platform-administration/ai-search/configure-workvivo-external-content-indexing.md","1.e","","","","","5","","before-you-begin","0"
"none","0","missing target anchor","markdown/platform-administration/ai-search/configure-workvivo-external-content-indexing.md","95","configure-workvivo-external-content-indexing.md#copy-api-key-step","","markdown/platform-administration/ai-search/configure-workvivo-external-content-indexing.md#copy-api-key-step","copy-api-key-step","markdown/platform-administration/ai-search/configure-workvivo-external-content-indexing.md","2.d","","","","","5","","before-you-begin","0"
"none","0","missing target anchor","markdown/platform-administration/ai-search/configure-zendesk-guide-external-content-indexing.md","133","configure-zendesk-guide-external-content-indexing.md#choose-client-identifier-step","","markdown/platform-administration/ai-search/configure-zendesk-guide-external-content-indexing.md#choose-client-identifier-step","choose-client-identifier-step","markdown/platform-administration/ai-search/configure-zendesk-guide-external-content-indexing.md","6","","","","","6","","before-you-begin","0"
"none","0","missing target anchor","markdown/platform-administration/ai-search/configure-zendesk-guide-external-content-indexing.md","134","configure-zendesk-guide-external-content-indexing.md#save-client-secret-step","","markdown/platform-administration/ai-search/configure-zendesk-guide-external-content-indexing.md#save-client-secret-step","save-client-secret-step","markdown/platform-administration/ai-search/configure-zendesk-guide-external-content-indexing.md","8","","","","","6","","before-you-begin","0"
"none","0","missing target anchor","markdown/platform-administration/ai-search/configure-zoom-external-content-indexing.md","127","configure-zoom-external-content-indexing.md#copy-account-id-step","","markdown/platform-administration/ai-search/configure-zoom-external-content-indexing.md#copy-account-id-step","copy-account-id-step","markdown/platform-administration/ai-search/configure-zoom-external-content-indexing.md","2.a","","","","","5","","before-you-begin","0"
"none","0","missing target anchor","markdown/platform-administration/ai-search/configure-zoom-external-content-indexing.md","128","configure-zoom-external-content-indexing.md#copy-client-id-step","","markdown/platform-administration/ai-search/configure-zoom-external-content-indexing.md#copy-client-id-step","copy-client-id-step","markdown/platform-administration/ai-search/configure-zoom-external-content-indexing.md","2.b","","","","","5","","before-you-begin","0"
"none","0","missing target anchor","markdown/platform-administration/ai-search/configure-zoom-external-content-indexing.md","129","configure-zoom-external-content-indexing.md#copy-client-secret-step","","markdown/platform-administration/ai-search/configure-zoom-external-content-indexing.md#copy-client-secret-step","copy-client-secret-step","markdown/platform-administration/ai-search/configure-zoom-external-content-indexing.md","2.c","","","","","5","","before-you-begin","0"
"none","0","missing target anchor","markdown/platform-administration/ai-search/create-content-crawl-external-content-connector.md","83","create-content-crawl-external-content-connector.md#schedule-crawl","","markdown/platform-administration/ai-search/create-content-crawl-external-content-connector.md#schedule-crawl","schedule-crawl","markdown/platform-administration/ai-search/create-content-crawl-external-content-connector.md","6","","","","","6","","before-you-begin","0"
"none","0","missing target anchor","markdown/platform-administration/ai-search/create-content-crawl-external-content-connector.md","84","create-content-crawl-external-content-connector.md#schedule-crawl","","markdown/platform-administration/ai-search/create-content-crawl-external-content-connector.md#schedule-crawl","schedule-crawl","markdown/platform-administration/ai-search/create-content-crawl-external-content-connector.md","6","","","","","6","","before-you-begin","0"
"none","0","missing target anchor","markdown/platform-administration/ai-search/create-content-crawl-external-content-connector.md","88","create-content-crawl-external-content-connector.md#schedule-crawl","","markdown/platform-administration/ai-search/create-content-crawl-external-content-connector.md#schedule-crawl","schedule-crawl","markdown/platform-administration/ai-search/create-content-crawl-external-content-connector.md","6","","","","","6","","before-you-begin","0"
"none","0","missing target anchor","markdown/platform-administration/ai-search/create-content-crawl-external-content-connector.md","90","create-content-crawl-external-content-connector.md#schedule-crawl","","markdown/platform-administration/ai-search/create-content-crawl-external-content-connector.md#schedule-crawl","schedule-crawl","markdown/platform-administration/ai-search/create-content-crawl-external-content-connector.md","6","","","","","6","","before-you-begin","0"
"none","0","missing target anchor","markdown/platform-administration/ai-search/create-ext-cont-connector-acc.md","94","create-ext-cont-connector-acc.md#connection-settings-step","","markdown/platform-administration/ai-search/create-ext-cont-connector-acc.md#connection-settings-step","connection-settings-step","markdown/platform-administration/ai-search/create-ext-cont-connector-acc.md","5","","","","","6","","before-you-begin","0"
"none","0","missing target anchor","markdown/platform-administration/ai-search/create-ext-cont-connector-jira.md","94","create-ext-cont-connector-jira.md#connection-settings-step","","markdown/platform-administration/ai-search/create-ext-cont-connector-jira.md#connection-settings-step","connection-settings-step","markdown/platform-administration/ai-search/create-ext-cont-connector-jira.md","5","","","","","6","","before-you-begin","0"
"none","0","missing target anchor","markdown/platform-administration/ai-search/create-user-mapping-crawl-external-content-connector.md","80","create-user-mapping-crawl-external-content-connector.md#schedule-crawl","","markdown/platform-administration/ai-search/create-user-mapping-crawl-external-content-connector.md#schedule-crawl","schedule-crawl","markdown/platform-administration/ai-search/create-user-mapping-crawl-external-content-connector.md","4","","","","","6","","before-you-begin","0"
"none","0","missing target anchor","markdown/platform-administration/ai-search/create-user-mapping-crawl-external-content-connector.md","81","create-user-mapping-crawl-external-content-connector.md#schedule-crawl","","markdown/platform-administration/ai-search/create-user-mapping-crawl-external-content-connector.md#schedule-crawl","schedule-crawl","markdown/platform-administration/ai-search/create-user-mapping-crawl-external-content-connector.md","4","","","","","6","","before-you-begin","0"
"none","0","missing target anchor","markdown/platform-administration/ai-search/create-user-mapping-crawl-external-content-connector.md","85","create-user-mapping-crawl-external-content-connector.md#schedule-crawl","","markdown/platform-administration/ai-search/create-user-mapping-crawl-external-content-connector.md#schedule-crawl","schedule-crawl","markdown/platform-administration/ai-search/create-user-mapping-crawl-external-content-connector.md","4","","","","","6","","before-you-begin","0"
"none","0","missing target anchor","markdown/platform-administration/ai-search/create-user-mapping-crawl-external-content-connector.md","87","create-user-mapping-crawl-external-content-connector.md#schedule-crawl","","markdown/platform-administration/ai-search/create-user-mapping-crawl-external-content-connector.md#schedule-crawl","schedule-crawl","markdown/platform-administration/ai-search/create-user-mapping-crawl-external-content-connector.md","4","","","","","6","","before-you-begin","0"
"none","0","missing target anchor","markdown/platform-administration/ai-search/gen-cert-msod-ext-cont-connector.md","72","gen-cert-msod-ext-cont-connector.md#generate-keypair-jks","","markdown/platform-administration/ai-search/gen-cert-msod-ext-cont-connector.md#generate-keypair-jks","generate-keypair-jks","markdown/platform-administration/ai-search/gen-cert-msod-ext-cont-connector.md","1","","","","","6","","before-you-begin","0"
"none","0","missing target anchor","markdown/platform-administration/ai-search/gen-cert-msteams-ext-cont-connector.md","72","gen-cert-msteams-ext-cont-connector.md#generate-keypair-jks","","markdown/platform-administration/ai-search/gen-cert-msteams-ext-cont-connector.md#generate-keypair-jks","generate-keypair-jks","markdown/platform-administration/ai-search/gen-cert-msteams-ext-cont-connector.md","1","","","","","6","","before-you-begin","0"
"none","0","missing target anchor","markdown/platform-administration/ai-search/gen-cert-spo-ext-cont-connector.md","72","gen-cert-spo-ext-cont-connector.md#generate-keypair-jks","","markdown/platform-administration/ai-search/gen-cert-spo-ext-cont-connector.md#generate-keypair-jks","generate-keypair-jks","markdown/platform-administration/ai-search/gen-cert-spo-ext-cont-connector.md","1","","","","","6","","before-you-begin","0"
"none","0","missing target anchor","markdown/platform-administration/ai-search/get-workday-task-code-anniversaries.md","44","get-workday-task-code-anniversaries.md#copy-task-code-step","","markdown/platform-administration/ai-search/get-workday-task-code-anniversaries.md#copy-task-code-step","copy-task-code-step","markdown/platform-administration/ai-search/get-workday-task-code-anniversaries.md","3","","","","","5","","before-you-begin","0"
"none","0","missing target anchor","markdown/platform-administration/ai-search/get-workday-task-code-birthday.md","44","get-workday-task-code-birthday.md#copy-task-code-step","","markdown/platform-administration/ai-search/get-workday-task-code-birthday.md#copy-task-code-step","copy-task-code-step","markdown/platform-administration/ai-search/get-workday-task-code-birthday.md","3","","","","","5","","before-you-begin","0"
"none","0","missing target anchor","markdown/platform-administration/ai-search/get-workday-task-code-learning-assignments.md","44","get-workday-task-code-learning-assignments.md#copy-task-code-step","","markdown/platform-administration/ai-search/get-workday-task-code-learning-assignments.md#copy-task-code-step","copy-task-code-step","markdown/platform-administration/ai-search/get-workday-task-code-learning-assignments.md","3","","","","","5","","before-you-begin","0"
"none","0","missing target anchor","markdown/platform-administration/ai-search/install-ext-cont-connectors.md","53","install-ext-cont-connectors.md#find-ecc-app","","markdown/platform-administration/ai-search/install-ext-cont-connectors.md#find-ecc-app","find-ecc-app","markdown/platform-administration/ai-search/install-ext-cont-connectors.md","2","","","","","5","","before-you-begin","0"
"none","0","missing target anchor","markdown/platform-administration/ai-search/install-ext-cont-connectors.md","53","install-ext-cont-connectors.md#install-ecc-app","","markdown/platform-administration/ai-search/install-ext-cont-connectors.md#install-ecc-app","install-ecc-app","markdown/platform-administration/ai-search/install-ext-cont-connectors.md","3","","","","","5","","before-you-begin","0"
"none","0","missing target anchor","markdown/platform-administration/ai-search/install-ext-cont-connectors.md","55","install-ext-cont-connectors.md#find-ecc-app","","markdown/platform-administration/ai-search/install-ext-cont-connectors.md#find-ecc-app","find-ecc-app","markdown/platform-administration/ai-search/install-ext-cont-connectors.md","2","","","","","5","","before-you-begin","0"
"none","0","missing target anchor","markdown/platform-administration/ai-search/install-ext-cont-connectors.md","55","install-ext-cont-connectors.md#install-ecc-app","","markdown/platform-administration/ai-search/install-ext-cont-connectors.md#install-ecc-app","install-ecc-app","markdown/platform-administration/ai-search/install-ext-cont-connectors.md","3","","","","","5","","before-you-begin","0"
"none","0","missing target anchor","markdown/platform-administration/ai-search/script-post-process-ais.md","52","script-post-process-ais.md#copy-search-script-processor-code","","markdown/platform-administration/ai-search/script-post-process-ais.md#copy-search-script-processor-code","copy-search-script-processor-code","markdown/platform-administration/ai-search/script-post-process-ais.md","1.e","","","","","10","","create-a-search-scripted-post-processor","0"
"none","0","missing target anchor","markdown/platform-administration/ai-search/view-retrievable-page-content-mspo-rest-api.md","59","view-retrievable-page-content-mspo-rest-api.md#copy-list-guid-step","","markdown/platform-administration/ai-search/view-retrievable-page-content-mspo-rest-api.md#copy-list-guid-step","copy-list-guid-step","markdown/platform-administration/ai-search/view-retrievable-page-content-mspo-rest-api.md","1.c","","","","","4","","before-you-begin","0"
"none","0","missing target anchor","markdown/platform-administration/configure-notif-custom-Slack-app.md","69","configure-notif-custom-Slack-app.md#create-json","","markdown/platform-administration/configure-notif-custom-Slack-app.md#create-json","create-json","markdown/platform-administration/configure-notif-custom-Slack-app.md","1","","","","","5","","before-you-begin","0"
"none","0","missing target anchor","markdown/platform-administration/search-administration/add-app-search-context-polaris-ui.md","55","add-app-search-context-polaris-ui.md#copy_srch_app_cfg_sys_id","","markdown/platform-administration/search-administration/add-app-search-context-polaris-ui.md#copy_srch_app_cfg_sys_id","copy_srch_app_cfg_sys_id","markdown/platform-administration/search-administration/add-app-search-context-polaris-ui.md","1.c","","","","","6","","before-you-begin","0"
"none","0","missing target anchor","markdown/platform-administration/search-administration/regenerate-text-index-one-record.md","46","regenerate-text-index-one-record.md#copy-sys-id-step","","markdown/platform-administration/search-administration/regenerate-text-index-one-record.md#copy-sys-id-step","copy-sys-id-step","markdown/platform-administration/search-administration/regenerate-text-index-one-record.md","1","","","","","6","","before-you-begin","0"
"none","0","missing target anchor","markdown/platform-administration/search-administration/t_DebugZing.md","47","t_DebugZing.md#note-stemmed-term-numbers","","markdown/platform-administration/search-administration/t_DebugZing.md#note-stemmed-term-numbers","note-stemmed-term-numbers","markdown/platform-administration/search-administration/t_DebugZing.md","3","","","","","4","","before-you-begin","0"
"low","67","missing target anchor","markdown/platform-administration/search-suggestions/improve-search-results.md","26","understanding-search-suggestion-tables.md#section_eqs_xwj_xhb","understanding-search-suggestion-tables.md#search-event-table","markdown/platform-administration/search-suggestions/understanding-search-suggestion-tables.md#section_eqs_xwj_xhb","section_eqs_xwj_xhb","markdown/platform-administration/search-suggestions/understanding-search-suggestion-tables.md","Search Event [sys_search_event]","search-event-table","Search Event table","h2","20","4","link/candidate token overlap 0.67","search-event-per-source-table","67"
"low","67","missing target anchor","markdown/platform-administration/search-suggestions/improve-search-results.md","28","understanding-search-suggestion-tables.md#section_ic4_j2k_xhb","understanding-search-suggestion-tables.md#search-suggestion-table","markdown/platform-administration/search-suggestions/understanding-search-suggestion-tables.md#section_ic4_j2k_xhb","section_ic4_j2k_xhb","markdown/platform-administration/search-suggestions/understanding-search-suggestion-tables.md","Search Suggestion [sys_search_suggestion]","search-suggestion-table","Search Suggestion table","h2","53","4","link/candidate token overlap 0.67","search-suggestions-tables","0"
"none","0","missing target anchor","markdown/platform-security/access-control/exploring-access-control-list.md","30","acl-denial-behavior.md#section_qnd_snl_zbc","","markdown/platform-security/access-control/acl-denial-behavior.md#section_qnd_snl_zbc","section_qnd_snl_zbc","markdown/platform-security/access-control/acl-denial-behavior.md","acl-denial-behavior.md#section_qnd_snl_zbc","","","","","2","","table_jnn_5pl_zbc","0"
"none","0","missing target anchor","markdown/platform-security/authentication/create-knowledge-based-answers.md","109","create-knowledge-based-answers.md#system-properties","","markdown/platform-security/authentication/create-knowledge-based-answers.md#system-properties","system-properties","markdown/platform-security/authentication/create-knowledge-based-answers.md","System Properties","","","","","8","","before-you-begin","0"
"none","0","missing target anchor","markdown/platform-security/authentication/create-knowledge-based-answers.md","136","create-knowledge-based-answers.md#system-properties","","markdown/platform-security/authentication/create-knowledge-based-answers.md#system-properties","system-properties","markdown/platform-security/authentication/create-knowledge-based-answers.md","System Properties","","","","","8","","before-you-begin","0"
"low","65","missing target anchor","markdown/platform-security/authentication/mfa-dashboard.md","29","mfa-dashboard.md#section_byk_42c_cfc","mfa-dashboard.md#user-metrics","markdown/platform-security/authentication/mfa-dashboard.md#section_byk_42c_cfc","section_byk_42c_cfc","markdown/platform-security/authentication/mfa-dashboard.md","Login Metrics","user-metrics","User Metrics","h2","31","4","link/candidate token overlap 0.50","mfa-dashboard","0"
"none","0","missing target anchor","markdown/platform-security/connections-and-credentials/configure-oauth-2-0-authentication.md","320","configure-oauth-2-0-authentication.md#substeps_lsc_5wj_wbc","","markdown/platform-security/connections-and-credentials/configure-oauth-2-0-authentication.md#substeps_lsc_5wj_wbc","substeps_lsc_5wj_wbc","markdown/platform-security/connections-and-credentials/configure-oauth-2-0-authentication.md","Configure an OAuth entity profile","","","","","8","","before-you-begin","0"
"none","0","missing target anchor","markdown/platform-security/edge-encryption/c_EncryptionRuleActions.md","29","param-apis.md#dynamic-table","","markdown/platform-security/edge-encryption/param-apis.md#dynamic-table","dynamic-table","markdown/platform-security/edge-encryption/param-apis.md","dynamically pull this from the request","","","","","10","","encrypt-the-value-of-a-known-table-and-field","0"
"none","0","missing target anchor","markdown/platform-security/edge-encryption/c_JsonNodeAPI.md","90","json-overview.md#json-dynamic","","markdown/platform-security/edge-encryption/json-overview.md#json-dynamic","json-dynamic","markdown/platform-security/edge-encryption/json-overview.md","dynamically assigned","","","","","4","","mapping-to-a-known-table-field-on-the-instance","0"
"none","0","missing target anchor","markdown/platform-security/edge-encryption/c_XMLElementAPI.md","50","xml-overview.md#xml-dynamic","","markdown/platform-security/edge-encryption/xml-overview.md#xml-dynamic","xml-dynamic","markdown/platform-security/edge-encryption/xml-overview.md","dynamically assigned","","","","","4","","mapping-to-a-known-table-field-on-the-instance","0"
"none","0","missing target anchor","markdown/platform-security/edge-encryption/configure-128-key.md","46","configure-128-key.md#configure-key-on-instance","","markdown/platform-security/edge-encryption/configure-128-key.md#configure-key-on-instance","configure-key-on-instance","markdown/platform-security/edge-encryption/configure-128-key.md","step 5","","","","","16","","before-you-begin","0"
"none","0","missing target anchor","markdown/platform-security/identity/scim-customisation.md","31","create-scim-etl-definitions.md#RTEMapping","","markdown/platform-security/identity/create-scim-etl-definitions.md#RTEMapping","RTEMapping","markdown/platform-security/identity/create-scim-etl-definitions.md","5","","","","","5","","before-you-begin","0"
"low","65","missing target anchor","markdown/platform-security/pre-work-ca.md","22","pre-work-ca.md#section_jqr_nhw_ycc","pre-work-ca.md#ca-for-local-login","markdown/platform-security/pre-work-ca.md#section_jqr_nhw_ycc","section_jqr_nhw_ycc","markdown/platform-security/pre-work-ca.md","LDAP or Local login (Username and Password)","ca-for-local-login","CA for Local login","h2","25","3","link/candidate token overlap 0.50","pre-work-for-continuous-authentication","0"
"low","65","missing target anchor","markdown/platform-security/pre-work-ca.md","23","pre-work-ca.md#section_plh_4hw_ycc","pre-work-ca.md#ca-for-sso-login","markdown/platform-security/pre-work-ca.md#section_plh_4hw_ycc","section_plh_4hw_ycc","markdown/platform-security/pre-work-ca.md","SSO login (SAML or OIDC)","ca-for-sso-login","CA for SSO login","h2","36","3","link/candidate token overlap 0.50","pre-work-for-continuous-authentication","0"
"none","0","missing target anchor","markdown/platform-user-interface/adoption-services/create-help-center-content.md","84","create-help-center-content.md#example_nln_bm3_kxb","","markdown/platform-user-interface/adoption-services/create-help-center-content.md#example_nln_bm3_kxb","example_nln_bm3_kxb","markdown/platform-user-interface/adoption-services/create-help-center-content.md","examples","","","","","8","","before-you-begin","0"
"none","0","missing target anchor","markdown/platform-user-interface/adoption-services/create-help-center-content.md","106","create-help-center-content.md#example_nln_bm3_kxb","","markdown/platform-user-interface/adoption-services/create-help-center-content.md#example_nln_bm3_kxb","example_nln_bm3_kxb","markdown/platform-user-interface/adoption-services/create-help-center-content.md","examples","","","","","8","","before-you-begin","0"
"none","0","missing target anchor","markdown/platform-user-interface/adoption-services/create-help-center-content.md","132","create-help-center-content.md#example_nln_bm3_kxb","","markdown/platform-user-interface/adoption-services/create-help-center-content.md#example_nln_bm3_kxb","example_nln_bm3_kxb","markdown/platform-user-interface/adoption-services/create-help-center-content.md","examples","","","","","8","","before-you-begin","0"
"none","0","missing target anchor","markdown/platform-user-interface/sitemap-generator/generate-xml-sitemaps-seo-indexing.md","93","generate-xml-sitemaps-seo-indexing.md#save-definition-type","","markdown/platform-user-interface/sitemap-generator/generate-xml-sitemaps-seo-indexing.md#save-definition-type","save-definition-type","markdown/platform-user-interface/sitemap-generator/generate-xml-sitemaps-seo-indexing.md","7","","","","","9","","before-you-begin","0"
"low","65","missing target anchor","markdown/platform-user-interface/view-attachment-doc-viewer.md","24","Documentviewer.md#ul_jvx_dzy_whb","Documentviewer.md#document-viewer","markdown/platform-user-interface/Documentviewer.md#ul_jvx_dzy_whb","ul_jvx_dzy_whb","markdown/platform-user-interface/Documentviewer.md","document types","document-viewer","Document Viewer","h1","12","1","link/candidate token overlap 0.50","",""
"none","0","missing target anchor","markdown/proactive-service-exp-workflows/product-support-for-technology/tech-product-support-case-app.md","30","tech-product-support-case-type.md#section_y4c_hgy_1bc","","markdown/proactive-service-exp-workflows/product-support-for-technology/tech-product-support-case-type.md#section_y4c_hgy_1bc","section_y4c_hgy_1bc","markdown/proactive-service-exp-workflows/product-support-for-technology/tech-product-support-case-type.md","Record producer","","","","","15","","table_r3g_bvl_y1c","0"
"none","0","missing target anchor","markdown/proactive-service-exp-workflows/product-support-for-technology/tech-product-support-case-type.md","42","tech-product-support-case-type.md#section_fwf_mlg_n1c","","markdown/proactive-service-exp-workflows/product-support-for-technology/tech-product-support-case-type.md#section_fwf_mlg_n1c","section_fwf_mlg_n1c","markdown/proactive-service-exp-workflows/product-support-for-technology/tech-product-support-case-type.md","Roles","","","","","15","","table_r3g_bvl_y1c","0"
"low","65","missing target anchor","markdown/proactive-service-exp-workflows/product-support-for-technology/tech-product-support-case-type.md","50","tech-product-support-case-type.md#section_jtm_rjs_y1c","tech-product-support-case-type.md#technology-product-support-case-type","markdown/proactive-service-exp-workflows/product-support-for-technology/tech-product-support-case-type.md#section_jtm_rjs_y1c","section_jtm_rjs_y1c","markdown/proactive-service-exp-workflows/product-support-for-technology/tech-product-support-case-type.md","Case states","technology-product-support-case-type","Technology Product Support case type","h1","14","15","link/candidate token overlap 0.50","table_r3g_bvl_y1c","0"
"none","0","missing target anchor","markdown/proactive-service-exp-workflows/product-support-for-technology/tech-product-support-case-type.md","58","tech-product-support-case-type.md#section_zmc_ptf_n1c","","markdown/proactive-service-exp-workflows/product-support-for-technology/tech-product-support-case-type.md#section_zmc_ptf_n1c","section_zmc_ptf_n1c","markdown/proactive-service-exp-workflows/product-support-for-technology/tech-product-support-case-type.md","State flows","","","","","15","","table_r3g_bvl_y1c","0"
"none","0","missing target anchor","markdown/proactive-service-exp-workflows/product-support-for-technology/tech-product-support-case-type.md","66","tech-product-support-case-type.md#section_sh1_l3g_n1c","","markdown/proactive-service-exp-workflows/product-support-for-technology/tech-product-support-case-type.md#section_sh1_l3g_n1c","section_sh1_l3g_n1c","markdown/proactive-service-exp-workflows/product-support-for-technology/tech-product-support-case-type.md","List views","","","","","15","","table_r3g_bvl_y1c","0"
"none","0","missing target anchor","markdown/proactive-service-exp-workflows/product-support-for-technology/tech-product-support-case-type.md","74","tech-product-support-case-type.md#section_h4k_rvg_n1c","","markdown/proactive-service-exp-workflows/product-support-for-technology/tech-product-support-case-type.md#section_h4k_rvg_n1c","section_h4k_rvg_n1c","markdown/proactive-service-exp-workflows/product-support-for-technology/tech-product-support-case-type.md","Special handling notes","","","","","15","","table_r3g_bvl_y1c","0"
"none","0","missing target anchor","markdown/proactive-service-exp-workflows/product-support-for-technology/tech-product-support-case-type.md","114","tech-product-support-case-type.md#section_y4c_hgy_1bc","","markdown/proactive-service-exp-workflows/product-support-for-technology/tech-product-support-case-type.md#section_y4c_hgy_1bc","section_y4c_hgy_1bc","markdown/proactive-service-exp-workflows/product-support-for-technology/tech-product-support-case-type.md","Record producer","","","","","15","","table_r3g_bvl_y1c","0"
"none","0","missing target anchor","markdown/proactive-service-exp-workflows/product-support-for-technology/tech-product-support-case-type.md","122","tech-product-support-case-type.md#section_fvz_mrg_n1c","","markdown/proactive-service-exp-workflows/product-support-for-technology/tech-product-support-case-type.md#section_fvz_mrg_n1c","section_fvz_mrg_n1c","markdown/proactive-service-exp-workflows/product-support-for-technology/tech-product-support-case-type.md","Case action status","","","","","15","","table_r3g_bvl_y1c","0"
"none","0","missing target anchor","markdown/proactive-service-exp-workflows/product-support-for-technology/tech-product-support-case-type.md","138","tech-product-support-case-type.md#section_j3p_rsg_n1c","","markdown/proactive-service-exp-workflows/product-support-for-technology/tech-product-support-case-type.md#section_j3p_rsg_n1c","section_j3p_rsg_n1c","markdown/proactive-service-exp-workflows/product-support-for-technology/tech-product-support-case-type.md","Auto close cases","","","","","15","","table_r3g_bvl_y1c","0"
"low","65","missing target anchor","markdown/proactive-service-exp-workflows/product-support-for-technology/tech-product-support-playbook.md","115","tech-product-support-playbook.md#section_ls2_mkz_y1c","tech-product-support-playbook.md#update-action-plans","markdown/proactive-service-exp-workflows/product-support-for-technology/tech-product-support-playbook.md#section_ls2_mkz_y1c","section_ls2_mkz_y1c","markdown/proactive-service-exp-workflows/product-support-for-technology/tech-product-support-playbook.md","Action bar","update-action-plans","Update action plans","h2","523","15","link/candidate token overlap 0.50","technology-product-support-case-playbook","0"
"none","0","missing target anchor","markdown/proactive-service-exp-workflows/product-support-for-technology/tech-product-support-playbook.md","200","tech-product-support-playbook.md#section_edk_v3t_bbc","","markdown/proactive-service-exp-workflows/product-support-for-technology/tech-product-support-playbook.md#section_edk_v3t_bbc","section_edk_v3t_bbc","markdown/proactive-service-exp-workflows/product-support-for-technology/tech-product-support-playbook.md","Activity stream component","","","","","15","","technology-product-support-process-page-variant","0"
"none","0","missing target anchor","markdown/proactive-service-exp-workflows/product-support-for-technology/tech-product-support-playbook.md","303","tech-product-support-playbook.md#section_edk_v3t_bbc","","markdown/proactive-service-exp-workflows/product-support-for-technology/tech-product-support-playbook.md#section_edk_v3t_bbc","section_edk_v3t_bbc","markdown/proactive-service-exp-workflows/product-support-for-technology/tech-product-support-playbook.md","Activity stream","","","","","15","","technology-product-support-process-page-variant","0"
"none","0","missing target anchor","markdown/proactive-service-exp-workflows/product-support-for-technology/tech-product-support-record-page.md","115","tech-product-support-record-page.md#section_bwz_3nm_bbc","","markdown/proactive-service-exp-workflows/product-support-for-technology/tech-product-support-record-page.md#section_bwz_3nm_bbc","section_bwz_3nm_bbc","markdown/proactive-service-exp-workflows/product-support-for-technology/tech-product-support-record-page.md","Action bar","","","","","14","","technology-product-support-record-page-variant","0"
"none","0","missing target anchor","markdown/proactive-service-exp-workflows/product-support-for-technology/tech-product-support-record-page.md","205","tech-product-support-record-page.md#section_ev4_wyf_bbc","","markdown/proactive-service-exp-workflows/product-support-for-technology/tech-product-support-record-page.md#section_ev4_wyf_bbc","section_ev4_wyf_bbc","markdown/proactive-service-exp-workflows/product-support-for-technology/tech-product-support-record-page.md","Recommended Actions search component","","","","","14","","technology-product-support-record-page-variant","0"
"none","0","missing target anchor","markdown/proactive-service-exp-workflows/product-support-for-technology/tech-product-support-record-page.md","375","tech-product-support-record-page.md#section_ev4_wyf_bbc","","markdown/proactive-service-exp-workflows/product-support-for-technology/tech-product-support-record-page.md#section_ev4_wyf_bbc","section_ev4_wyf_bbc","markdown/proactive-service-exp-workflows/product-support-for-technology/tech-product-support-record-page.md","Recommended Actions search","","","","","14","","technology-product-support-record-page-variant","0"
"none","0","missing target anchor","markdown/release-notes/release-notes/code-signing-rn.md","41","../../platform-security/explore-code-signing.md#sign-update-set","","markdown/platform-security/explore-code-signing.md#sign-update-set","sign-update-set","markdown/platform-security/explore-code-signing.md","Wild Card Purpose for KMF Signature Configuration","","","","","5","","table_f3d_s52_sxb","0"
"none","0","missing target anchor","markdown/release-notes/release-notes/customer-service-config-ws-rn.md","46","../../customer-service-management/csm-workspace-agent-actions.md#section_zzp_dn3_23c","","markdown/customer-service-management/csm-workspace-agent-actions.md#section_zzp_dn3_23c","section_zzp_dn3_23c","markdown/customer-service-management/csm-workspace-agent-actions.md","Highlight fields with unsaved changes","","","","","8","","visual-field-indicators-for-unsaved-changes","0"
"low","65","missing target anchor","markdown/release-notes/release-notes/customer-service-config-ws-rn.md","54","../../customer-service-management/csm-email-interaction-record-page.md#section_rfs_4lt_13c","../../customer-service-management/csm-email-interaction-record-page.md#email-interaction-record-page","markdown/customer-service-management/csm-email-interaction-record-page.md#section_rfs_4lt_13c","section_rfs_4lt_13c","markdown/customer-service-management/csm-email-interaction-record-page.md","Unread email count on interaction tabs","email-interaction-record-page","Email Interaction record page","h1","12","10","link/candidate token overlap 0.50","email-interaction-record-page-variant","0"
"none","0","missing target anchor","markdown/release-notes/release-notes/servicenow-ide-rn.md","33","../../application-development/building-applications-source-code.md#application-structure","","markdown/application-development/building-applications-source-code.md#application-structure","application-structure","markdown/application-development/building-applications-source-code.md","Generated ServiceNow Fluent code organized in taxonomy-based directories","","","","","5","","overview-of-development-in-source-code","0"
"none","0","missing target anchor","markdown/release-notes/release-notes/servicenow-sdk-rn.md","41","../../application-development/building-applications-source-code.md#application-structure","","markdown/application-development/building-applications-source-code.md#application-structure","application-structure","markdown/application-development/building-applications-source-code.md","Configure a default language for field labels","","","","","5","","overview-of-development-in-source-code","0"
"none","0","missing target anchor","markdown/release-notes/rn-summary-new-features.md","796","../customer-service-management/csm-workspace-agent-actions.md#section_zzp_dn3_23c","","markdown/customer-service-management/csm-workspace-agent-actions.md#section_zzp_dn3_23c","section_zzp_dn3_23c","markdown/customer-service-management/csm-workspace-agent-actions.md","Highlight fields with unsaved changes","","","","","8","","visual-field-indicators-for-unsaved-changes","0"
"low","65","missing target anchor","markdown/release-notes/rn-summary-new-features.md","804","../customer-service-management/csm-email-interaction-record-page.md#section_rfs_4lt_13c","../customer-service-management/csm-email-interaction-record-page.md#email-interaction-record-page","markdown/customer-service-management/csm-email-interaction-record-page.md#section_rfs_4lt_13c","section_rfs_4lt_13c","markdown/customer-service-management/csm-email-interaction-record-page.md","Unread email count on interaction tabs","email-interaction-record-page","Email Interaction record page","h1","12","10","link/candidate token overlap 0.50","email-interaction-record-page-variant","0"
"none","0","missing target anchor","markdown/release-notes/rn-summary-new-features.md","1352","../platform-security/explore-code-signing.md#sign-update-set","","markdown/platform-security/explore-code-signing.md#sign-update-set","sign-update-set","markdown/platform-security/explore-code-signing.md","Wild Card Purpose for KMF Signature Configuration","","","","","5","","table_f3d_s52_sxb","0"
"none","0","missing target anchor","markdown/release-notes/rn-summary-new-features.md","5389","../application-development/building-applications-source-code.md#application-structure","","markdown/application-development/building-applications-source-code.md#application-structure","application-structure","markdown/application-development/building-applications-source-code.md","Generated ServiceNow Fluent code organized in taxonomy-based directories","","","","","5","","overview-of-development-in-source-code","0"
"none","0","missing target anchor","markdown/release-notes/rn-summary-new-features.md","5408","../application-development/building-applications-source-code.md#application-structure","","markdown/application-development/building-applications-source-code.md#application-structure","application-structure","markdown/application-development/building-applications-source-code.md","Configure a default language for field labels","","","","","5","","overview-of-development-in-source-code","0"
"none","0","missing target anchor","markdown/release-notes/upgrades-phase-6.md","27","upgrades-phase-3.md#Phase3Step1CheckUpgradeJob","","markdown/release-notes/upgrades-phase-3.md#Phase3Step1CheckUpgradeJob","Phase3Step1CheckUpgradeJob","markdown/release-notes/upgrades-phase-3.md","**Upgrade** scheduled job","","","","","4","","before-you-begin","0"
"none","0","missing target anchor","markdown/release-notes/upgrades-planning-checklist.md","469","upgrades-phase-2.md#Phase3Step1Clone","","markdown/release-notes/upgrades-phase-2.md#Phase3Step1Clone","Phase3Step1Clone","markdown/release-notes/upgrades-phase-2.md","20","","","","","4","","before-you-begin","0"
"none","0","missing target anchor","markdown/release-notes/upgrades-planning-checklist.md","497","upgrades-phase-3.md#Phase3Step1CheckUpgradeJob","","markdown/release-notes/upgrades-phase-3.md#Phase3Step1CheckUpgradeJob","Phase3Step1CheckUpgradeJob","markdown/release-notes/upgrades-phase-3.md","21","","","","","4","","before-you-begin","0"
"none","0","missing target anchor","markdown/release-notes/upgrades-planning-checklist.md","517","upgrades-phase-3.md#Phase3Step2UpgradeSysTrigger","","markdown/release-notes/upgrades-phase-3.md#Phase3Step2UpgradeSysTrigger","Phase3Step2UpgradeSysTrigger","markdown/release-notes/upgrades-phase-3.md","22","","","","","4","","before-you-begin","0"
"none","0","missing target anchor","markdown/release-notes/upgrades-planning-checklist.md","537","upgrades-phase-3.md#Phase3Step3CheckUpgradeSysTrigger","","markdown/release-notes/upgrades-phase-3.md#Phase3Step3CheckUpgradeSysTrigger","Phase3Step3CheckUpgradeSysTrigger","markdown/release-notes/upgrades-phase-3.md","23","","","","","4","","before-you-begin","0"
"none","0","missing target anchor","markdown/release-notes/upgrades-planning-checklist.md","557","upgrades-phase-3.md#Phase3Step4ScheduleUpgrade","","markdown/release-notes/upgrades-phase-3.md#Phase3Step4ScheduleUpgrade","Phase3Step4ScheduleUpgrade","markdown/release-notes/upgrades-phase-3.md","24","","","","","4","","before-you-begin","0"
"none","0","missing target anchor","markdown/release-notes/upgrades-planning-checklist.md","577","upgrades-phase-3.md#Phase3Step5RequestEnt","","markdown/release-notes/upgrades-phase-3.md#Phase3Step5RequestEnt","Phase3Step5RequestEnt","markdown/release-notes/upgrades-phase-3.md","25","","","","","4","","before-you-begin","0"
"none","0","missing target anchor","markdown/release-notes/upgrades-planning-checklist.md","601","upgrades-phase-4.md#Phase4Step1Validate","","markdown/release-notes/upgrades-phase-4.md#Phase4Step1Validate","Phase4Step1Validate","markdown/release-notes/upgrades-phase-4.md","26","","","","","4","","before-you-begin","0"
"none","0","missing target anchor","markdown/release-notes/upgrades-planning-checklist.md","621","upgrades-phase-4.md#Phase4Step2SkippedList","","markdown/release-notes/upgrades-phase-4.md#Phase4Step2SkippedList","Phase4Step2SkippedList","markdown/release-notes/upgrades-phase-4.md","27","","","","","4","","before-you-begin","0"
"none","0","missing target anchor","markdown/release-notes/upgrades-planning-checklist.md","641","upgrades-phase-4.md#Phase4Step3UpdateSets","","markdown/release-notes/upgrades-phase-4.md#Phase4Step3UpdateSets","Phase4Step3UpdateSets","markdown/release-notes/upgrades-phase-4.md","28","","","","","4","","before-you-begin","0"
"none","0","missing target anchor","markdown/release-notes/upgrades-planning-checklist.md","661","upgrades-phase-4.md#Phase4Step4FunctionalTesting","","markdown/release-notes/upgrades-phase-4.md#Phase4Step4FunctionalTesting","Phase4Step4FunctionalTesting","markdown/release-notes/upgrades-phase-4.md","29","","","","","4","","before-you-begin","0"
"none","0","missing target anchor","markdown/release-notes/upgrades-planning-checklist.md","685","upgrades-phase-2.md#Phase3Step1Clone","","markdown/release-notes/upgrades-phase-2.md#Phase3Step1Clone","Phase3Step1Clone","markdown/release-notes/upgrades-phase-2.md","30","","","","","4","","before-you-begin","0"
"none","0","missing target anchor","markdown/release-notes/upgrades-planning-checklist.md","983","upgrades-phase-6.md#Phase6Step1BenchmarkPerf","","markdown/release-notes/upgrades-phase-6.md#Phase6Step1BenchmarkPerf","Phase6Step1BenchmarkPerf","markdown/release-notes/upgrades-phase-6.md","44","","","","","4","","before-you-begin","0"
"none","0","missing target anchor","markdown/release-notes/upgrades-planning-checklist.md","1003","upgrades-phase-6.md#Phase6Step2PerfDashboard","","markdown/release-notes/upgrades-phase-6.md#Phase6Step2PerfDashboard","Phase6Step2PerfDashboard","markdown/release-notes/upgrades-phase-6.md","45","","","","","4","","before-you-begin","0"
"none","0","missing target anchor","markdown/release-notes/upgrades-planning-checklist.md","1023","upgrades-phase-6.md#Phase6Step3FunctionalTesting","","markdown/release-notes/upgrades-phase-6.md#Phase6Step3FunctionalTesting","Phase6Step3FunctionalTesting","markdown/release-notes/upgrades-phase-6.md","46","","","","","4","","before-you-begin","0"
"none","0","missing target anchor","markdown/release-notes/upgrades-planning-checklist.md","1047","upgrades-phase-7.md#Phase7Step1ScheduleUpgrade","","markdown/release-notes/upgrades-phase-7.md#Phase7Step1ScheduleUpgrade","Phase7Step1ScheduleUpgrade","markdown/release-notes/upgrades-phase-7.md","47","","","","","4","","before-you-begin","0"
"none","0","missing target anchor","markdown/release-notes/upgrades-planning-checklist.md","1067","upgrades-phase-7.md#Phase7Step2RequestEntitlement","","markdown/release-notes/upgrades-phase-7.md#Phase7Step2RequestEntitlement","Phase7Step2RequestEntitlement","markdown/release-notes/upgrades-phase-7.md","48","","","","","4","","before-you-begin","0"
"none","0","missing target anchor","markdown/release-notes/upgrades-planning-checklist.md","1087","upgrades-phase-7.md#Phase7Step3VerifyUpgrade","","markdown/release-notes/upgrades-phase-7.md#Phase7Step3VerifyUpgrade","Phase7Step3VerifyUpgrade","markdown/release-notes/upgrades-phase-7.md","49","","","","","4","","before-you-begin","0"
"none","0","missing target anchor","markdown/release-notes/upgrades-planning-checklist.md","1107","upgrades-phase-7.md#Phase7Step4UpdateSets","","markdown/release-notes/upgrades-phase-7.md#Phase7Step4UpdateSets","Phase7Step4UpdateSets","markdown/release-notes/upgrades-phase-7.md","50","","","","","4","","before-you-begin","0"
"none","0","missing target anchor","markdown/release-notes/upgrades-planning-checklist.md","1127","upgrades-phase-7.md#Phase7Step5ValidateTest","","markdown/release-notes/upgrades-phase-7.md#Phase7Step5ValidateTest","Phase7Step5ValidateTest","markdown/release-notes/upgrades-phase-7.md","51","","","","","4","","before-you-begin","0"
"low","65","missing target anchor","markdown/security-management/domain-separation-and-mitre-att-ck.md","26","domain-separation-and-mitre-att-ck.md#section_svm_dry_y4b","domain-separation-and-mitre-att-ck.md#replicate-taxii-collection","markdown/security-management/domain-separation-and-mitre-att-ck.md#section_svm_dry_y4b","section_svm_dry_y4b","markdown/security-management/domain-separation-and-mitre-att-ck.md","TAXII Collections","replicate-taxii-collection","Replicate TAXII Collection","h2","40","4","link/candidate token overlap 0.50","domain-separation-and-mitre-attck","0"
"none","0","missing target anchor","markdown/security-management/it-remediation-workspace/itr-ws-create-remediation-task.md","37","itr-ws-create-remediation-task.md#itr-crt-select-items","","markdown/security-management/it-remediation-workspace/itr-ws-create-remediation-task.md#itr-crt-select-items","itr-crt-select-items","markdown/security-management/it-remediation-workspace/itr-ws-create-remediation-task.md","Selected items","","","","","5","","before-you-begin","0"
"none","0","missing target anchor","markdown/security-management/misp-integration-for-security-operations.md","41","review-the-misp-integration-settings.md#ul_pf2_41x_nqb","","markdown/security-management/review-the-misp-integration-settings.md#ul_pf2_41x_nqb","ul_pf2_41x_nqb","markdown/security-management/review-the-misp-integration-settings.md","Automatically add SIR MITRE-ATT&amp;CK™ information as galaxies to a MISP event","","","","","5","","before-you-begin","0"
"none","0","missing target anchor","markdown/security-management/security-incident-response/submit-entries-from-a-security-incident-record-for-url-category-list.md","24","create-zscaler-internet-access-url-category-manually.md#context_gqd_3ql_vpb","","markdown/security-management/security-incident-response/create-zscaler-internet-access-url-category-manually.md#context_gqd_3ql_vpb","context_gqd_3ql_vpb","markdown/security-management/security-incident-response/create-zscaler-internet-access-url-category-manually.md","URL Categories configured previously","","","","","5","","before-you-begin","0"
"none","0","missing target anchor","markdown/security-management/sem-bulk-edit-unassign.md","37","vulnerability-manager-workspace/vmws-bulk-edit-unassign.md#record-slection-field-unassign","","markdown/security-management/vulnerability-manager-workspace/vmws-bulk-edit-unassign.md#record-slection-field-unassign","record-slection-field-unassign","markdown/security-management/vulnerability-manager-workspace/vmws-bulk-edit-unassign.md","Record Selection","","","","","6","","before-you-begin","0"
"none","0","missing target anchor","markdown/security-management/sem-bulk-edit-unassign.md","38","vulnerability-manager-workspace/vmws-bulk-edit-unassign.md#record-slection-field-unassign","","markdown/security-management/vulnerability-manager-workspace/vmws-bulk-edit-unassign.md#record-slection-field-unassign","record-slection-field-unassign","markdown/security-management/vulnerability-manager-workspace/vmws-bulk-edit-unassign.md","Record Selection","","","","","6","","before-you-begin","0"
"none","0","missing target anchor","markdown/security-management/sem-create-remediation-task.md","45","vulnerability-manager-workspace/vmws-create-remediation-task.md#crt-select-items","","markdown/security-management/vulnerability-manager-workspace/vmws-create-remediation-task.md#crt-select-items","crt-select-items","markdown/security-management/vulnerability-manager-workspace/vmws-create-remediation-task.md","Selected items","","","","","6","","before-you-begin","0"
"none","0","missing target anchor","markdown/security-management/vulnerability-manager-workspace/requesting-approving-risk-reduction.md","74","vr-ws-exceptions-split-VMGR-ws.md#li-risk-reduction-vmws","","markdown/security-management/vulnerability-manager-workspace/vr-ws-exceptions-split-VMGR-ws.md#li-risk-reduction-vmws","li-risk-reduction-vmws","markdown/security-management/vulnerability-manager-workspace/vr-ws-exceptions-split-VMGR-ws.md","../../vulnerability-response/concept/vr-ws-exceptions-split-VMGR-ws.md#li-risk-reduction-vmws","","","","","1","","",""
"none","0","missing target anchor","markdown/security-management/vulnerability-manager-workspace/vmws-bulk-edit-unassign.md","34","vmws-bulk-edit-unassign.md#record-slection-field-unassign","","markdown/security-management/vulnerability-manager-workspace/vmws-bulk-edit-unassign.md#record-slection-field-unassign","record-slection-field-unassign","markdown/security-management/vulnerability-manager-workspace/vmws-bulk-edit-unassign.md","Record Selection","","","","","6","","before-you-begin","0"
"none","0","missing target anchor","markdown/security-management/vulnerability-manager-workspace/vmws-bulk-edit-unassign.md","35","vmws-bulk-edit-unassign.md#record-slection-field-unassign","","markdown/security-management/vulnerability-manager-workspace/vmws-bulk-edit-unassign.md#record-slection-field-unassign","record-slection-field-unassign","markdown/security-management/vulnerability-manager-workspace/vmws-bulk-edit-unassign.md","Record Selection","","","","","6","","before-you-begin","0"
"none","0","missing target anchor","markdown/security-management/vulnerability-manager-workspace/vmws-create-remediation-task.md","47","vmws-create-remediation-task.md#crt-select-items","","markdown/security-management/vulnerability-manager-workspace/vmws-create-remediation-task.md#crt-select-items","crt-select-items","markdown/security-management/vulnerability-manager-workspace/vmws-create-remediation-task.md","Selected items","","","","","6","","before-you-begin","0"
"none","0","missing target anchor","markdown/security-management/vulnerability-manager-workspace/vmws-reevaluate-remediation-parameters.md","42","vmws-reevaluate-remediation-parameters.md#vmws-select-items","","markdown/security-management/vulnerability-manager-workspace/vmws-reevaluate-remediation-parameters.md#vmws-select-items","vmws-select-items","markdown/security-management/vulnerability-manager-workspace/vmws-reevaluate-remediation-parameters.md","Selected items","","","","","14","","before-you-begin","0"
"none","0","missing target anchor","markdown/security-management/vulnerability-response/create-config-arf-processor.md","34","create-config-arf-processor.md#max-conc-threads","","markdown/security-management/vulnerability-response/create-config-arf-processor.md#max-conc-threads","max-conc-threads","markdown/security-management/vulnerability-response/create-config-arf-processor.md","Step 2","","","","","3","","before-you-begin","0"
"low","67","missing target anchor","markdown/security-management/vulnerability-response/generate-report.md","66","configure-indicator-for-source-data.md#group-by","configure-indicator-for-source-data.md#configure-an-aggregation-for-source-data","markdown/security-management/vulnerability-response/configure-indicator-for-source-data.md#group-by","group-by","markdown/security-management/vulnerability-response/configure-indicator-for-source-data.md","configure-indicator-for-source-data.md#group-by","configure-an-aggregation-for-source-data","Configure an aggregation for source data","h1","14","5","link/candidate token overlap 0.67","before-you-begin","0"
"low","67","missing target anchor","markdown/security-management/vulnerability-response/generate-report.md","74","configure-indicator-for-source-data.md#group-by","configure-indicator-for-source-data.md#configure-an-aggregation-for-source-data","markdown/security-management/vulnerability-response/configure-indicator-for-source-data.md#group-by","group-by","markdown/security-management/vulnerability-response/configure-indicator-for-source-data.md","configure-indicator-for-source-data.md#group-by","configure-an-aggregation-for-source-data","Configure an aggregation for source data","h1","14","5","link/candidate token overlap 0.67","before-you-begin","0"
"none","0","missing target anchor","markdown/service-exchange/import-and-export-fds-configuration.md","52","import-and-export-fds-configuration.md#substeps_dwc_5l1_cgc","","markdown/service-exchange/import-and-export-fds-configuration.md#substeps_dwc_5l1_cgc","substeps_dwc_5l1_cgc","markdown/service-exchange/import-and-export-fds-configuration.md","Step 1","","","","","4","","before-you-begin","0"
"none","0","missing target anchor","markdown/servicenow-platform/api-insights/api-insights-api-details-page.md","32","api-insights-api-details-page.md#header","","markdown/servicenow-platform/api-insights/api-insights-api-details-page.md#header","header","markdown/servicenow-platform/api-insights/api-insights-api-details-page.md","Header region","","","","","5","","accessing-and-using-the-api-details-page","0"
"none","0","missing target anchor","markdown/servicenow-platform/api-insights/api-insights-api-details-page.md","33","api-insights-api-details-page.md#metadata","","markdown/servicenow-platform/api-insights/api-insights-api-details-page.md#metadata","metadata","markdown/servicenow-platform/api-insights/api-insights-api-details-page.md","Metadata region","","","","","5","","accessing-and-using-the-api-details-page","0"
"none","0","missing target anchor","markdown/servicenow-platform/api-insights/api-insights-api-details-page.md","34","api-insights-api-details-page.md#access","","markdown/servicenow-platform/api-insights/api-insights-api-details-page.md#access","access","markdown/servicenow-platform/api-insights/api-insights-api-details-page.md","Related lists","","","","","5","","accessing-and-using-the-api-details-page","0"
"none","0","missing target anchor","markdown/servicenow-platform/api-insights/api-insights-api-details-page.md","35","api-insights-api-details-page.md#overview","","markdown/servicenow-platform/api-insights/api-insights-api-details-page.md#overview","overview","markdown/servicenow-platform/api-insights/api-insights-api-details-page.md","Overview panel","","","","","5","","accessing-and-using-the-api-details-page","0"
"none","0","missing target anchor","markdown/servicenow-platform/api-insights/api-insights-api-details-page.md","36","api-insights-api-details-page.md#usage","","markdown/servicenow-platform/api-insights/api-insights-api-details-page.md#usage","usage","markdown/servicenow-platform/api-insights/api-insights-api-details-page.md","Usage","","","","","5","","accessing-and-using-the-api-details-page","0"
"none","0","missing target anchor","markdown/servicenow-platform/api-insights/api-insights-api-details-page.md","37","api-insights-api-details-page.md#events","","markdown/servicenow-platform/api-insights/api-insights-api-details-page.md#events","events","markdown/servicenow-platform/api-insights/api-insights-api-details-page.md","Events","","","","","5","","accessing-and-using-the-api-details-page","0"
"none","0","missing target anchor","markdown/servicenow-platform/api-insights/api-insights-api-details-page.md","38","api-insights-api-details-page.md#security","","markdown/servicenow-platform/api-insights/api-insights-api-details-page.md#security","security","markdown/servicenow-platform/api-insights/api-insights-api-details-page.md","Security","","","","","5","","accessing-and-using-the-api-details-page","0"
"none","0","missing target anchor","markdown/servicenow-platform/api-insights/api-insights-api-details-page.md","39","api-insights-api-details-page.md#relationship","","markdown/servicenow-platform/api-insights/api-insights-api-details-page.md#relationship","relationship","markdown/servicenow-platform/api-insights/api-insights-api-details-page.md","Relationship map","","","","","5","","accessing-and-using-the-api-details-page","0"
"none","0","missing target anchor","markdown/servicenow-platform/common-service-data-model-csdm/csdm-datafdn-dash-foundation-tab.md","20","foundation-domain.md#dlentry-product-models","","markdown/servicenow-platform/common-service-data-model-csdm/foundation-domain.md#dlentry-product-models","dlentry-product-models","markdown/servicenow-platform/common-service-data-model-csdm/foundation-domain.md","Products and product models","","","","","9","","foundation-domain-tables-used-during-the-service-life-cycle","0"
"none","0","missing target anchor","markdown/servicenow-platform/common-service-data-model-csdm/csdm-datafdn-dash-foundation-tab.md","41","foundation-domain.md#dlentry-product-models","","markdown/servicenow-platform/common-service-data-model-csdm/foundation-domain.md#dlentry-product-models","dlentry-product-models","markdown/servicenow-platform/common-service-data-model-csdm/foundation-domain.md","Products and product models","","","","","9","","foundation-domain-tables-used-during-the-service-life-cycle","0"
"none","0","missing target anchor","markdown/servicenow-platform/common-service-data-model-csdm/csdm-datafdn-dash-foundation-tab.md","45","csdm-implement-foundation-stage.md#dlentry-location-table","","markdown/servicenow-platform/common-service-data-model-csdm/csdm-implement-foundation-stage.md#dlentry-location-table","dlentry-location-table","markdown/servicenow-platform/common-service-data-model-csdm/csdm-implement-foundation-stage.md","Location [cmn_location] table","","","","","3","","benefits-of-preparing-the-data-in-the-foundation-stage","0"
"none","0","missing target anchor","markdown/servicenow-platform/common-service-data-model-csdm/csdm-foundations-dashboard.md","42","csdm-foundations-dashboard.md#access-pa-widgets","","markdown/servicenow-platform/common-service-data-model-csdm/csdm-foundations-dashboard.md#access-pa-widgets","access-pa-widgets","markdown/servicenow-platform/common-service-data-model-csdm/csdm-foundations-dashboard.md","step 5","","","","","4","","before-you-begin","0"
"none","0","missing target anchor","markdown/servicenow-platform/common-service-data-model-csdm/csdm-lifecycle-product.md","26","foundation-domain.md#dlentry-product-models","","markdown/servicenow-platform/common-service-data-model-csdm/foundation-domain.md#dlentry-product-models","dlentry-product-models","markdown/servicenow-platform/common-service-data-model-csdm/foundation-domain.md","Products and product models","","","","","9","","foundation-domain-tables-used-during-the-service-life-cycle","0"
"low","65","missing target anchor","markdown/servicenow-platform/configuration-management-database-cmdb/api-sgc-azure-mgmt.md","108","api-sgc-azure-mgmt-tables.md#section_lrd_wtj_4bc","api-sgc-azure-mgmt-tables.md#target-tables-for-storing-api-service-graph-connector-for-azure-api-management-data","markdown/servicenow-platform/configuration-management-database-cmdb/api-sgc-azure-mgmt-tables.md#section_lrd_wtj_4bc","section_lrd_wtj_4bc","markdown/servicenow-platform/configuration-management-database-cmdb/api-sgc-azure-mgmt-tables.md","API Frontend","target-tables-for-storing-api-service-graph-connector-for-azure-api-management-data","Target tables for storing API Service Graph Connector for Azure API Management data","h1","14","14","link/candidate token overlap 0.50","azure-api-management-cmdb-ci-azure-api-mgmt","65"
"low","65","missing target anchor","markdown/servicenow-platform/configuration-management-database-cmdb/api-sgc-azure-mgmt.md","120","api-sgc-azure-mgmt-tables.md#section_lrd_wtj_4bc","api-sgc-azure-mgmt-tables.md#target-tables-for-storing-api-service-graph-connector-for-azure-api-management-data","markdown/servicenow-platform/configuration-management-database-cmdb/api-sgc-azure-mgmt-tables.md#section_lrd_wtj_4bc","section_lrd_wtj_4bc","markdown/servicenow-platform/configuration-management-database-cmdb/api-sgc-azure-mgmt-tables.md","API Frontend","target-tables-for-storing-api-service-graph-connector-for-azure-api-management-data","Target tables for storing API Service Graph Connector for Azure API Management data","h1","14","14","link/candidate token overlap 0.50","azure-api-management-cmdb-ci-azure-api-mgmt","65"
"none","0","missing target anchor","markdown/servicenow-platform/configuration-management-database-cmdb/cmdb-coverage-explore.md","65","cmdb-coverage-properties.md#section_d4d_xmw_l3c","","markdown/servicenow-platform/configuration-management-database-cmdb/cmdb-coverage-properties.md#section_d4d_xmw_l3c","section_d4d_xmw_l3c","markdown/servicenow-platform/configuration-management-database-cmdb/cmdb-coverage-properties.md","Custom system property","","","","","3","","default-system-properties","0"
"none","0","missing target anchor","markdown/servicenow-platform/configuration-management-database-cmdb/cmdb-coverage-explore.md","101","cmdb-coverage-scheduled-jobs.md#section_m5f_xtv_l3c","","markdown/servicenow-platform/configuration-management-database-cmdb/cmdb-coverage-scheduled-jobs.md#section_m5f_xtv_l3c","section_m5f_xtv_l3c","markdown/servicenow-platform/configuration-management-database-cmdb/cmdb-coverage-scheduled-jobs.md","Reconcile and correlate IPAM data with discovered CIs","","","","","6","","populatebinarytable","0"
"none","0","missing target anchor","markdown/servicenow-platform/configuration-management-database-cmdb/cmdb-coverage-explore.md","109","cmdb-coverage-scheduled-jobs.md#section_l1x_c5v_l3c","","markdown/servicenow-platform/configuration-management-database-cmdb/cmdb-coverage-scheduled-jobs.md#section_l1x_c5v_l3c","section_l1x_c5v_l3c","markdown/servicenow-platform/configuration-management-database-cmdb/cmdb-coverage-scheduled-jobs.md","Analyze IP address usage per subnet","","","","","6","","populatebinarytable","0"
"none","0","missing target anchor","markdown/servicenow-platform/configuration-management-database-cmdb/cmdb-sa-df-dashboard.md","72","cmdb-sa-df-dashboard.md#section_opb_gpl_k3c","","markdown/servicenow-platform/configuration-management-database-cmdb/cmdb-sa-df-dashboard.md#section_opb_gpl_k3c","section_opb_gpl_k3c","markdown/servicenow-platform/configuration-management-database-cmdb/cmdb-sa-df-dashboard.md","CIs missing key attributes","","","","","9","","access-the-dashboard","0"
"none","0","missing target anchor","markdown/servicenow-platform/configuration-management-database-cmdb/cmdb-sa-df-dashboard.md","134","cmdb-sa-df-indicators.md#df-ci-missing-name","","markdown/servicenow-platform/configuration-management-database-cmdb/cmdb-sa-df-indicators.md#df-ci-missing-name","df-ci-missing-name","markdown/servicenow-platform/configuration-management-database-cmdb/cmdb-sa-df-indicators.md","DF CIs missing name","","","","","2","","cmdb-success-advisor-for-data-foundations-dashboard-indicators","0"
"none","0","missing target anchor","markdown/servicenow-platform/configuration-management-database-cmdb/cmdb-sa-df-dashboard.md","135","cmdb-sa-df-indicators.md#df-ci-missing-managed-group","","markdown/servicenow-platform/configuration-management-database-cmdb/cmdb-sa-df-indicators.md#df-ci-missing-managed-group","df-ci-missing-managed-group","markdown/servicenow-platform/configuration-management-database-cmdb/cmdb-sa-df-indicators.md","DF CIs missing managed by group","","","","","2","","cmdb-success-advisor-for-data-foundations-dashboard-indicators","0"
"none","0","missing target anchor","markdown/servicenow-platform/configuration-management-database-cmdb/cmdb-sa-df-dashboard.md","136","cmdb-sa-df-indicators.md#df-ci-missing-location","","markdown/servicenow-platform/configuration-management-database-cmdb/cmdb-sa-df-indicators.md#df-ci-missing-location","df-ci-missing-location","markdown/servicenow-platform/configuration-management-database-cmdb/cmdb-sa-df-indicators.md","DF CIs missing location","","","","","2","","cmdb-success-advisor-for-data-foundations-dashboard-indicators","0"
"none","0","missing target anchor","markdown/servicenow-platform/configuration-management-database-cmdb/cmdb-sa-df-dashboard.md","164","cmdb-sa-df-indicators.md#df-ci-not-updated-14","","markdown/servicenow-platform/configuration-management-database-cmdb/cmdb-sa-df-indicators.md#df-ci-not-updated-14","df-ci-not-updated-14","markdown/servicenow-platform/configuration-management-database-cmdb/cmdb-sa-df-indicators.md","DF CIs not updated in last 14 days","","","","","2","","cmdb-success-advisor-for-data-foundations-dashboard-indicators","0"
"none","0","missing target anchor","markdown/servicenow-platform/configuration-management-database-cmdb/cmdb-sa-df-dashboard.md","164","cmdb-sa-df-indicators.md#df-ci-not-updated-7","","markdown/servicenow-platform/configuration-management-database-cmdb/cmdb-sa-df-indicators.md#df-ci-not-updated-7","df-ci-not-updated-7","markdown/servicenow-platform/configuration-management-database-cmdb/cmdb-sa-df-indicators.md","DF CIs not updated in last 7 days","","","","","2","","cmdb-success-advisor-for-data-foundations-dashboard-indicators","0"
"none","0","missing target anchor","markdown/servicenow-platform/configuration-management-database-cmdb/cmdb-sa-df-dashboard.md","166","cmdb-sa-df-indicators.md#df-ci-not-updated-30","","markdown/servicenow-platform/configuration-management-database-cmdb/cmdb-sa-df-indicators.md#df-ci-not-updated-30","df-ci-not-updated-30","markdown/servicenow-platform/configuration-management-database-cmdb/cmdb-sa-df-indicators.md","DF CIs not updated in last 30 days","","","","","2","","cmdb-success-advisor-for-data-foundations-dashboard-indicators","0"
"none","0","missing target anchor","markdown/servicenow-platform/configuration-management-database-cmdb/cmdb-sa-df-dashboard.md","168","cmdb-sa-df-indicators.md#df-ci-not-updated-60","","markdown/servicenow-platform/configuration-management-database-cmdb/cmdb-sa-df-indicators.md#df-ci-not-updated-60","df-ci-not-updated-60","markdown/servicenow-platform/configuration-management-database-cmdb/cmdb-sa-df-indicators.md","DF CIs not updated in last 60 days","","","","","2","","cmdb-success-advisor-for-data-foundations-dashboard-indicators","0"
"none","0","missing target anchor","markdown/servicenow-platform/configuration-management-database-cmdb/cmdb-sa-df-dashboard.md","170","cmdb-sa-df-indicators.md#df-ci-not-updated-90","","markdown/servicenow-platform/configuration-management-database-cmdb/cmdb-sa-df-indicators.md#df-ci-not-updated-90","df-ci-not-updated-90","markdown/servicenow-platform/configuration-management-database-cmdb/cmdb-sa-df-indicators.md","DF CIs not updated in last 90 days","","","","","2","","cmdb-success-advisor-for-data-foundations-dashboard-indicators","0"
"none","0","missing target anchor","markdown/servicenow-platform/configuration-management-database-cmdb/cmdb-sa-df-dashboard.md","184","cmdb-sa-df-indicators.md#df-duplicate-cis","","markdown/servicenow-platform/configuration-management-database-cmdb/cmdb-sa-df-indicators.md#df-duplicate-cis","df-duplicate-cis","markdown/servicenow-platform/configuration-management-database-cmdb/cmdb-sa-df-indicators.md","DF duplicate CIs","","","","","2","","cmdb-success-advisor-for-data-foundations-dashboard-indicators","0"
"none","0","missing target anchor","markdown/servicenow-platform/configuration-management-database-cmdb/cmdb-sa-ham-dashboard.md","74","cmdb-sa-ham-dashboard.md#section_tgc_yz3_fgc","","markdown/servicenow-platform/configuration-management-database-cmdb/cmdb-sa-ham-dashboard.md#section_tgc_yz3_fgc","section_tgc_yz3_fgc","markdown/servicenow-platform/configuration-management-database-cmdb/cmdb-sa-ham-dashboard.md","CIs missing model data and other key attributes","","","","","10","","access-the-dashboard","0"
"low","65","missing target anchor","markdown/servicenow-platform/configuration-management-database-cmdb/cmdb-sa-ham-dashboard.md","76","cmdb-sa-ham-dashboard.md#section_hmb_vmj_fgc","cmdb-sa-ham-dashboard.md#ci-data-quality-issues","markdown/servicenow-platform/configuration-management-database-cmdb/cmdb-sa-ham-dashboard.md#section_hmb_vmj_fgc","section_hmb_vmj_fgc","markdown/servicenow-platform/configuration-management-database-cmdb/cmdb-sa-ham-dashboard.md","CI and asset-related issues","ci-data-quality-issues","CI data quality issues","h2","149","10","link/candidate token overlap 0.50","monitoring-cmdb-data-quality-using-dashboard-metrics-in-cmdb-success-advisor-for-ham","0"
"none","0","missing target anchor","markdown/servicenow-platform/configuration-management-database-cmdb/cmdb-sa-ham-dashboard.md","137","cmdb-sa-ham-dashboard-indicators.md#ci-missing-model-name","","markdown/servicenow-platform/configuration-management-database-cmdb/cmdb-sa-ham-dashboard-indicators.md#ci-missing-model-name","ci-missing-model-name","markdown/servicenow-platform/configuration-management-database-cmdb/cmdb-sa-ham-dashboard-indicators.md","CIs missing model name","","","","","2","","cmdb-success-advisor-for-ham-dashboard-indicators","0"
"none","0","missing target anchor","markdown/servicenow-platform/configuration-management-database-cmdb/cmdb-sa-ham-dashboard.md","138","cmdb-sa-ham-dashboard-indicators.md#ci-missing-model-number","","markdown/servicenow-platform/configuration-management-database-cmdb/cmdb-sa-ham-dashboard-indicators.md#ci-missing-model-number","ci-missing-model-number","markdown/servicenow-platform/configuration-management-database-cmdb/cmdb-sa-ham-dashboard-indicators.md","CIs missing model number","","","","","2","","cmdb-success-advisor-for-ham-dashboard-indicators","0"
"none","0","missing target anchor","markdown/servicenow-platform/configuration-management-database-cmdb/cmdb-sa-ham-dashboard.md","139","cmdb-sa-ham-dashboard-indicators.md#ci-missing-manufacturer","","markdown/servicenow-platform/configuration-management-database-cmdb/cmdb-sa-ham-dashboard-indicators.md#ci-missing-manufacturer","ci-missing-manufacturer","markdown/servicenow-platform/configuration-management-database-cmdb/cmdb-sa-ham-dashboard-indicators.md","CIs missing manufacturer","","","","","2","","cmdb-success-advisor-for-ham-dashboard-indicators","0"
"none","0","missing target anchor","markdown/servicenow-platform/configuration-management-database-cmdb/cmdb-sa-ham-dashboard.md","140","cmdb-sa-ham-dashboard-indicators.md#ci-missing-model-id","","markdown/servicenow-platform/configuration-management-database-cmdb/cmdb-sa-ham-dashboard-indicators.md#ci-missing-model-id","ci-missing-model-id","markdown/servicenow-platform/configuration-management-database-cmdb/cmdb-sa-ham-dashboard-indicators.md","CIs missing model ID","","","","","2","","cmdb-success-advisor-for-ham-dashboard-indicators","0"
"none","0","missing target anchor","markdown/servicenow-platform/configuration-management-database-cmdb/cmdb-sa-ham-dashboard.md","141","cmdb-sa-ham-dashboard-indicators.md#ci-missing-assigned-to","","markdown/servicenow-platform/configuration-management-database-cmdb/cmdb-sa-ham-dashboard-indicators.md#ci-missing-assigned-to","ci-missing-assigned-to","markdown/servicenow-platform/configuration-management-database-cmdb/cmdb-sa-ham-dashboard-indicators.md","CIs missing assigned to","","","","","2","","cmdb-success-advisor-for-ham-dashboard-indicators","0"
"none","0","missing target anchor","markdown/servicenow-platform/configuration-management-database-cmdb/cmdb-sa-ham-dashboard.md","142","cmdb-sa-ham-dashboard-indicators.md#ci-missing-location","","markdown/servicenow-platform/configuration-management-database-cmdb/cmdb-sa-ham-dashboard-indicators.md#ci-missing-location","ci-missing-location","markdown/servicenow-platform/configuration-management-database-cmdb/cmdb-sa-ham-dashboard-indicators.md","CIs missing location","","","","","2","","cmdb-success-advisor-for-ham-dashboard-indicators","0"
"none","0","missing target anchor","markdown/servicenow-platform/configuration-management-database-cmdb/cmdb-sa-ham-dashboard.md","143","cmdb-sa-ham-dashboard-indicators.md#ci-missing-owner","","markdown/servicenow-platform/configuration-management-database-cmdb/cmdb-sa-ham-dashboard-indicators.md#ci-missing-owner","ci-missing-owner","markdown/servicenow-platform/configuration-management-database-cmdb/cmdb-sa-ham-dashboard-indicators.md","CIs missing owner","","","","","2","","cmdb-success-advisor-for-ham-dashboard-indicators","0"
"none","0","missing target anchor","markdown/servicenow-platform/configuration-management-database-cmdb/cmdb-sa-ham-dashboard.md","144","cmdb-sa-ham-dashboard-indicators.md#ci-missing-managed-by-grp","","markdown/servicenow-platform/configuration-management-database-cmdb/cmdb-sa-ham-dashboard-indicators.md#ci-missing-managed-by-grp","ci-missing-managed-by-grp","markdown/servicenow-platform/configuration-management-database-cmdb/cmdb-sa-ham-dashboard-indicators.md","CIs missing managed by group","","","","","2","","cmdb-success-advisor-for-ham-dashboard-indicators","0"
"none","0","missing target anchor","markdown/servicenow-platform/configuration-management-database-cmdb/cmdb-sa-ham-dashboard.md","145","cmdb-sa-ham-dashboard-indicators.md#ci-missing-serial-number","","markdown/servicenow-platform/configuration-management-database-cmdb/cmdb-sa-ham-dashboard-indicators.md#ci-missing-serial-number","ci-missing-serial-number","markdown/servicenow-platform/configuration-management-database-cmdb/cmdb-sa-ham-dashboard-indicators.md","CIs missing serial number","","","","","2","","cmdb-success-advisor-for-ham-dashboard-indicators","0"
"none","0","missing target anchor","markdown/servicenow-platform/configuration-management-database-cmdb/cmdb-sa-ham-dashboard.md","175","cmdb-sa-ham-dashboard-indicators.md#ci-not-updated-14","","markdown/servicenow-platform/configuration-management-database-cmdb/cmdb-sa-ham-dashboard-indicators.md#ci-not-updated-14","ci-not-updated-14","markdown/servicenow-platform/configuration-management-database-cmdb/cmdb-sa-ham-dashboard-indicators.md","CIs not updated in last 14 days","","","","","2","","cmdb-success-advisor-for-ham-dashboard-indicators","0"
"none","0","missing target anchor","markdown/servicenow-platform/configuration-management-database-cmdb/cmdb-sa-ham-dashboard.md","175","cmdb-sa-ham-dashboard-indicators.md#ci-not-updated-7","","markdown/servicenow-platform/configuration-management-database-cmdb/cmdb-sa-ham-dashboard-indicators.md#ci-not-updated-7","ci-not-updated-7","markdown/servicenow-platform/configuration-management-database-cmdb/cmdb-sa-ham-dashboard-indicators.md","CIs not updated in last 7 days","","","","","2","","cmdb-success-advisor-for-ham-dashboard-indicators","0"
"none","0","missing target anchor","markdown/servicenow-platform/configuration-management-database-cmdb/cmdb-sa-ham-dashboard.md","177","cmdb-sa-ham-dashboard-indicators.md#ci-not-updated-30","","markdown/servicenow-platform/configuration-management-database-cmdb/cmdb-sa-ham-dashboard-indicators.md#ci-not-updated-30","ci-not-updated-30","markdown/servicenow-platform/configuration-management-database-cmdb/cmdb-sa-ham-dashboard-indicators.md","CIs not updated in last 30 days","","","","","2","","cmdb-success-advisor-for-ham-dashboard-indicators","0"
"none","0","missing target anchor","markdown/servicenow-platform/configuration-management-database-cmdb/cmdb-sa-ham-dashboard.md","179","cmdb-sa-ham-dashboard-indicators.md#ci-not-updated-60","","markdown/servicenow-platform/configuration-management-database-cmdb/cmdb-sa-ham-dashboard-indicators.md#ci-not-updated-60","ci-not-updated-60","markdown/servicenow-platform/configuration-management-database-cmdb/cmdb-sa-ham-dashboard-indicators.md","CIs not updated in last 60 days","","","","","2","","cmdb-success-advisor-for-ham-dashboard-indicators","0"
"none","0","missing target anchor","markdown/servicenow-platform/configuration-management-database-cmdb/cmdb-sa-ham-dashboard.md","181","cmdb-sa-ham-dashboard-indicators.md#ci-not-updated-90","","markdown/servicenow-platform/configuration-management-database-cmdb/cmdb-sa-ham-dashboard-indicators.md#ci-not-updated-90","ci-not-updated-90","markdown/servicenow-platform/configuration-management-database-cmdb/cmdb-sa-ham-dashboard-indicators.md","CIs not updated in last 90 days","","","","","2","","cmdb-success-advisor-for-ham-dashboard-indicators","0"
"none","0","missing target anchor","markdown/servicenow-platform/configuration-management-database-cmdb/cmdb-sa-ham-dashboard.md","195","cmdb-sa-ham-dashboard-indicators.md#hw-ci-group-by","","markdown/servicenow-platform/configuration-management-database-cmdb/cmdb-sa-ham-dashboard-indicators.md#hw-ci-group-by","hw-ci-group-by","markdown/servicenow-platform/configuration-management-database-cmdb/cmdb-sa-ham-dashboard-indicators.md","Hardware CIs group by","","","","","2","","cmdb-success-advisor-for-ham-dashboard-indicators","0"
"none","0","missing target anchor","markdown/servicenow-platform/configuration-management-database-cmdb/cmdb-sa-ham-dashboard.md","224","cmdb-sa-ham-dashboard-indicators.md#ci-missing-asset","","markdown/servicenow-platform/configuration-management-database-cmdb/cmdb-sa-ham-dashboard-indicators.md#ci-missing-asset","ci-missing-asset","markdown/servicenow-platform/configuration-management-database-cmdb/cmdb-sa-ham-dashboard-indicators.md","CIs missing asset","","","","","2","","cmdb-success-advisor-for-ham-dashboard-indicators","0"
"none","0","missing target anchor","markdown/servicenow-platform/configuration-management-database-cmdb/cmdb-sa-ham-dashboard.md","236","cmdb-sa-ham-dashboard-indicators.md#asset-created-virtual-ci","","markdown/servicenow-platform/configuration-management-database-cmdb/cmdb-sa-ham-dashboard-indicators.md#asset-created-virtual-ci","asset-created-virtual-ci","markdown/servicenow-platform/configuration-management-database-cmdb/cmdb-sa-ham-dashboard-indicators.md","Assets created for virtual CIs","","","","","2","","cmdb-success-advisor-for-ham-dashboard-indicators","0"
"none","0","missing target anchor","markdown/servicenow-platform/configuration-management-database-cmdb/cmdb-sa-ham-dashboard.md","248","cmdb-sa-ham-dashboard-indicators.md#assets-missing","","markdown/servicenow-platform/configuration-management-database-cmdb/cmdb-sa-ham-dashboard-indicators.md#assets-missing","assets-missing","markdown/servicenow-platform/configuration-management-database-cmdb/cmdb-sa-ham-dashboard-indicators.md","Assets missing CI","","","","","2","","cmdb-success-advisor-for-ham-dashboard-indicators","0"
"none","0","missing target anchor","markdown/servicenow-platform/configuration-management-database-cmdb/cmdb-sa-ham-dashboard.md","260","cmdb-sa-ham-dashboard-indicators.md#ci-install-status-asset-state-matched","","markdown/servicenow-platform/configuration-management-database-cmdb/cmdb-sa-ham-dashboard-indicators.md#ci-install-status-asset-state-matched","ci-install-status-asset-state-matched","markdown/servicenow-platform/configuration-management-database-cmdb/cmdb-sa-ham-dashboard-indicators.md","CI install status vs. asset state matched","","","","","2","","cmdb-success-advisor-for-ham-dashboard-indicators","0"
"none","0","missing target anchor","markdown/servicenow-platform/configuration-management-database-cmdb/cmdb-sa-ham-dashboard.md","260","cmdb-sa-ham-dashboard-indicators.md#ci-install-status-asset-state-mismatched","","markdown/servicenow-platform/configuration-management-database-cmdb/cmdb-sa-ham-dashboard-indicators.md#ci-install-status-asset-state-mismatched","ci-install-status-asset-state-mismatched","markdown/servicenow-platform/configuration-management-database-cmdb/cmdb-sa-ham-dashboard-indicators.md","CI install status vs. asset state mismatched","","","","","2","","cmdb-success-advisor-for-ham-dashboard-indicators","0"
"none","0","missing target anchor","markdown/servicenow-platform/configuration-management-database-cmdb/cmdb360-exp-cmdb-workspace.md","40","workspc-mltsrc-configure.md#substeps_my2_p3z_dvb","","markdown/servicenow-platform/configuration-management-database-cmdb/workspc-mltsrc-configure.md#substeps_my2_p3z_dvb","substeps_my2_p3z_dvb","markdown/servicenow-platform/configuration-management-database-cmdb/workspc-mltsrc-configure.md","Number of days since CIs were last discovered by a discovery source","","","","","6","","about-this-task","0"
"none","0","missing target anchor","markdown/servicenow-platform/configuration-management-database-cmdb/cmdb360-exp-cmdb-workspace.md","55","workspc-mltsrc-configure.md#substeps_my2_p3z_dvb","","markdown/servicenow-platform/configuration-management-database-cmdb/workspc-mltsrc-configure.md#substeps_my2_p3z_dvb","substeps_my2_p3z_dvb","markdown/servicenow-platform/configuration-management-database-cmdb/workspc-mltsrc-configure.md","Data mismatch","","","","","6","","about-this-task","0"
"none","0","missing target anchor","markdown/servicenow-platform/configuration-management-database-cmdb/sg-workspace-ingestion-view.md","31","sg-workspace-ingestion-view.md#section_lrx_f51_cjc","","markdown/servicenow-platform/configuration-management-database-cmdb/sg-workspace-ingestion-view.md#section_lrx_f51_cjc","section_lrx_f51_cjc","markdown/servicenow-platform/configuration-management-database-cmdb/sg-workspace-ingestion-view.md","Ingested and processed data","","","","","10","","access","0"
"none","0","missing target anchor","markdown/servicenow-platform/configuration-management-database-cmdb/sg-workspace-ingestion-view.md","32","sg-workspace-ingestion-view.md#section_gps_l51_cjc","","markdown/servicenow-platform/configuration-management-database-cmdb/sg-workspace-ingestion-view.md#section_gps_l51_cjc","section_gps_l51_cjc","markdown/servicenow-platform/configuration-management-database-cmdb/sg-workspace-ingestion-view.md","Data processing performance","","","","","10","","access","0"
"none","0","missing target anchor","markdown/servicenow-platform/configuration-management-database-cmdb/sg-workspace-ingestion-view.md","33","sg-workspace-ingestion-view.md#section_w2h_n51_cjc","","markdown/servicenow-platform/configuration-management-database-cmdb/sg-workspace-ingestion-view.md#section_w2h_n51_cjc","section_w2h_n51_cjc","markdown/servicenow-platform/configuration-management-database-cmdb/sg-workspace-ingestion-view.md","Filters","","","","","10","","access","0"
"none","0","missing target anchor","markdown/servicenow-platform/configuration-management-database-cmdb/sg-workspace-ingestion-view.md","199","sg-workspace-ingestion-view.md#section_w2h_n51_cjc","","markdown/servicenow-platform/configuration-management-database-cmdb/sg-workspace-ingestion-view.md#section_w2h_n51_cjc","section_w2h_n51_cjc","markdown/servicenow-platform/configuration-management-database-cmdb/sg-workspace-ingestion-view.md","selected filters","","","","","10","","access","0"
"none","0","missing target anchor","markdown/servicenow-platform/configuration-management-database-cmdb/sg-workspace-ingestion-view.md","203","sg-workspace-ingestion-view.md#importset","","markdown/servicenow-platform/configuration-management-database-cmdb/sg-workspace-ingestion-view.md#importset","importset","markdown/servicenow-platform/configuration-management-database-cmdb/sg-workspace-ingestion-view.md","SGC.Integrations.ImportSet","","","","","10","","access","0"
"none","0","missing target anchor","markdown/servicenow-platform/configuration-management-database-cmdb/sg-workspace-ingestion-view.md","205","sg-workspace-ingestion-view.md#succ-import-set","","markdown/servicenow-platform/configuration-management-database-cmdb/sg-workspace-ingestion-view.md#succ-import-set","succ-import-set","markdown/servicenow-platform/configuration-management-database-cmdb/sg-workspace-ingestion-view.md","SGC.Fully.successful.ImportSet","","","","","10","","access","0"
"none","0","missing target anchor","markdown/servicenow-platform/configuration-management-database-cmdb/sg-workspace-ingestion-view.md","207","sg-workspace-ingestion-view.md#part-succ-import-set","","markdown/servicenow-platform/configuration-management-database-cmdb/sg-workspace-ingestion-view.md#part-succ-import-set","part-succ-import-set","markdown/servicenow-platform/configuration-management-database-cmdb/sg-workspace-ingestion-view.md","SGC.Part.success.ImportSet","","","","","10","","access","0"
"none","0","missing target anchor","markdown/servicenow-platform/configuration-management-database-cmdb/sg-workspace-ingestion-view.md","209","sg-workspace-ingestion-view.md#error-import-set","","markdown/servicenow-platform/configuration-management-database-cmdb/sg-workspace-ingestion-view.md#error-import-set","error-import-set","markdown/servicenow-platform/configuration-management-database-cmdb/sg-workspace-ingestion-view.md","SGC.Fully.error.ImportSet","","","","","10","","access","0"
"none","0","missing target anchor","markdown/servicenow-platform/configuration-management-database-cmdb/sg-workspace-ingestion-view.md","217","sg-workspace-ingestion-view.md#section_w2h_n51_cjc","","markdown/servicenow-platform/configuration-management-database-cmdb/sg-workspace-ingestion-view.md#section_w2h_n51_cjc","section_w2h_n51_cjc","markdown/servicenow-platform/configuration-management-database-cmdb/sg-workspace-ingestion-view.md","selected filters","","","","","10","","access","0"
"none","0","missing target anchor","markdown/servicenow-platform/configuration-management-database-cmdb/sg-workspace-ingestion-view.md","221","sg-workspace-ingestion-view.md#import-set-rows","","markdown/servicenow-platform/configuration-management-database-cmdb/sg-workspace-ingestion-view.md#import-set-rows","import-set-rows","markdown/servicenow-platform/configuration-management-database-cmdb/sg-workspace-ingestion-view.md","SGC.Integrations.Importset.rows.ingested","","","","","10","","access","0"
"none","0","missing target anchor","markdown/servicenow-platform/configuration-management-database-cmdb/sg-workspace-ingestion-view.md","229","sg-workspace-ingestion-view.md#section_w2h_n51_cjc","","markdown/servicenow-platform/configuration-management-database-cmdb/sg-workspace-ingestion-view.md#section_w2h_n51_cjc","section_w2h_n51_cjc","markdown/servicenow-platform/configuration-management-database-cmdb/sg-workspace-ingestion-view.md","selected filters","","","","","10","","access","0"
"none","0","missing target anchor","markdown/servicenow-platform/configuration-management-database-cmdb/sg-workspace-ingestion-view.md","241","sg-workspace-ingestion-view.md#section_w2h_n51_cjc","","markdown/servicenow-platform/configuration-management-database-cmdb/sg-workspace-ingestion-view.md#section_w2h_n51_cjc","section_w2h_n51_cjc","markdown/servicenow-platform/configuration-management-database-cmdb/sg-workspace-ingestion-view.md","selected filters","","","","","10","","access","0"
"none","0","missing target anchor","markdown/servicenow-platform/configuration-management-database-cmdb/sg-workspace-ingestion-view.md","270","sg-workspace-ingestion-view.md#section_w2h_n51_cjc","","markdown/servicenow-platform/configuration-management-database-cmdb/sg-workspace-ingestion-view.md#section_w2h_n51_cjc","section_w2h_n51_cjc","markdown/servicenow-platform/configuration-management-database-cmdb/sg-workspace-ingestion-view.md","selected filters","","","","","10","","access","0"
"none","0","missing target anchor","markdown/servicenow-platform/configuration-management-database-cmdb/sg-workspace-ingestion-view.md","274","sg-workspace-ingestion-view.md#records-added","","markdown/servicenow-platform/configuration-management-database-cmdb/sg-workspace-ingestion-view.md#records-added","records-added","markdown/servicenow-platform/configuration-management-database-cmdb/sg-workspace-ingestion-view.md","Records added","","","","","10","","access","0"
"none","0","missing target anchor","markdown/servicenow-platform/configuration-management-database-cmdb/sg-workspace-ingestion-view.md","276","sg-workspace-ingestion-view.md#records-updated","","markdown/servicenow-platform/configuration-management-database-cmdb/sg-workspace-ingestion-view.md#records-updated","records-updated","markdown/servicenow-platform/configuration-management-database-cmdb/sg-workspace-ingestion-view.md","Records updated","","","","","10","","access","0"
"none","0","missing target anchor","markdown/servicenow-platform/configuration-management-database-cmdb/sg-workspace-ingestion-view.md","278","sg-workspace-ingestion-view.md#errors","","markdown/servicenow-platform/configuration-management-database-cmdb/sg-workspace-ingestion-view.md#errors","errors","markdown/servicenow-platform/configuration-management-database-cmdb/sg-workspace-ingestion-view.md","Errors","","","","","10","","access","0"
"none","0","missing target anchor","markdown/servicenow-platform/configuration-management-database-cmdb/sgcc-configure-apigee-x.md","76","sgcc-configure-apigee-x.md#keystorepwd","","markdown/servicenow-platform/configuration-management-database-cmdb/sgcc-configure-apigee-x.md#keystorepwd","keystorepwd","markdown/servicenow-platform/configuration-management-database-cmdb/sgcc-configure-apigee-x.md","previous step","","","","","6","","before-you-begin","0"
"none","0","missing target anchor","markdown/servicenow-platform/configuration-management-database-cmdb/sgcc-configure-apigee-x.md","80","sgcc-configure-apigee-x.md#create-p12","","markdown/servicenow-platform/configuration-management-database-cmdb/sgcc-configure-apigee-x.md#create-p12","create-p12","markdown/servicenow-platform/configuration-management-database-cmdb/sgcc-configure-apigee-x.md","previous step","","","","","6","","before-you-begin","0"
"none","0","missing target anchor","markdown/servicenow-platform/configuration-management-database-cmdb/sgcc-configure-apigee-x.md","92","sgcc-configure-apigee-x.md#create-p12","","markdown/servicenow-platform/configuration-management-database-cmdb/sgcc-configure-apigee-x.md#create-p12","create-p12","markdown/servicenow-platform/configuration-management-database-cmdb/sgcc-configure-apigee-x.md","previous step","","","","","6","","before-you-begin","0"
"none","0","missing target anchor","markdown/servicenow-platform/configuration-management-database-cmdb/sgcc-configure-apigee-x.md","93","sgcc-configure-apigee-x.md#create-p12","","markdown/servicenow-platform/configuration-management-database-cmdb/sgcc-configure-apigee-x.md#create-p12","create-p12","markdown/servicenow-platform/configuration-management-database-cmdb/sgcc-configure-apigee-x.md","previous step","","","","","6","","before-you-begin","0"
"none","0","missing target anchor","markdown/servicenow-platform/configuration-management-database-cmdb/sgcc-configure-apigee-x.md","94","sgcc-configure-apigee-x.md#keystorepwd","","markdown/servicenow-platform/configuration-management-database-cmdb/sgcc-configure-apigee-x.md#keystorepwd","keystorepwd","markdown/servicenow-platform/configuration-management-database-cmdb/sgcc-configure-apigee-x.md","previous step","","","","","6","","before-you-begin","0"
"none","0","missing target anchor","markdown/servicenow-platform/configuration-management-database-cmdb/sgcc-configure-aws-api-gateway.md","126","sgcc-configure-aws-api-gateway.md#exist-props","","markdown/servicenow-platform/configuration-management-database-cmdb/sgcc-configure-aws-api-gateway.md#exist-props","exist-props","markdown/servicenow-platform/configuration-management-database-cmdb/sgcc-configure-aws-api-gateway.md","7.b","","","","","6","","before-you-begin","0"
"none","0","missing target anchor","markdown/servicenow-platform/configuration-management-database-cmdb/sgcc-configure-kong-gateway.md","138","sgcc-configure-kong-gateway.md#prometheus-connection","","markdown/servicenow-platform/configuration-management-database-cmdb/sgcc-configure-kong-gateway.md#prometheus-connection","prometheus-connection","markdown/servicenow-platform/configuration-management-database-cmdb/sgcc-configure-kong-gateway.md","9","","","","","5","","before-you-begin","0"
"none","0","missing target anchor","markdown/servicenow-platform/configuration-management-database-cmdb/sgcc-configure-kong-gateway.md","138","sgcc-configure-kong-gateway.md#prometheus-connection","","markdown/servicenow-platform/configuration-management-database-cmdb/sgcc-configure-kong-gateway.md#prometheus-connection","prometheus-connection","markdown/servicenow-platform/configuration-management-database-cmdb/sgcc-configure-kong-gateway.md","9","","","","","5","","before-you-begin","0"
"low","65","missing target anchor","markdown/servicenow-platform/document-management-services/view-attachment-doc-viewer.md","26","Documentviewer.md#ul_jvx_dzy_whb","Documentviewer.md#document-viewer","markdown/servicenow-platform/document-management-services/Documentviewer.md#ul_jvx_dzy_whb","ul_jvx_dzy_whb","markdown/servicenow-platform/document-management-services/Documentviewer.md","document types","document-viewer","Document Viewer","h1","14","1","link/candidate token overlap 0.50","",""
"none","0","missing target anchor","markdown/servicenow-platform/mid-server/mid-server-parameters.md","109","ecc-queue-mid-server.md#section_b5j_ysv_s1b","","markdown/servicenow-platform/mid-server/ecc-queue-mid-server.md#section_b5j_ysv_s1b","section_b5j_ysv_s1b","markdown/servicenow-platform/mid-server/ecc-queue-mid-server.md","Asynchronous Message Bus","","","","","8","","table_sf2_dsf_khb","0"
"none","0","missing target anchor","markdown/servicenow-platform/mid-server/mid-server-parameters.md","141","ecc-queue-mid-server.md#section_b5j_ysv_s1b","","markdown/servicenow-platform/mid-server/ecc-queue-mid-server.md#section_b5j_ysv_s1b","section_b5j_ysv_s1b","markdown/servicenow-platform/mid-server/ecc-queue-mid-server.md","Asynchronous Message Bus","","","","","8","","table_sf2_dsf_khb","0"
"none","0","missing target anchor","markdown/servicenow-platform/password-reset/t_CreateAPasswordResetProcess.md","81","configure-password-reset-form.md#table_alq_tgk_xvb","","markdown/servicenow-platform/password-reset/configure-password-reset-form.md#table_alq_tgk_xvb","table_alq_tgk_xvb","markdown/servicenow-platform/password-reset/configure-password-reset-form.md","Description of the fields on the **Advanced** tab","","","","","4","","table_yrq_b1k_zzb","0"
"none","0","missing target anchor","markdown/servicenow-platform/service-catalog/c_DefineVariableSetLayout.md","22","r_VariableTypes.md#sect_MultipleChoice","","markdown/servicenow-platform/service-catalog/r_VariableTypes.md#sect_MultipleChoice","sect_MultipleChoice","markdown/servicenow-platform/service-catalog/r_VariableTypes.md","multiple choice","","","","","2","","support-in-various-channels","0"
"low","65","missing target anchor","markdown/servicenow-platform/service-catalog/c_DefineVariableSetLayout.md","46","r_VariableTypes.md#sect_Container","r_VariableTypes.md#types-of-service-catalog-variables","markdown/servicenow-platform/service-catalog/r_VariableTypes.md#sect_Container","sect_Container","markdown/servicenow-platform/service-catalog/r_VariableTypes.md","container variables","types-of-service-catalog-variables","Types of service catalog variables","h1","14","2","link/candidate token overlap 0.50","support-in-various-channels","0"
"low","67","missing target anchor","markdown/servicenow-platform/service-catalog/catalog-items-wishlist.md","36","service-catalog-screens.md#fig_jzm_byk_vw","service-catalog-screens.md#configure-the-wish-list-screen","markdown/servicenow-platform/service-catalog/service-catalog-screens.md#fig_jzm_byk_vw","fig_jzm_byk_vw","markdown/servicenow-platform/service-catalog/service-catalog-screens.md","wish list cart","configure-the-wish-list-screen","Configure the wish list screen","h2","20","17","link/candidate token overlap 0.67","configure-service-catalog-preview-screens","0"
"none","0","missing target anchor","markdown/servicenow-platform/service-catalog/explore-now-assist-for-catalog-generate.md","58","catalog-builder.md#section_n4v_4ct_h4b","","markdown/servicenow-platform/service-catalog/catalog-builder.md#section_n4v_4ct_h4b","section_n4v_4ct_h4b","markdown/servicenow-platform/service-catalog/catalog-builder.md","Limitations","","","","","4","","how-does-the-catalog-builder-work","0"
"low","65","missing target anchor","markdown/servicenow-platform/service-graph-connectors/cmdb-data-mapping-aws.md","798","cmdb-aws-classes.md#section_bfg_zlg_fxb","cmdb-aws-classes.md#software-cmdb-ci-spkg","markdown/servicenow-platform/service-graph-connectors/cmdb-aws-classes.md#section_bfg_zlg_fxb","section_bfg_zlg_fxb","markdown/servicenow-platform/service-graph-connectors/cmdb-aws-classes.md","Software Packages","software-cmdb-ci-spkg","Software [cmdb_ci_spkg]","h2","998","49","link/candidate token overlap 0.50","software-installation-cmdb-sam-sw-install","65"
"none","0","missing target anchor","markdown/servicenow-platform/service-graph-connectors/cmdb-integration-intune.md","146","cmdb-intune-classes.md#section_abw_2dv_lbc","","markdown/servicenow-platform/service-graph-connectors/cmdb-intune-classes.md#section_abw_2dv_lbc","section_abw_2dv_lbc","markdown/servicenow-platform/service-graph-connectors/cmdb-intune-classes.md","Network Adapter","","","","","11","","computer-cmdb-ci-computer","0"
"none","0","missing target anchor","markdown/servicenow-platform/service-graph-connectors/cmdb-integration-intune.md","202","cmdb-intune-classes.md#section_abw_2dv_lbc","","markdown/servicenow-platform/service-graph-connectors/cmdb-intune-classes.md#section_abw_2dv_lbc","section_abw_2dv_lbc","markdown/servicenow-platform/service-graph-connectors/cmdb-intune-classes.md","Network adapter","","","","","11","","computer-cmdb-ci-computer","0"
"low","67","missing target anchor","markdown/servicenow-platform/service-graph-connectors/cmdb-sgc-azure-props.md","51","cmdb-sgc-azure-props.md#section_rrf_frg_23c","cmdb-sgc-azure-props.md#default-system-properties","markdown/servicenow-platform/service-graph-connectors/cmdb-sgc-azure-props.md#section_rrf_frg_23c","section_rrf_frg_23c","markdown/servicenow-platform/service-graph-connectors/cmdb-sgc-azure-props.md","Custom system properties","default-system-properties","Default system properties","h2","139","6","link/candidate token overlap 0.67","connection-properties","65"
"none","0","missing target anchor","markdown/servicenow-platform/service-graph-connectors/configure-aws-integration.md","427","configure-aws-integration.md#aws-cred-0","","markdown/servicenow-platform/service-graph-connectors/configure-aws-integration.md#aws-cred-0","aws-cred-0","markdown/servicenow-platform/service-graph-connectors/configure-aws-integration.md","4.a","","","","","6","","before-you-begin","0"
"none","0","missing target anchor","markdown/servicenow-platform/service-graph-connectors/configure-aws-integration.md","432","configure-aws-integration.md#ec2","","markdown/servicenow-platform/service-graph-connectors/configure-aws-integration.md#ec2","ec2","markdown/servicenow-platform/service-graph-connectors/configure-aws-integration.md","5.b","","","","","6","","before-you-begin","0"
"none","0","missing target anchor","markdown/servicenow-platform/service-graph-connectors/configure-aws-integration.md","432","configure-aws-integration.md#ec2-end","","markdown/servicenow-platform/service-graph-connectors/configure-aws-integration.md#ec2-end","ec2-end","markdown/servicenow-platform/service-graph-connectors/configure-aws-integration.md","5.d","","","","","6","","before-you-begin","0"
"none","0","missing target anchor","markdown/servicenow-platform/service-graph-connectors/configure-aws-integration.md","484","configure-aws-integration.md#exe-job","","markdown/servicenow-platform/service-graph-connectors/configure-aws-integration.md#exe-job","exe-job","markdown/servicenow-platform/service-graph-connectors/configure-aws-integration.md","7.e","","","","","6","","before-you-begin","0"
"none","0","missing target anchor","markdown/servicenow-platform/service-graph-connectors/configure-aws-integration.md","484","configure-aws-integration.md#select-job","","markdown/servicenow-platform/service-graph-connectors/configure-aws-integration.md#select-job","select-job","markdown/servicenow-platform/service-graph-connectors/configure-aws-integration.md","7.c","","","","","6","","before-you-begin","0"
"none","0","missing target anchor","markdown/servicenow-platform/service-graph-connectors/configure-aws-integration.md","549","configure-aws-integration.md#aws-prop","","markdown/servicenow-platform/service-graph-connectors/configure-aws-integration.md#aws-prop","aws-prop","markdown/servicenow-platform/service-graph-connectors/configure-aws-integration.md","4.c","","","","","6","","before-you-begin","0"
"none","0","missing target anchor","markdown/servicenow-platform/service-graph-connectors/configure-aws-integration.md","555","configure-aws-integration.md#step-eks","","markdown/servicenow-platform/service-graph-connectors/configure-aws-integration.md#step-eks","step-eks","markdown/servicenow-platform/service-graph-connectors/configure-aws-integration.md","5","","","","","6","","before-you-begin","0"
"none","0","missing target anchor","markdown/servicenow-platform/service-graph-connectors/configure-aws-integration.md","566","configure-aws-integration.md#new-import-1","","markdown/servicenow-platform/service-graph-connectors/configure-aws-integration.md#new-import-1","new-import-1","markdown/servicenow-platform/service-graph-connectors/configure-aws-integration.md","8.i.iii","","","","","6","","before-you-begin","0"
"none","0","missing target anchor","markdown/servicenow-platform/service-graph-connectors/configure-aws-integration.md","566","configure-aws-integration.md#new-import-2","","markdown/servicenow-platform/service-graph-connectors/configure-aws-integration.md#new-import-2","new-import-2","markdown/servicenow-platform/service-graph-connectors/configure-aws-integration.md","8.i.v","","","","","6","","before-you-begin","0"
"none","0","missing target anchor","markdown/servicenow-platform/service-graph-connectors/configure-azure-integration.md","63","configure-azure-integration.md#app","","markdown/servicenow-platform/service-graph-connectors/configure-azure-integration.md#app","app","markdown/servicenow-platform/service-graph-connectors/configure-azure-integration.md","3.b.v","","","","","7","","before-you-begin","0"
"none","0","missing target anchor","markdown/servicenow-platform/service-graph-connectors/configure-azure-integration.md","63","configure-azure-integration.md#global","","markdown/servicenow-platform/service-graph-connectors/configure-azure-integration.md#global","global","markdown/servicenow-platform/service-graph-connectors/configure-azure-integration.md","3.b.ii","","","","","7","","before-you-begin","0"
"none","0","missing target anchor","markdown/servicenow-platform/service-graph-connectors/configure-azure-integration.md","149","configure-azure-integration.md#azure-oauth-details","","markdown/servicenow-platform/service-graph-connectors/configure-azure-integration.md#azure-oauth-details","azure-oauth-details","markdown/servicenow-platform/service-graph-connectors/configure-azure-integration.md","4.a","","","","","7","","before-you-begin","0"
"none","0","missing target anchor","markdown/servicenow-platform/service-graph-connectors/configure-azure-integration.md","157","configure-azure-integration.md#azure-oauth-details","","markdown/servicenow-platform/service-graph-connectors/configure-azure-integration.md#azure-oauth-details","azure-oauth-details","markdown/servicenow-platform/service-graph-connectors/configure-azure-integration.md","4.a","","","","","7","","before-you-begin","0"
"none","0","missing target anchor","markdown/servicenow-platform/service-graph-connectors/configure-azure-integration.md","191","configure-azure-integration.md#azure-oauth-details","","markdown/servicenow-platform/service-graph-connectors/configure-azure-integration.md#azure-oauth-details","azure-oauth-details","markdown/servicenow-platform/service-graph-connectors/configure-azure-integration.md","4.a","","","","","7","","before-you-begin","0"
"none","0","missing target anchor","markdown/servicenow-platform/service-graph-connectors/configure-azure-integration.md","220","configure-azure-integration.md#azure-oauth-details","","markdown/servicenow-platform/service-graph-connectors/configure-azure-integration.md#azure-oauth-details","azure-oauth-details","markdown/servicenow-platform/service-graph-connectors/configure-azure-integration.md","4.a","","","","","7","","before-you-begin","0"
"none","0","missing target anchor","markdown/servicenow-platform/service-graph-connectors/configure-azure-integration.md","272","configure-azure-integration.md#hw-connection","","markdown/servicenow-platform/service-graph-connectors/configure-azure-integration.md#hw-connection","hw-connection","markdown/servicenow-platform/service-graph-connectors/configure-azure-integration.md","4.b.iv","","","","","7","","before-you-begin","0"
"none","0","missing target anchor","markdown/servicenow-platform/service-graph-connectors/configure-azure-integration.md","284","configure-azure-integration.md#config-log-ws","","markdown/servicenow-platform/service-graph-connectors/configure-azure-integration.md#config-log-ws","config-log-ws","markdown/servicenow-platform/service-graph-connectors/configure-azure-integration.md","5.a.ii","","","","","7","","before-you-begin","0"
"none","0","missing target anchor","markdown/servicenow-platform/service-graph-connectors/configure-azure-integration.md","296","configure-azure-integration.md#azure-oauth-details","","markdown/servicenow-platform/service-graph-connectors/configure-azure-integration.md#azure-oauth-details","azure-oauth-details","markdown/servicenow-platform/service-graph-connectors/configure-azure-integration.md","4.a","","","","","7","","before-you-begin","0"
"none","0","missing target anchor","markdown/servicenow-platform/service-graph-connectors/configure-azure-integration.md","304","configure-azure-integration.md#azure-oauth-details","","markdown/servicenow-platform/service-graph-connectors/configure-azure-integration.md#azure-oauth-details","azure-oauth-details","markdown/servicenow-platform/service-graph-connectors/configure-azure-integration.md","4.a","","","","","7","","before-you-begin","0"
"none","0","missing target anchor","markdown/servicenow-platform/service-graph-connectors/configure-azure-integration.md","338","configure-azure-integration.md#azure-oauth-details","","markdown/servicenow-platform/service-graph-connectors/configure-azure-integration.md#azure-oauth-details","azure-oauth-details","markdown/servicenow-platform/service-graph-connectors/configure-azure-integration.md","4.a","","","","","7","","before-you-begin","0"
"none","0","missing target anchor","markdown/servicenow-platform/service-graph-connectors/configure-dynatrace-integration.md","423","configure-dynatrace-integration.md#substep_bbt_zxg_s1c","","markdown/servicenow-platform/service-graph-connectors/configure-dynatrace-integration.md#substep_bbt_zxg_s1c","substep_bbt_zxg_s1c","markdown/servicenow-platform/service-graph-connectors/configure-dynatrace-integration.md","8.g","","","","","6","","before-you-begin","0"
"none","0","missing target anchor","markdown/servicenow-platform/service-graph-connectors/configure-dynatrace-integration.md","424","configure-dynatrace-integration.md#substep_x21_3yg_s1c","","markdown/servicenow-platform/service-graph-connectors/configure-dynatrace-integration.md#substep_x21_3yg_s1c","substep_x21_3yg_s1c","markdown/servicenow-platform/service-graph-connectors/configure-dynatrace-integration.md","8.f","","","","","6","","before-you-begin","0"
"none","0","missing target anchor","markdown/servicenow-platform/service-graph-connectors/configure-intune-integration.md","223","configure-intune-integration.md#app","","markdown/servicenow-platform/service-graph-connectors/configure-intune-integration.md#app","app","markdown/servicenow-platform/service-graph-connectors/configure-intune-integration.md","6.f","","","","","7","","before-you-begin","0"
"none","0","missing target anchor","markdown/servicenow-platform/service-graph-connectors/configure-intune-integration.md","223","configure-intune-integration.md#global","","markdown/servicenow-platform/service-graph-connectors/configure-intune-integration.md#global","global","markdown/servicenow-platform/service-graph-connectors/configure-intune-integration.md","6.c","","","","","7","","before-you-begin","0"
"none","0","missing target anchor","markdown/servicenow-platform/service-graph-connectors/configure-intune-integration.md","470","configure-intune-integration.md#exe-job","","markdown/servicenow-platform/service-graph-connectors/configure-intune-integration.md#exe-job","exe-job","markdown/servicenow-platform/service-graph-connectors/configure-intune-integration.md","11.a.iv","","","","","7","","before-you-begin","0"
"none","0","missing target anchor","markdown/servicenow-platform/service-graph-connectors/configure-intune-integration.md","470","configure-intune-integration.md#select-job","","markdown/servicenow-platform/service-graph-connectors/configure-intune-integration.md#select-job","select-job","markdown/servicenow-platform/service-graph-connectors/configure-intune-integration.md","11.a.ii","","","","","7","","before-you-begin","0"
"none","0","missing target anchor","markdown/servicenow-platform/service-graph-connectors/configure-intune-integration.md","519","configure-intune-integration.md#add-multi-instance","","markdown/servicenow-platform/service-graph-connectors/configure-intune-integration.md#add-multi-instance","add-multi-instance","markdown/servicenow-platform/service-graph-connectors/configure-intune-integration.md","Add Multiple Instances","","","","","7","","before-you-begin","0"
"none","0","missing target anchor","markdown/servicenow-platform/service-graph-connectors/configure-intune-integration.md","558","configure-intune-integration.md#exe-job","","markdown/servicenow-platform/service-graph-connectors/configure-intune-integration.md#exe-job","exe-job","markdown/servicenow-platform/service-graph-connectors/configure-intune-integration.md","11.a.iv","","","","","7","","before-you-begin","0"
"none","0","missing target anchor","markdown/servicenow-platform/service-graph-connectors/configure-intune-integration.md","558","configure-intune-integration.md#select-job","","markdown/servicenow-platform/service-graph-connectors/configure-intune-integration.md#select-job","select-job","markdown/servicenow-platform/service-graph-connectors/configure-intune-integration.md","11.a.ii","","","","","7","","before-you-begin","0"
"none","0","missing target anchor","markdown/servicenow-platform/service-graph-connectors/configure-intune-integration.md","559","configure-intune-integration.md#data-import-exe","","markdown/servicenow-platform/service-graph-connectors/configure-intune-integration.md#data-import-exe","data-import-exe","markdown/servicenow-platform/service-graph-connectors/configure-intune-integration.md","11.b.iv","","","","","7","","before-you-begin","0"
"none","0","missing target anchor","markdown/servicenow-platform/service-graph-connectors/configure-intune-integration.md","559","configure-intune-integration.md#data-import-start","","markdown/servicenow-platform/service-graph-connectors/configure-intune-integration.md#data-import-start","data-import-start","markdown/servicenow-platform/service-graph-connectors/configure-intune-integration.md","11.b.ii","","","","","7","","before-you-begin","0"
"none","0","missing target anchor","markdown/servicenow-platform/service-graph-connectors/configure-jamf-integration.md","64","configure-jamf-integration.md#client-credentials","","markdown/servicenow-platform/service-graph-connectors/configure-jamf-integration.md#client-credentials","client-credentials","markdown/servicenow-platform/service-graph-connectors/configure-jamf-integration.md","4.c","","","","","7","","before-you-begin","0"
"none","0","missing target anchor","markdown/servicenow-platform/service-graph-connectors/configure-jamf-integration.md","106","configure-jamf-integration.md#client-credentials","","markdown/servicenow-platform/service-graph-connectors/configure-jamf-integration.md#client-credentials","client-credentials","markdown/servicenow-platform/service-graph-connectors/configure-jamf-integration.md","4.c","","","","","7","","before-you-begin","0"
"none","0","missing target anchor","markdown/servicenow-platform/service-graph-connectors/configure-jamf-integration.md","236","configure-jamf-integration.md#basic-credentials","","markdown/servicenow-platform/service-graph-connectors/configure-jamf-integration.md#basic-credentials","basic-credentials","markdown/servicenow-platform/service-graph-connectors/configure-jamf-integration.md","4.a","","","","","7","","before-you-begin","0"
"none","0","missing target anchor","markdown/servicenow-platform/service-graph-connectors/configure-jamf-integration.md","398","configure-jamf-integration.md#exe-job","","markdown/servicenow-platform/service-graph-connectors/configure-jamf-integration.md#exe-job","exe-job","markdown/servicenow-platform/service-graph-connectors/configure-jamf-integration.md","6.d","","","","","7","","before-you-begin","0"
"none","0","missing target anchor","markdown/servicenow-platform/service-graph-connectors/configure-jamf-integration.md","398","configure-jamf-integration.md#select-job","","markdown/servicenow-platform/service-graph-connectors/configure-jamf-integration.md#select-job","select-job","markdown/servicenow-platform/service-graph-connectors/configure-jamf-integration.md","6.b","","","","","7","","before-you-begin","0"
"none","0","missing target anchor","markdown/servicenow-platform/service-graph-connectors/configure-sccm-integration.md","73","configure-sccm-integration.md#app","","markdown/servicenow-platform/service-graph-connectors/configure-sccm-integration.md#app","app","markdown/servicenow-platform/service-graph-connectors/configure-sccm-integration.md","4.e","","","","","5","","before-you-begin","0"
"none","0","missing target anchor","markdown/servicenow-platform/service-graph-connectors/configure-sccm-integration.md","73","configure-sccm-integration.md#global","","markdown/servicenow-platform/service-graph-connectors/configure-sccm-integration.md#global","global","markdown/servicenow-platform/service-graph-connectors/configure-sccm-integration.md","4.b","","","","","5","","before-you-begin","0"
"none","0","missing target anchor","markdown/servicenow-platform/service-graph-connectors/configure-sccm-integration.md","77","configure-sccm-integration.md#substep_lsz_jdh_g3c","","markdown/servicenow-platform/service-graph-connectors/configure-sccm-integration.md#substep_lsz_jdh_g3c","substep_lsz_jdh_g3c","markdown/servicenow-platform/service-graph-connectors/configure-sccm-integration.md","5.a","","","","","5","","before-you-begin","0"
"none","0","missing target anchor","markdown/servicenow-platform/service-graph-connectors/configure-sccm-integration.md","78","configure-sccm-integration.md#substep_tnj_mdh_g3c","","markdown/servicenow-platform/service-graph-connectors/configure-sccm-integration.md#substep_tnj_mdh_g3c","substep_tnj_mdh_g3c","markdown/servicenow-platform/service-graph-connectors/configure-sccm-integration.md","5.b","","","","","5","","before-you-begin","0"
"none","0","missing target anchor","markdown/servicenow-platform/service-graph-connectors/configure-solarwinds-integration.md","205","configure-solarwinds-integration.md#app","","markdown/servicenow-platform/service-graph-connectors/configure-solarwinds-integration.md#app","app","markdown/servicenow-platform/service-graph-connectors/configure-solarwinds-integration.md","7.g","","","","","6","","before-you-begin","0"
"none","0","missing target anchor","markdown/servicenow-platform/service-graph-connectors/configure-solarwinds-integration.md","205","configure-solarwinds-integration.md#global","","markdown/servicenow-platform/service-graph-connectors/configure-solarwinds-integration.md#global","global","markdown/servicenow-platform/service-graph-connectors/configure-solarwinds-integration.md","7.d","","","","","6","","before-you-begin","0"
"none","0","missing target anchor","markdown/servicenow-platform/service-graph-connectors/configure-tanium-integration.md","69","configure-tanium-integration.md#step-value","","markdown/servicenow-platform/service-graph-connectors/configure-tanium-integration.md#step-value","step-value","markdown/servicenow-platform/service-graph-connectors/configure-tanium-integration.md","4.c.i","","","","","6","","before-you-begin","0"
"none","0","missing target anchor","markdown/servicenow-platform/service-graph-connectors/configure-tanium-integration.md","107","configure-tanium-integration.md#step-value","","markdown/servicenow-platform/service-graph-connectors/configure-tanium-integration.md#step-value","step-value","markdown/servicenow-platform/service-graph-connectors/configure-tanium-integration.md","4.c.i","","","","","6","","before-you-begin","0"
"none","0","missing target anchor","markdown/servicenow-platform/service-graph-connectors/configure-tanium-integration.md","170","configure-tanium-integration.md#config-view","","markdown/servicenow-platform/service-graph-connectors/configure-tanium-integration.md#config-view","config-view","markdown/servicenow-platform/service-graph-connectors/configure-tanium-integration.md","4.f.i","","","","","6","","before-you-begin","0"
"none","0","missing target anchor","markdown/servicenow-platform/service-graph-connectors/configure-tanium-integration.md","189","configure-tanium-integration.md#exe-job","","markdown/servicenow-platform/service-graph-connectors/configure-tanium-integration.md#exe-job","exe-job","markdown/servicenow-platform/service-graph-connectors/configure-tanium-integration.md","5.d","","","","","6","","before-you-begin","0"
"none","0","missing target anchor","markdown/servicenow-platform/service-graph-connectors/configure-tanium-integration.md","189","configure-tanium-integration.md#select-job","","markdown/servicenow-platform/service-graph-connectors/configure-tanium-integration.md#select-job","select-job","markdown/servicenow-platform/service-graph-connectors/configure-tanium-integration.md","5.b","","","","","6","","before-you-begin","0"
"none","0","missing target anchor","markdown/servicenow-platform/service-graph-connectors/configure-tanium-integration.md","213","configure-tanium-integration.md#app","","markdown/servicenow-platform/service-graph-connectors/configure-tanium-integration.md#app","app","markdown/servicenow-platform/service-graph-connectors/configure-tanium-integration.md","6.g","","","","","6","","before-you-begin","0"
"none","0","missing target anchor","markdown/servicenow-platform/service-graph-connectors/configure-tanium-integration.md","213","configure-tanium-integration.md#global","","markdown/servicenow-platform/service-graph-connectors/configure-tanium-integration.md#global","global","markdown/servicenow-platform/service-graph-connectors/configure-tanium-integration.md","6.d","","","","","6","","before-you-begin","0"
"none","0","missing target anchor","markdown/servicenow-platform/service-graph-connectors/configure-tanium-integration.md","299","configure-tanium-integration.md#exe-job-2","","markdown/servicenow-platform/service-graph-connectors/configure-tanium-integration.md#exe-job-2","exe-job-2","markdown/servicenow-platform/service-graph-connectors/configure-tanium-integration.md","6.h.iv","","","","","6","","before-you-begin","0"
"none","0","missing target anchor","markdown/servicenow-platform/service-graph-connectors/configure-tanium-integration.md","299","configure-tanium-integration.md#select-job-2","","markdown/servicenow-platform/service-graph-connectors/configure-tanium-integration.md#select-job-2","select-job-2","markdown/servicenow-platform/service-graph-connectors/configure-tanium-integration.md","6.h.ii","","","","","6","","before-you-begin","0"
"none","0","missing target anchor","markdown/servicenow-platform/service-graph-connectors/configure-workspace-one-integration.md","156","configure-workspace-one-integration.md#step_n4j_nfh_cgc","","markdown/servicenow-platform/service-graph-connectors/configure-workspace-one-integration.md#step_n4j_nfh_cgc","step_n4j_nfh_cgc","markdown/servicenow-platform/service-graph-connectors/configure-workspace-one-integration.md","5","","","","","8","","before-you-begin","0"
"none","0","missing target anchor","markdown/servicenow-platform/service-graph-connectors/configure-workspace-one-integration.md","156","configure-workspace-one-integration.md#step_vdc_nfh_cgc","","markdown/servicenow-platform/service-graph-connectors/configure-workspace-one-integration.md#step_vdc_nfh_cgc","step_vdc_nfh_cgc","markdown/servicenow-platform/service-graph-connectors/configure-workspace-one-integration.md","4","","","","","8","","before-you-begin","0"
"none","0","missing target anchor","markdown/servicenow-platform/service-graph-connectors/configure-workspace-one-integration.md","220","configure-workspace-one-integration.md#substep_mzy_kfd_1gc","","markdown/servicenow-platform/service-graph-connectors/configure-workspace-one-integration.md#substep_mzy_kfd_1gc","substep_mzy_kfd_1gc","markdown/servicenow-platform/service-graph-connectors/configure-workspace-one-integration.md","9.g","","","","","8","","before-you-begin","0"
"none","0","missing target anchor","markdown/servicenow-platform/service-graph-connectors/configure-workspace-one-integration.md","220","configure-workspace-one-integration.md#substep_v4t_kfd_1gc","","markdown/servicenow-platform/service-graph-connectors/configure-workspace-one-integration.md#substep_v4t_kfd_1gc","substep_v4t_kfd_1gc","markdown/servicenow-platform/service-graph-connectors/configure-workspace-one-integration.md","9.d","","","","","8","","before-you-begin","0"
"none","0","missing target anchor","markdown/servicenow-platform/service-graph-connectors/sgc-cmdb-aws-script-op.md","27","sgc-cmdb-aws-script-op.md#section_vfh_wyf_4zb","","markdown/servicenow-platform/service-graph-connectors/sgc-cmdb-aws-script-op.md#section_vfh_wyf_4zb","section_vfh_wyf_4zb","markdown/servicenow-platform/service-graph-connectors/sgc-cmdb-aws-script-op.md","Basic scripts![](../../../reuse/icons/brand-icons/bus-optimize-manage.svg)Scripts for configuring the AWS environment to import data by using the connector.","","","","","5","","table_w2k_kkm_4zb","0"
"low","66","missing target anchor","markdown/servicenow-platform/service-graph-connectors/sgc-cmdb-aws-script-op.md","31","sgc-cmdb-aws-script-op.md#section_ahc_jwf_4zb","sgc-cmdb-aws-script-op.md#executing-scripts-required-for-setting-up-aws","markdown/servicenow-platform/service-graph-connectors/sgc-cmdb-aws-script-op.md#section_ahc_jwf_4zb","section_ahc_jwf_4zb","markdown/servicenow-platform/service-graph-connectors/sgc-cmdb-aws-script-op.md","Deep discovery scripts![](../../../reuse/icons/brand-icons/bus-discover.svg)Scripts for setting up deep discovery on Amazon Elastic Compute Cloud (Amazon EC2...","executing-scripts-required-for-setting-up-aws","Executing scripts required for setting up AWS","h1","15","5","link/candidate token overlap 0.57","table_w2k_kkm_4zb","0"
"low","66","missing target anchor","markdown/servicenow-platform/service-graph-connectors/sgc-cmdb-aws-script-op.md","35","sgc-cmdb-aws-script-op.md#section_osh_4zf_4zb","sgc-cmdb-aws-script-op.md#executing-scripts-required-for-setting-up-aws","markdown/servicenow-platform/service-graph-connectors/sgc-cmdb-aws-script-op.md#section_osh_4zf_4zb","section_osh_4zf_4zb","markdown/servicenow-platform/service-graph-connectors/sgc-cmdb-aws-script-op.md","Amazon EKS scripts![](../../../reuse/icons/brand-icons/bus-service-aware-cmdb.svg)Scripts for setting up Amazon Elastic Kubernetes Service (EKS) clusters.","executing-scripts-required-for-setting-up-aws","Executing scripts required for setting up AWS","h1","15","5","link/candidate token overlap 0.57","table_w2k_kkm_4zb","0"
"none","0","missing target anchor","markdown/servicenow-platform/service-graph-connectors/sgc-cmdb-aws-scripts-prereq.md","26","sgc-cmdb-aws-script-op.md#section_ahc_jwf_4zb","","markdown/servicenow-platform/service-graph-connectors/sgc-cmdb-aws-script-op.md#section_ahc_jwf_4zb","section_ahc_jwf_4zb","markdown/servicenow-platform/service-graph-connectors/sgc-cmdb-aws-script-op.md","deep discovery scripts","","","","","5","","table_w2k_kkm_4zb","0"
"none","0","missing target anchor","markdown/servicenow-platform/service-graph-connectors/sgc-cmdb-aws-scripts-prereq.md","74","sgc-cmdb-aws-scripts-prereq.md#creates3bucket","","markdown/servicenow-platform/service-graph-connectors/sgc-cmdb-aws-scripts-prereq.md#creates3bucket","creates3bucket","markdown/servicenow-platform/service-graph-connectors/sgc-cmdb-aws-scripts-prereq.md","step 1","","","","","7","","determine-the-servicenow-iam-role","0"
"none","0","missing target anchor","markdown/servicenow-platform/service-graph-connectors/sgc-cmdb-aws-scripts-prereq.md","140","sgc-cmdb-aws-scripts-prereq.md#creates3bucket","","markdown/servicenow-platform/service-graph-connectors/sgc-cmdb-aws-scripts-prereq.md#creates3bucket","creates3bucket","markdown/servicenow-platform/service-graph-connectors/sgc-cmdb-aws-scripts-prereq.md","step 1","","","","","7","","determine-the-servicenow-iam-role","0"
"none","0","missing target anchor","markdown/servicenow-platform/service-graph-connectors/sgc-cmdb-google-console.md","98","sgc-cmdb-google-console-classes.md#section_dtc_bjg_4bc","","markdown/servicenow-platform/service-graph-connectors/sgc-cmdb-google-console-classes.md#section_dtc_bjg_4bc","section_dtc_bjg_4bc","markdown/servicenow-platform/service-graph-connectors/sgc-cmdb-google-console-classes.md","IP Address","","","","","7","","computer-cmdb-ci-computer","0"
"none","0","missing target anchor","markdown/servicenow-platform/service-graph-connectors/sgc-cmdb-opentelemetry-services.md","67","sgc-cmdb-opentelemetry-services.md#save-ci","","markdown/servicenow-platform/service-graph-connectors/sgc-cmdb-opentelemetry-services.md#save-ci","save-ci","markdown/servicenow-platform/service-graph-connectors/sgc-cmdb-opentelemetry-services.md","5","","","","","7","","inferred-services","0"
"none","0","missing target anchor","markdown/servicenow-platform/service-graph-connectors/sgc-cmdb-opentelemetry-services.md","67","sgc-cmdb-opentelemetry-services.md#select-ci","","markdown/servicenow-platform/service-graph-connectors/sgc-cmdb-opentelemetry-services.md#select-ci","select-ci","markdown/servicenow-platform/service-graph-connectors/sgc-cmdb-opentelemetry-services.md","3","","","","","7","","inferred-services","0"
"none","0","missing target anchor","markdown/servicenow-platform/service-graph-connectors/sgc-cmdb-solarwinds-airgap-high-secure.md","34","sgc-cmdb-solarwinds-airgap-high-secure.md#download-high-secure-ps-scripts","","markdown/servicenow-platform/service-graph-connectors/sgc-cmdb-solarwinds-airgap-high-secure.md#download-high-secure-ps-scripts","download-high-secure-ps-scripts","markdown/servicenow-platform/service-graph-connectors/sgc-cmdb-solarwinds-airgap-high-secure.md","2","","","","","3","","before-you-begin","0"
"none","0","missing target anchor","markdown/servicenow-platform/service-graph-connectors/sgc-cmdb-solarwinds-airgap-high-secure.md","38","sgc-cmdb-solarwinds-airgap-high-secure.md#step_otv_xyt_42c","","markdown/servicenow-platform/service-graph-connectors/sgc-cmdb-solarwinds-airgap-high-secure.md#step_otv_xyt_42c","step_otv_xyt_42c","markdown/servicenow-platform/service-graph-connectors/sgc-cmdb-solarwinds-airgap-high-secure.md","4","","","","","3","","before-you-begin","0"
"none","0","missing target anchor","markdown/servicenow-platform/service-graph-connectors/sgc-cmdb-solarwinds-airgap-low-secure.md","34","sgc-cmdb-solarwinds-airgap-low-secure.md#download-low-secure-ps-script","","markdown/servicenow-platform/service-graph-connectors/sgc-cmdb-solarwinds-airgap-low-secure.md#download-low-secure-ps-script","download-low-secure-ps-script","markdown/servicenow-platform/service-graph-connectors/sgc-cmdb-solarwinds-airgap-low-secure.md","2","","","","","3","","before-you-begin","0"
"none","0","missing target anchor","markdown/servicenow-platform/service-graph-connectors/sgc-cmdb-solarwinds-airgap-low-secure.md","38","sgc-cmdb-solarwinds-airgap-low-secure.md#step_zb4_k22_p2c","","markdown/servicenow-platform/service-graph-connectors/sgc-cmdb-solarwinds-airgap-low-secure.md#step_zb4_k22_p2c","step_zb4_k22_p2c","markdown/servicenow-platform/service-graph-connectors/sgc-cmdb-solarwinds-airgap-low-secure.md","4","","","","","3","","before-you-begin","0"
"none","0","missing target anchor","markdown/servicenow-platform/service-graph-connectors/sgc-config-gcp-integration.md","74","sgc-config-gcp-integration.md#keystorepwd","","markdown/servicenow-platform/service-graph-connectors/sgc-config-gcp-integration.md#keystorepwd","keystorepwd","markdown/servicenow-platform/service-graph-connectors/sgc-config-gcp-integration.md","previous step","","","","","5","","before-you-begin","0"
"none","0","missing target anchor","markdown/servicenow-platform/service-graph-connectors/sgc-config-gcp-integration.md","78","sgc-config-gcp-integration.md#jks","","markdown/servicenow-platform/service-graph-connectors/sgc-config-gcp-integration.md#jks","jks","markdown/servicenow-platform/service-graph-connectors/sgc-config-gcp-integration.md","4.b","","","","","5","","before-you-begin","0"
"none","0","missing target anchor","markdown/servicenow-platform/service-graph-connectors/sgc-config-gcp-integration.md","111","sgc-config-gcp-integration.md#jks","","markdown/servicenow-platform/service-graph-connectors/sgc-config-gcp-integration.md#jks","jks","markdown/servicenow-platform/service-graph-connectors/sgc-config-gcp-integration.md","4.b","","","","","5","","before-you-begin","0"
"none","0","missing target anchor","markdown/servicenow-platform/service-graph-connectors/sgc-config-gcp-integration.md","218","sgc-config-gcp-integration.md#x509cert","","markdown/servicenow-platform/service-graph-connectors/sgc-config-gcp-integration.md#x509cert","x509cert","markdown/servicenow-platform/service-graph-connectors/sgc-config-gcp-integration.md","4.c","","","","","5","","before-you-begin","0"
"none","0","missing target anchor","markdown/servicenow-platform/service-graph-connectors/sgc-config-gcp-integration.md","256","sgc-config-gcp-integration.md#multi-inst-cert","","markdown/servicenow-platform/service-graph-connectors/sgc-config-gcp-integration.md#multi-inst-cert","multi-inst-cert","markdown/servicenow-platform/service-graph-connectors/sgc-config-gcp-integration.md","5.e","","","","","5","","before-you-begin","0"
"none","0","missing target anchor","markdown/servicenow-platform/service-graph-connectors/sgc-config-gcp-integration.md","302","sgc-config-gcp-integration.md#scheduled-import","","markdown/servicenow-platform/service-graph-connectors/sgc-config-gcp-integration.md#scheduled-import","scheduled-import","markdown/servicenow-platform/service-graph-connectors/sgc-config-gcp-integration.md","4.f","","","","","5","","before-you-begin","0"
"none","0","missing target anchor","markdown/servicenow-platform/service-graph-connectors/sgc-config-google-console-integ.md","62","sgc-config-google-console-integ.md#keystorepwd","","markdown/servicenow-platform/service-graph-connectors/sgc-config-google-console-integ.md#keystorepwd","keystorepwd","markdown/servicenow-platform/service-graph-connectors/sgc-config-google-console-integ.md","previous step","","","","","4","","before-you-begin","0"
"none","0","missing target anchor","markdown/servicenow-platform/service-graph-connectors/sgc-config-google-console-integ.md","67","sgc-config-google-console-integ.md#keystorepwd","","markdown/servicenow-platform/service-graph-connectors/sgc-config-google-console-integ.md#keystorepwd","keystorepwd","markdown/servicenow-platform/service-graph-connectors/sgc-config-google-console-integ.md","previous step","","","","","4","","before-you-begin","0"
"none","0","missing target anchor","markdown/servicenow-platform/service-graph-connectors/sgc-config-google-console-integ.md","109","sgc-config-google-console-integ.md#keystorepwd","","markdown/servicenow-platform/service-graph-connectors/sgc-config-google-console-integ.md#keystorepwd","keystorepwd","markdown/servicenow-platform/service-graph-connectors/sgc-config-google-console-integ.md","previous step","","","","","4","","before-you-begin","0"
"none","0","missing target anchor","markdown/servicenow-platform/service-graph-connectors/sgc-config-google-console-integ.md","117","sgc-config-google-console-integ.md#keystorepwd","","markdown/servicenow-platform/service-graph-connectors/sgc-config-google-console-integ.md#keystorepwd","keystorepwd","markdown/servicenow-platform/service-graph-connectors/sgc-config-google-console-integ.md","previous step","","","","","4","","before-you-begin","0"
"none","0","missing target anchor","markdown/servicenow-platform/service-graph-connectors/sgc-config-google-console-integ.md","170","sgc-config-google-console-integ.md#x509cert","","markdown/servicenow-platform/service-graph-connectors/sgc-config-google-console-integ.md#x509cert","x509cert","markdown/servicenow-platform/service-graph-connectors/sgc-config-google-console-integ.md","4.c","","","","","4","","before-you-begin","0"
"none","0","missing target anchor","markdown/servicenow-platform/service-graph-connectors/sgc-config-google-console-integ.md","183","sgc-config-google-console-integ.md#keystorepwd-multiple","","markdown/servicenow-platform/service-graph-connectors/sgc-config-google-console-integ.md#keystorepwd-multiple","keystorepwd-multiple","markdown/servicenow-platform/service-graph-connectors/sgc-config-google-console-integ.md","previous step","","","","","4","","before-you-begin","0"
"none","0","missing target anchor","markdown/servicenow-platform/service-graph-connectors/sgc-config-google-console-integ.md","184","sgc-config-google-console-integ.md#keystorepwd-multiple","","markdown/servicenow-platform/service-graph-connectors/sgc-config-google-console-integ.md#keystorepwd-multiple","keystorepwd-multiple","markdown/servicenow-platform/service-graph-connectors/sgc-config-google-console-integ.md","previous step","","","","","4","","before-you-begin","0"
"none","0","missing target anchor","markdown/servicenow-platform/service-graph-connectors/sgc-config-google-console-integ.md","192","sgc-config-google-console-integ.md#connection-name","","markdown/servicenow-platform/service-graph-connectors/sgc-config-google-console-integ.md#connection-name","connection-name","markdown/servicenow-platform/service-graph-connectors/sgc-config-google-console-integ.md","previous step","","","","","4","","before-you-begin","0"
"none","0","missing target anchor","markdown/servicenow-platform/service-graph-connectors/sgc-config-google-console-integ.md","202","sgc-config-google-console-integ.md#connection-name","","markdown/servicenow-platform/service-graph-connectors/sgc-config-google-console-integ.md#connection-name","connection-name","markdown/servicenow-platform/service-graph-connectors/sgc-config-google-console-integ.md","previous step","","","","","4","","before-you-begin","0"
"none","0","missing target anchor","markdown/servicenow-platform/service-graph-connectors/sgc-config-google-console-integ.md","218","sgc-config-google-console-integ.md#scheduled-import-multi-instance","","markdown/servicenow-platform/service-graph-connectors/sgc-config-google-console-integ.md#scheduled-import-multi-instance","scheduled-import-multi-instance","markdown/servicenow-platform/service-graph-connectors/sgc-config-google-console-integ.md","5.d","","","","","4","","before-you-begin","0"
"none","0","missing target anchor","markdown/servicenow-platform/service-graph-connectors/sgc-config-new-relic-integration.md","188","sgc-config-new-relic-integration.md#exe-job","","markdown/servicenow-platform/service-graph-connectors/sgc-config-new-relic-integration.md#exe-job","exe-job","markdown/servicenow-platform/service-graph-connectors/sgc-config-new-relic-integration.md","6.f","","","","","5","","before-you-begin","0"
"none","0","missing target anchor","markdown/servicenow-platform/service-graph-connectors/sgc-config-new-relic-integration.md","188","sgc-config-new-relic-integration.md#select-job","","markdown/servicenow-platform/service-graph-connectors/sgc-config-new-relic-integration.md#select-job","select-job","markdown/servicenow-platform/service-graph-connectors/sgc-config-new-relic-integration.md","6.c","","","","","5","","before-you-begin","0"
"none","0","missing target anchor","markdown/servicenow-platform/service-graph-connectors/sgc-config-opentelemetry-integ.md","66","sgc-config-opentelemetry-integ.md#api-key","","markdown/servicenow-platform/service-graph-connectors/sgc-config-opentelemetry-integ.md#api-key","api-key","markdown/servicenow-platform/service-graph-connectors/sgc-config-opentelemetry-integ.md","4.b","","","","","3","","before-you-begin","0"
"none","0","missing target anchor","markdown/servicenow-platform/service-graph-connectors/sgc-config-opentelemetry-integ.md","82","sgc-config-opentelemetry-integ.md#org","","markdown/servicenow-platform/service-graph-connectors/sgc-config-opentelemetry-integ.md#org","org","markdown/servicenow-platform/service-graph-connectors/sgc-config-opentelemetry-integ.md","4.c.ii","","","","","3","","before-you-begin","0"
"none","0","missing target anchor","markdown/servicenow-platform/service-graph-connectors/sgc-config-opentelemetry-integ.md","102","sgc-config-opentelemetry-integ.md#exclude-project","","markdown/servicenow-platform/service-graph-connectors/sgc-config-opentelemetry-integ.md#exclude-project","exclude-project","markdown/servicenow-platform/service-graph-connectors/sgc-config-opentelemetry-integ.md","5.c.ii","","","","","3","","before-you-begin","0"
"none","0","missing target anchor","markdown/servicenow-platform/service-graph-connectors/sgc-config-opentelemetry-integ.md","102","sgc-config-opentelemetry-integ.md#exclude-project-update","","markdown/servicenow-platform/service-graph-connectors/sgc-config-opentelemetry-integ.md#exclude-project-update","exclude-project-update","markdown/servicenow-platform/service-graph-connectors/sgc-config-opentelemetry-integ.md","5.c.iv","","","","","3","","before-you-begin","0"
"none","0","missing target anchor","markdown/servicenow-platform/service-graph-connectors/sgc-config-opentelemetry-integ.md","114","sgc-config-opentelemetry-integ.md#project-diagnostics","","markdown/servicenow-platform/service-graph-connectors/sgc-config-opentelemetry-integ.md#project-diagnostics","project-diagnostics","markdown/servicenow-platform/service-graph-connectors/sgc-config-opentelemetry-integ.md","5.d.ii","","","","","3","","before-you-begin","0"
"none","0","missing target anchor","markdown/servicenow-platform/service-graph-connectors/sgc-config-opentelemetry-integ.md","114","sgc-config-opentelemetry-integ.md#project-diagnostics-done","","markdown/servicenow-platform/service-graph-connectors/sgc-config-opentelemetry-integ.md#project-diagnostics-done","project-diagnostics-done","markdown/servicenow-platform/service-graph-connectors/sgc-config-opentelemetry-integ.md","5.d.iv","","","","","3","","before-you-begin","0"
"none","0","missing target anchor","markdown/servicenow-platform/service-graph-connectors/sgc-config-opentelemetry-integ.md","174","sgc-config-opentelemetry-integ.md#webhook","","markdown/servicenow-platform/service-graph-connectors/sgc-config-opentelemetry-integ.md#webhook","webhook","markdown/servicenow-platform/service-graph-connectors/sgc-config-opentelemetry-integ.md","7.b.ii","","","","","3","","before-you-begin","0"
"none","0","missing target anchor","markdown/servicenow-platform/service-graph-connectors/sgc-config-opentelemetry-integ.md","174","sgc-config-opentelemetry-integ.md#webhook-done","","markdown/servicenow-platform/service-graph-connectors/sgc-config-opentelemetry-integ.md#webhook-done","webhook-done","markdown/servicenow-platform/service-graph-connectors/sgc-config-opentelemetry-integ.md","7.b.iv","","","","","3","","before-you-begin","0"
"none","0","missing target anchor","markdown/servicenow-platform/service-graph-connectors/sgc-config-trellix-integration.md","183","sgc-config-trellix-integration.md#substep_gzr_2hp_nfc","","markdown/servicenow-platform/service-graph-connectors/sgc-config-trellix-integration.md#substep_gzr_2hp_nfc","substep_gzr_2hp_nfc","markdown/servicenow-platform/service-graph-connectors/sgc-config-trellix-integration.md","5.e","","","","","5","","before-you-begin","0"
"none","0","missing target anchor","markdown/servicenow-platform/service-graph-connectors/sgc-config-trellix-integration.md","183","sgc-config-trellix-integration.md#substep_zwt_dv4_nfc","","markdown/servicenow-platform/service-graph-connectors/sgc-config-trellix-integration.md#substep_zwt_dv4_nfc","substep_zwt_dv4_nfc","markdown/servicenow-platform/service-graph-connectors/sgc-config-trellix-integration.md","5.c","","","","","5","","before-you-begin","0"
"none","0","missing target anchor","markdown/servicenow-platform/service-graph-connectors/sgc-configure-datadog-integration.md","92","sgc-configure-datadog-integration.md#datadog-alias","","markdown/servicenow-platform/service-graph-connectors/sgc-configure-datadog-integration.md#datadog-alias","datadog-alias","markdown/servicenow-platform/service-graph-connectors/sgc-configure-datadog-integration.md","3","","","","","3","","before-you-begin","0"
"none","0","missing target anchor","markdown/servicenow-platform/service-graph-connectors/sgc-configure-datadog-integration.md","104","sgc-configure-datadog-integration.md#substep-datadog-monitor1","","markdown/servicenow-platform/service-graph-connectors/sgc-configure-datadog-integration.md#substep-datadog-monitor1","substep-datadog-monitor1","markdown/servicenow-platform/service-graph-connectors/sgc-configure-datadog-integration.md","4.g","","","","","3","","before-you-begin","0"
"none","0","missing target anchor","markdown/servicenow-platform/service-graph-connectors/sgc-configure-datadog-integration.md","104","sgc-configure-datadog-integration.md#substep-datadog-monitor2","","markdown/servicenow-platform/service-graph-connectors/sgc-configure-datadog-integration.md#substep-datadog-monitor2","substep-datadog-monitor2","markdown/servicenow-platform/service-graph-connectors/sgc-configure-datadog-integration.md","4.h","","","","","3","","before-you-begin","0"
"none","0","missing target anchor","markdown/servicenow-platform/service-graph-connectors/sgc-configure-infoblox-integration.md","118","sgc-configure-infoblox-integration.md#substep_cyy_1hv_zfc","","markdown/servicenow-platform/service-graph-connectors/sgc-configure-infoblox-integration.md#substep_cyy_1hv_zfc","substep_cyy_1hv_zfc","markdown/servicenow-platform/service-graph-connectors/sgc-configure-infoblox-integration.md","5.d","","","","","4","","before-you-begin","0"
"none","0","missing target anchor","markdown/servicenow-platform/service-graph-connectors/sgc-configure-infoblox-integration.md","118","sgc-configure-infoblox-integration.md#substep_j1l_bhv_zfc","","markdown/servicenow-platform/service-graph-connectors/sgc-configure-infoblox-integration.md#substep_j1l_bhv_zfc","substep_j1l_bhv_zfc","markdown/servicenow-platform/service-graph-connectors/sgc-configure-infoblox-integration.md","5.g","","","","","4","","before-you-begin","0"
"none","0","missing target anchor","markdown/servicenow-platform/service-graph-connectors/sgc-configure-infoblox-integration.md","254","sgc-configure-infoblox-integration.md#exe-job","","markdown/servicenow-platform/service-graph-connectors/sgc-configure-infoblox-integration.md#exe-job","exe-job","markdown/servicenow-platform/service-graph-connectors/sgc-configure-infoblox-integration.md","7.e","","","","","4","","before-you-begin","0"
"none","0","missing target anchor","markdown/servicenow-platform/service-graph-connectors/sgc-configure-infoblox-integration.md","254","sgc-configure-infoblox-integration.md#select-job","","markdown/servicenow-platform/service-graph-connectors/sgc-configure-infoblox-integration.md#select-job","select-job","markdown/servicenow-platform/service-graph-connectors/sgc-configure-infoblox-integration.md","7.c","","","","","4","","before-you-begin","0"
"none","0","missing target anchor","markdown/servicenow-platform/service-graph-connectors/sgc-infoblox-create-table-cleanup-jobs.md","89","sgc-infoblox-create-table-cleanup-jobs.md#step_lhc_dvb_m3c","","markdown/servicenow-platform/service-graph-connectors/sgc-infoblox-create-table-cleanup-jobs.md#step_lhc_dvb_m3c","step_lhc_dvb_m3c","markdown/servicenow-platform/service-graph-connectors/sgc-infoblox-create-table-cleanup-jobs.md","6","","","","","5","","before-you-begin","0"
"none","0","missing target anchor","markdown/servicenow-platform/service-graph-connectors/sgc-sccm-airgap-high-secure.md","48","sgc-sccm-airgap-high-secure.md#substep_rj5_lbw_4gc","","markdown/servicenow-platform/service-graph-connectors/sgc-sccm-airgap-high-secure.md#substep_rj5_lbw_4gc","substep_rj5_lbw_4gc","markdown/servicenow-platform/service-graph-connectors/sgc-sccm-airgap-high-secure.md","3.c","","","","","3","","before-you-begin","0"
"none","0","missing target anchor","markdown/servicenow-platform/service-graph-connectors/sgc-sccm-airgap-high-secure.md","52","sgc-sccm-airgap-high-secure.md#step_e1p_mbw_4gc","","markdown/servicenow-platform/service-graph-connectors/sgc-sccm-airgap-high-secure.md#step_e1p_mbw_4gc","step_e1p_mbw_4gc","markdown/servicenow-platform/service-graph-connectors/sgc-sccm-airgap-high-secure.md","5","","","","","3","","before-you-begin","0"
"none","0","missing target anchor","markdown/servicenow-platform/service-graph-connectors/sgc-sccm-airgap-high-secure.md","72","sgc-sccm-airgap-high-secure.md#step_e1p_mbw_4gc","","markdown/servicenow-platform/service-graph-connectors/sgc-sccm-airgap-high-secure.md#step_e1p_mbw_4gc","step_e1p_mbw_4gc","markdown/servicenow-platform/service-graph-connectors/sgc-sccm-airgap-high-secure.md","5","","","","","3","","before-you-begin","0"
"none","0","missing target anchor","markdown/servicenow-platform/service-graph-connectors/sgc-sccm-airgap-low-secure.md","48","sgc-sccm-airgap-low-secure.md#substep_tjm_wbw_4gc","","markdown/servicenow-platform/service-graph-connectors/sgc-sccm-airgap-low-secure.md#substep_tjm_wbw_4gc","substep_tjm_wbw_4gc","markdown/servicenow-platform/service-graph-connectors/sgc-sccm-airgap-low-secure.md","3.c","","","","","3","","before-you-begin","0"
"none","0","missing target anchor","markdown/servicenow-platform/service-graph-connectors/sgc-sccm-airgap-low-secure.md","52","sgc-sccm-airgap-low-secure.md#step_fk2_xbw_4gc","","markdown/servicenow-platform/service-graph-connectors/sgc-sccm-airgap-low-secure.md#step_fk2_xbw_4gc","step_fk2_xbw_4gc","markdown/servicenow-platform/service-graph-connectors/sgc-sccm-airgap-low-secure.md","5","","","","","3","","before-you-begin","0"
"none","0","missing target anchor","markdown/servicenow-platform/service-graph-connectors/sgcc-configure-appdynamics.md","145","sgcc-configure-appdynamics.md#rule-save","","markdown/servicenow-platform/service-graph-connectors/sgcc-configure-appdynamics.md#rule-save","rule-save","markdown/servicenow-platform/service-graph-connectors/sgcc-configure-appdynamics.md","7.d","","","","","6","","before-you-begin","0"
"none","0","missing target anchor","markdown/servicenow-platform/service-graph-connectors/sgcc-configure-appdynamics.md","145","sgcc-configure-appdynamics.md#rule-select","","markdown/servicenow-platform/service-graph-connectors/sgcc-configure-appdynamics.md#rule-select","rule-select","markdown/servicenow-platform/service-graph-connectors/sgcc-configure-appdynamics.md","7.b","","","","","6","","before-you-begin","0"
"low","65","missing target anchor","markdown/servicenow-platform/service-graph-connectors/sgcc-configure-aws-integ.md","59","sgc-cmdb-aws-script-op.md#section_vfh_wyf_4zb","sgc-cmdb-aws-script-op.md#executing-scripts-required-for-setting-up-aws","markdown/servicenow-platform/service-graph-connectors/sgc-cmdb-aws-script-op.md#section_vfh_wyf_4zb","section_vfh_wyf_4zb","markdown/servicenow-platform/service-graph-connectors/sgc-cmdb-aws-script-op.md","Basic scripts","executing-scripts-required-for-setting-up-aws","Executing scripts required for setting up AWS","h1","15","5","link/candidate token overlap 0.50","table_w2k_kkm_4zb","0"
"none","0","missing target anchor","markdown/servicenow-platform/service-graph-connectors/sgcc-configure-aws-integ.md","70","sgc-cmdb-aws-script-op.md#section_ahc_jwf_4zb","","markdown/servicenow-platform/service-graph-connectors/sgc-cmdb-aws-script-op.md#section_ahc_jwf_4zb","section_ahc_jwf_4zb","markdown/servicenow-platform/service-graph-connectors/sgc-cmdb-aws-script-op.md","Deep discovery scripts","","","","","5","","table_w2k_kkm_4zb","0"
"none","0","missing target anchor","markdown/servicenow-platform/service-graph-connectors/sgcc-configure-aws-integ.md","80","sgc-cmdb-aws-script-op.md#section_osh_4zf_4zb","","markdown/servicenow-platform/service-graph-connectors/sgc-cmdb-aws-script-op.md#section_osh_4zf_4zb","section_osh_4zf_4zb","markdown/servicenow-platform/service-graph-connectors/sgc-cmdb-aws-script-op.md","Amazon EKS scripts","","","","","5","","table_w2k_kkm_4zb","0"
"none","0","missing target anchor","markdown/servicenow-platform/service-graph-connectors/sgcc-configure-aws-integ.md","251","sgcc-configure-aws-integ.md#aws-cred-0","","markdown/servicenow-platform/service-graph-connectors/sgcc-configure-aws-integ.md#aws-cred-0","aws-cred-0","markdown/servicenow-platform/service-graph-connectors/sgcc-configure-aws-integ.md","6.a.ii","","","","","7","","before-you-begin","0"
"none","0","missing target anchor","markdown/servicenow-platform/service-graph-connectors/sgcc-configure-aws-integ.md","252","sgcc-configure-aws-integ.md#aws-cred-0","","markdown/servicenow-platform/service-graph-connectors/sgcc-configure-aws-integ.md#aws-cred-0","aws-cred-0","markdown/servicenow-platform/service-graph-connectors/sgcc-configure-aws-integ.md","6.a.ii","","","","","7","","before-you-begin","0"
"none","0","missing target anchor","markdown/servicenow-platform/service-graph-connectors/sgcc-configure-aws-integ.md","256","sgcc-configure-aws-integ.md#eks-ec2-add","","markdown/servicenow-platform/service-graph-connectors/sgcc-configure-aws-integ.md#eks-ec2-add","eks-ec2-add","markdown/servicenow-platform/service-graph-connectors/sgcc-configure-aws-integ.md","6.c.ii","","","","","7","","before-you-begin","0"
"none","0","missing target anchor","markdown/servicenow-platform/service-graph-connectors/sgcc-configure-aws-integ.md","256","sgcc-configure-aws-integ.md#eks-ec2-save","","markdown/servicenow-platform/service-graph-connectors/sgcc-configure-aws-integ.md#eks-ec2-save","eks-ec2-save","markdown/servicenow-platform/service-graph-connectors/sgcc-configure-aws-integ.md","6.c.iv","","","","","7","","before-you-begin","0"
"none","0","missing target anchor","markdown/servicenow-platform/service-graph-connectors/sgcc-configure-azure-integ.md","114","sgcc-configure-azure-integ.md#prereq-azure","","markdown/servicenow-platform/service-graph-connectors/sgcc-configure-azure-integ.md#prereq-azure","prereq-azure","markdown/servicenow-platform/service-graph-connectors/sgcc-configure-azure-integ.md","5.a","","","","","7","","before-you-begin","0"
"none","0","missing target anchor","markdown/servicenow-platform/service-graph-connectors/sgcc-configure-azure-integ.md","122","sgcc-configure-azure-integ.md#prereq-azure","","markdown/servicenow-platform/service-graph-connectors/sgcc-configure-azure-integ.md#prereq-azure","prereq-azure","markdown/servicenow-platform/service-graph-connectors/sgcc-configure-azure-integ.md","5.a","","","","","7","","before-you-begin","0"
"none","0","missing target anchor","markdown/servicenow-platform/service-graph-connectors/sgcc-configure-azure-integ.md","156","sgcc-configure-azure-integ.md#prereq-azure","","markdown/servicenow-platform/service-graph-connectors/sgcc-configure-azure-integ.md#prereq-azure","prereq-azure","markdown/servicenow-platform/service-graph-connectors/sgcc-configure-azure-integ.md","5.a","","","","","7","","before-you-begin","0"
"none","0","missing target anchor","markdown/servicenow-platform/service-graph-connectors/sgcc-configure-azure-integ.md","183","sgcc-configure-azure-integ.md#prereq-sw","","markdown/servicenow-platform/service-graph-connectors/sgcc-configure-azure-integ.md#prereq-sw","prereq-sw","markdown/servicenow-platform/service-graph-connectors/sgcc-configure-azure-integ.md","6.b","","","","","7","","before-you-begin","0"
"none","0","missing target anchor","markdown/servicenow-platform/service-graph-connectors/sgcc-configure-azure-integ.md","211","sgcc-configure-azure-integ.md#hw-id","","markdown/servicenow-platform/service-graph-connectors/sgcc-configure-azure-integ.md#hw-id","hw-id","markdown/servicenow-platform/service-graph-connectors/sgcc-configure-azure-integ.md","7.b","","","","","7","","before-you-begin","0"
"none","0","missing target anchor","markdown/servicenow-platform/service-graph-connectors/sgcc-configure-azure-integ.md","223","sgcc-configure-azure-integ.md#prereq-azure","","markdown/servicenow-platform/service-graph-connectors/sgcc-configure-azure-integ.md#prereq-azure","prereq-azure","markdown/servicenow-platform/service-graph-connectors/sgcc-configure-azure-integ.md","5.a","","","","","7","","before-you-begin","0"
"none","0","missing target anchor","markdown/servicenow-platform/service-graph-connectors/sgcc-configure-azure-integ.md","231","sgcc-configure-azure-integ.md#prereq-azure","","markdown/servicenow-platform/service-graph-connectors/sgcc-configure-azure-integ.md#prereq-azure","prereq-azure","markdown/servicenow-platform/service-graph-connectors/sgcc-configure-azure-integ.md","5.a","","","","","7","","before-you-begin","0"
"none","0","missing target anchor","markdown/servicenow-platform/service-graph-connectors/sgcc-configure-azure-integ.md","239","sgcc-configure-azure-integ.md#prereq-azure","","markdown/servicenow-platform/service-graph-connectors/sgcc-configure-azure-integ.md#prereq-azure","prereq-azure","markdown/servicenow-platform/service-graph-connectors/sgcc-configure-azure-integ.md","5.a","","","","","7","","before-you-begin","0"
"none","0","missing target anchor","markdown/servicenow-platform/service-graph-connectors/sgcc-configure-azure-integ.md","273","sgcc-configure-azure-integ.md#prereq-azure","","markdown/servicenow-platform/service-graph-connectors/sgcc-configure-azure-integ.md#prereq-azure","prereq-azure","markdown/servicenow-platform/service-graph-connectors/sgcc-configure-azure-integ.md","5.a","","","","","7","","before-you-begin","0"
"none","0","missing target anchor","markdown/servicenow-platform/service-graph-connectors/sgcc-configure-azure-integ.md","282","sgcc-configure-azure-integ.md#prereq-sw","","markdown/servicenow-platform/service-graph-connectors/sgcc-configure-azure-integ.md#prereq-sw","prereq-sw","markdown/servicenow-platform/service-graph-connectors/sgcc-configure-azure-integ.md","6.b","","","","","7","","before-you-begin","0"
"none","0","missing target anchor","markdown/servicenow-platform/service-graph-connectors/sgcc-configure-azure-integ.md","296","sgcc-configure-azure-integ.md#parent","","markdown/servicenow-platform/service-graph-connectors/sgcc-configure-azure-integ.md#parent","parent","markdown/servicenow-platform/service-graph-connectors/sgcc-configure-azure-integ.md","10.b","","","","","7","","before-you-begin","0"
"none","0","missing target anchor","markdown/servicenow-platform/service-graph-connectors/sgcc-configure-azure-integ.md","296","sgcc-configure-azure-integ.md#save","","markdown/servicenow-platform/service-graph-connectors/sgcc-configure-azure-integ.md#save","save","markdown/servicenow-platform/service-graph-connectors/sgcc-configure-azure-integ.md","10.d","","","","","7","","before-you-begin","0"
"none","0","missing target anchor","markdown/servicenow-platform/service-graph-connectors/sgcc-configure-gcp-integ.md","63","sgcc-configure-gcp-integ.md#keystorepwd","","markdown/servicenow-platform/service-graph-connectors/sgcc-configure-gcp-integ.md#keystorepwd","keystorepwd","markdown/servicenow-platform/service-graph-connectors/sgcc-configure-gcp-integ.md","5.a.iii","","","","","6","","before-you-begin","0"
"none","0","missing target anchor","markdown/servicenow-platform/service-graph-connectors/sgcc-configure-gcp-integ.md","66","sgcc-configure-gcp-integ.md#jks","","markdown/servicenow-platform/service-graph-connectors/sgcc-configure-gcp-integ.md#jks","jks","markdown/servicenow-platform/service-graph-connectors/sgcc-configure-gcp-integ.md","5.a","","","","","6","","before-you-begin","0"
"none","0","missing target anchor","markdown/servicenow-platform/service-graph-connectors/sgcc-configure-gcp-integ.md","115","sgcc-configure-gcp-integ.md#x509cert","","markdown/servicenow-platform/service-graph-connectors/sgcc-configure-gcp-integ.md#x509cert","x509cert","markdown/servicenow-platform/service-graph-connectors/sgcc-configure-gcp-integ.md","5.b","","","","","6","","before-you-begin","0"
"none","0","missing target anchor","markdown/servicenow-platform/service-graph-connectors/sgcc-configure-gcp-integ.md","123","sgcc-configure-gcp-integ.md#keystorepwd","","markdown/servicenow-platform/service-graph-connectors/sgcc-configure-gcp-integ.md#keystorepwd","keystorepwd","markdown/servicenow-platform/service-graph-connectors/sgcc-configure-gcp-integ.md","5.a.iii","","","","","6","","before-you-begin","0"
"none","0","missing target anchor","markdown/servicenow-platform/service-graph-connectors/sgcc-configure-intune-integ.md","228","sgcc-configure-intune-integ.md#substep_vrc_r5m_ygc","","markdown/servicenow-platform/service-graph-connectors/sgcc-configure-intune-integ.md#substep_vrc_r5m_ygc","substep_vrc_r5m_ygc","markdown/servicenow-platform/service-graph-connectors/sgcc-configure-intune-integ.md","5.b","","","","","6","","before-you-begin","0"
"none","0","missing target anchor","markdown/servicenow-platform/service-graph-connectors/sgcc-configure-intune-integ.md","242","sgcc-configure-intune-integ.md#step_dbq_wws_ygc","","markdown/servicenow-platform/service-graph-connectors/sgcc-configure-intune-integ.md#step_dbq_wws_ygc","step_dbq_wws_ygc","markdown/servicenow-platform/service-graph-connectors/sgcc-configure-intune-integ.md","9","","","","","6","","before-you-begin","0"
"none","0","missing target anchor","markdown/servicenow-platform/service-graph-connectors/sgcc-configure-jamf-integration.md","238","sgcc-configure-jamf-integration.md#schedule-save","","markdown/servicenow-platform/service-graph-connectors/sgcc-configure-jamf-integration.md#schedule-save","schedule-save","markdown/servicenow-platform/service-graph-connectors/sgcc-configure-jamf-integration.md","8.d","","","","","8","","before-you-begin","0"
"none","0","missing target anchor","markdown/servicenow-platform/service-graph-connectors/sgcc-configure-jamf-integration.md","238","sgcc-configure-jamf-integration.md#schedule-start","","markdown/servicenow-platform/service-graph-connectors/sgcc-configure-jamf-integration.md#schedule-start","schedule-start","markdown/servicenow-platform/service-graph-connectors/sgcc-configure-jamf-integration.md","8.b","","","","","8","","before-you-begin","0"
"none","0","missing target anchor","markdown/servicenow-platform/service-graph-connectors/sgcc-configure-sccm-integ.md","78","sgcc-configure-sccm-integ.md#step_bzt_lbh_g3c","","markdown/servicenow-platform/service-graph-connectors/sgcc-configure-sccm-integ.md#step_bzt_lbh_g3c","step_bzt_lbh_g3c","markdown/servicenow-platform/service-graph-connectors/sgcc-configure-sccm-integ.md","6","","","","","7","","before-you-begin","0"
"none","0","missing target anchor","markdown/servicenow-platform/service-graph-connectors/sgcc-configure-sccm-integ.md","78","sgcc-configure-sccm-integ.md#substep_tk2_qgs_4gc","","markdown/servicenow-platform/service-graph-connectors/sgcc-configure-sccm-integ.md#substep_tk2_qgs_4gc","substep_tk2_qgs_4gc","markdown/servicenow-platform/service-graph-connectors/sgcc-configure-sccm-integ.md","5.b","","","","","7","","before-you-begin","0"
"none","0","missing target anchor","markdown/servicenow-platform/service-graph-connectors/sgcc-configure-sccm-integ.md","79","sgcc-configure-sccm-integ.md#step_skd_3hs_4gc","","markdown/servicenow-platform/service-graph-connectors/sgcc-configure-sccm-integ.md#step_skd_3hs_4gc","step_skd_3hs_4gc","markdown/servicenow-platform/service-graph-connectors/sgcc-configure-sccm-integ.md","7","","","","","7","","before-you-begin","0"
"none","0","missing target anchor","markdown/servicenow-platform/service-graph-connectors/sgcc-configure-sccm-integ.md","79","sgcc-configure-sccm-integ.md#substep_tk2_qgs_4gc","","markdown/servicenow-platform/service-graph-connectors/sgcc-configure-sccm-integ.md#substep_tk2_qgs_4gc","substep_tk2_qgs_4gc","markdown/servicenow-platform/service-graph-connectors/sgcc-configure-sccm-integ.md","5.b","","","","","7","","before-you-begin","0"
"none","0","missing target anchor","markdown/servicenow-platform/service-graph-connectors/sgcc-configure-sccm-integ.md","82","sgcc-configure-sccm-integ.md#substep_tk2_qgs_4gc","","markdown/servicenow-platform/service-graph-connectors/sgcc-configure-sccm-integ.md#substep_tk2_qgs_4gc","substep_tk2_qgs_4gc","markdown/servicenow-platform/service-graph-connectors/sgcc-configure-sccm-integ.md","5.b","","","","","7","","before-you-begin","0"
"none","0","missing target anchor","markdown/servicenow-platform/service-graph-connectors/sgcc-configure-sccm-integ.md","100","sgcc-configure-sccm-integ.md#li_dqk_g2h_g3c","","markdown/servicenow-platform/service-graph-connectors/sgcc-configure-sccm-integ.md#li_dqk_g2h_g3c","li_dqk_g2h_g3c","markdown/servicenow-platform/service-graph-connectors/sgcc-configure-sccm-integ.md","SCCM JDBC Connection Credentials","","","","","7","","before-you-begin","0"
"none","0","missing target anchor","markdown/servicenow-platform/service-graph-connectors/sgcc-configure-sccm-integ.md","100","sgcc-configure-sccm-integ.md#li_dqk_g2h_g3c","","markdown/servicenow-platform/service-graph-connectors/sgcc-configure-sccm-integ.md#li_dqk_g2h_g3c","li_dqk_g2h_g3c","markdown/servicenow-platform/service-graph-connectors/sgcc-configure-sccm-integ.md","SCCM JDBC Conn Cred (Integrated Auth)","","","","","7","","before-you-begin","0"
"none","0","missing target anchor","markdown/servicenow-platform/service-graph-connectors/sgcc-configure-sccm-integ.md","100","sgcc-configure-sccm-integ.md#li_ncv_g2h_g3c","","markdown/servicenow-platform/service-graph-connectors/sgcc-configure-sccm-integ.md#li_ncv_g2h_g3c","li_ncv_g2h_g3c","markdown/servicenow-platform/service-graph-connectors/sgcc-configure-sccm-integ.md","SCCM Air Gap","","","","","7","","before-you-begin","0"
"none","0","missing target anchor","markdown/servicenow-platform/service-graph-connectors/sgcc-configure-sccm-integ.md","100","sgcc-configure-sccm-integ.md#substep_tk2_qgs_4gc","","markdown/servicenow-platform/service-graph-connectors/sgcc-configure-sccm-integ.md#substep_tk2_qgs_4gc","substep_tk2_qgs_4gc","markdown/servicenow-platform/service-graph-connectors/sgcc-configure-sccm-integ.md","5.b","","","","","7","","before-you-begin","0"
"none","0","missing target anchor","markdown/servicenow-platform/service-graph-connectors/sgcc-configure-sccm-integ.md","178","sgcc-configure-sccm-integ.md#alias-template","","markdown/servicenow-platform/service-graph-connectors/sgcc-configure-sccm-integ.md#alias-template","alias-template","markdown/servicenow-platform/service-graph-connectors/sgcc-configure-sccm-integ.md","5","","","","","7","","before-you-begin","0"
"none","0","missing target anchor","markdown/servicenow-platform/service-graph-connectors/sgcc-configure-sccm-integ.md","292","sgcc-configure-sccm-integ.md#custom-sql","","markdown/servicenow-platform/service-graph-connectors/sgcc-configure-sccm-integ.md#custom-sql","custom-sql","markdown/servicenow-platform/service-graph-connectors/sgcc-configure-sccm-integ.md","9.b","","","","","7","","before-you-begin","0"
"none","0","missing target anchor","markdown/servicenow-platform/service-graph-connectors/sgcc-configure-solarwinds-integ.md","53","sgcc-configure-solarwinds-integ.md#substep_j4h_31n_xfc","","markdown/servicenow-platform/service-graph-connectors/sgcc-configure-solarwinds-integ.md#substep_j4h_31n_xfc","substep_j4h_31n_xfc","markdown/servicenow-platform/service-graph-connectors/sgcc-configure-solarwinds-integ.md","5.c","","","","","7","","before-you-begin","0"
"none","0","missing target anchor","markdown/servicenow-platform/service-graph-connectors/sgcc-configure-solarwinds-integ.md","63","sgcc-configure-solarwinds-integ.md#substep_flm_l2n_xfc","","markdown/servicenow-platform/service-graph-connectors/sgcc-configure-solarwinds-integ.md#substep_flm_l2n_xfc","substep_flm_l2n_xfc","markdown/servicenow-platform/service-graph-connectors/sgcc-configure-solarwinds-integ.md","5.a","","","","","7","","before-you-begin","0"
"none","0","missing target anchor","markdown/servicenow-platform/service-graph-connectors/sgcc-configure-tanium.md","146","sgcc-configure-tanium.md#prereq-activity","","markdown/servicenow-platform/service-graph-connectors/sgcc-configure-tanium.md#prereq-activity","prereq-activity","markdown/servicenow-platform/service-graph-connectors/sgcc-configure-tanium.md","Prerequisites activity","","","","","6","","before-you-begin","0"
"none","0","missing target anchor","markdown/servicenow-platform/service-graph-connectors/sgcc-configure-tanium.md","164","sgcc-configure-tanium.md#parent","","markdown/servicenow-platform/service-graph-connectors/sgcc-configure-tanium.md#parent","parent","markdown/servicenow-platform/service-graph-connectors/sgcc-configure-tanium.md","10.b","","","","","6","","before-you-begin","0"
"none","0","missing target anchor","markdown/servicenow-platform/service-graph-connectors/sgcc-configure-tanium.md","164","sgcc-configure-tanium.md#save","","markdown/servicenow-platform/service-graph-connectors/sgcc-configure-tanium.md#save","save","markdown/servicenow-platform/service-graph-connectors/sgcc-configure-tanium.md","10.d","","","","","6","","before-you-begin","0"
"none","0","missing target anchor","markdown/servicenow-platform/sgcc-overview-page-features.md","55","sgcc-overview-page-features.md#section_sb4_f5w_x2c","","markdown/servicenow-platform/sgcc-overview-page-features.md#section_sb4_f5w_x2c","section_sb4_f5w_x2c","markdown/servicenow-platform/sgcc-overview-page-features.md","Ingested and processed data","","","","","12","","access-the-sgc-central-overview-page","0"
"none","0","missing target anchor","markdown/servicenow-platform/sgcc-overview-page-features.md","56","sgcc-overview-page-features.md#section_hg2_l5w_x2c","","markdown/servicenow-platform/sgcc-overview-page-features.md#section_hg2_l5w_x2c","section_hg2_l5w_x2c","markdown/servicenow-platform/sgcc-overview-page-features.md","Data processing performance","","","","","12","","access-the-sgc-central-overview-page","0"
"none","0","missing target anchor","markdown/servicenow-platform/sgcc-overview-page-features.md","57","sgcc-overview-page-features.md#section_uxp_34r_wbc","","markdown/servicenow-platform/sgcc-overview-page-features.md#section_uxp_34r_wbc","section_uxp_34r_wbc","markdown/servicenow-platform/sgcc-overview-page-features.md","Filters","","","","","12","","access-the-sgc-central-overview-page","0"
"none","0","missing target anchor","markdown/servicenow-platform/sgcc-overview-page-features.md","223","sgcc-overview-page-features.md#section_uxp_34r_wbc","","markdown/servicenow-platform/sgcc-overview-page-features.md#section_uxp_34r_wbc","section_uxp_34r_wbc","markdown/servicenow-platform/sgcc-overview-page-features.md","selected filters","","","","","12","","access-the-sgc-central-overview-page","0"
"none","0","missing target anchor","markdown/servicenow-platform/sgcc-overview-page-features.md","227","sgcc-overview-page-features.md#importset","","markdown/servicenow-platform/sgcc-overview-page-features.md#importset","importset","markdown/servicenow-platform/sgcc-overview-page-features.md","SGC.Integrations.ImportSet","","","","","12","","access-the-sgc-central-overview-page","0"
"none","0","missing target anchor","markdown/servicenow-platform/sgcc-overview-page-features.md","229","sgcc-overview-page-features.md#succ-import-set","","markdown/servicenow-platform/sgcc-overview-page-features.md#succ-import-set","succ-import-set","markdown/servicenow-platform/sgcc-overview-page-features.md","SGC.Fully.successful.ImportSet","","","","","12","","access-the-sgc-central-overview-page","0"
"none","0","missing target anchor","markdown/servicenow-platform/sgcc-overview-page-features.md","231","sgcc-overview-page-features.md#part-succ-import-set","","markdown/servicenow-platform/sgcc-overview-page-features.md#part-succ-import-set","part-succ-import-set","markdown/servicenow-platform/sgcc-overview-page-features.md","SGC.Part.success.ImportSet","","","","","12","","access-the-sgc-central-overview-page","0"
"none","0","missing target anchor","markdown/servicenow-platform/sgcc-overview-page-features.md","233","sgcc-overview-page-features.md#error-import-set","","markdown/servicenow-platform/sgcc-overview-page-features.md#error-import-set","error-import-set","markdown/servicenow-platform/sgcc-overview-page-features.md","SGC.Fully.error.ImportSet","","","","","12","","access-the-sgc-central-overview-page","0"
"none","0","missing target anchor","markdown/servicenow-platform/sgcc-overview-page-features.md","241","sgcc-overview-page-features.md#section_uxp_34r_wbc","","markdown/servicenow-platform/sgcc-overview-page-features.md#section_uxp_34r_wbc","section_uxp_34r_wbc","markdown/servicenow-platform/sgcc-overview-page-features.md","selected filters","","","","","12","","access-the-sgc-central-overview-page","0"
"none","0","missing target anchor","markdown/servicenow-platform/sgcc-overview-page-features.md","245","sgcc-overview-page-features.md#import-set-rows","","markdown/servicenow-platform/sgcc-overview-page-features.md#import-set-rows","import-set-rows","markdown/servicenow-platform/sgcc-overview-page-features.md","SGC.Integrations.Importset.rows.ingested","","","","","12","","access-the-sgc-central-overview-page","0"
"none","0","missing target anchor","markdown/servicenow-platform/sgcc-overview-page-features.md","253","sgcc-overview-page-features.md#section_uxp_34r_wbc","","markdown/servicenow-platform/sgcc-overview-page-features.md#section_uxp_34r_wbc","section_uxp_34r_wbc","markdown/servicenow-platform/sgcc-overview-page-features.md","selected filters","","","","","12","","access-the-sgc-central-overview-page","0"
"none","0","missing target anchor","markdown/servicenow-platform/sgcc-overview-page-features.md","265","sgcc-overview-page-features.md#section_uxp_34r_wbc","","markdown/servicenow-platform/sgcc-overview-page-features.md#section_uxp_34r_wbc","section_uxp_34r_wbc","markdown/servicenow-platform/sgcc-overview-page-features.md","selected filters","","","","","12","","access-the-sgc-central-overview-page","0"
"none","0","missing target anchor","markdown/servicenow-platform/sgcc-overview-page-features.md","294","sgcc-overview-page-features.md#section_uxp_34r_wbc","","markdown/servicenow-platform/sgcc-overview-page-features.md#section_uxp_34r_wbc","section_uxp_34r_wbc","markdown/servicenow-platform/sgcc-overview-page-features.md","selected filters","","","","","12","","access-the-sgc-central-overview-page","0"
"low","65","missing target anchor","markdown/servicenow-platform/sgcc-overview-page-features.md","298","sgcc-overview-page-features.md#records-added","sgcc-overview-page-features.md#monitoring-and-analyzing-connections-added-for-service-graph-connectors-in-sgc-central","markdown/servicenow-platform/sgcc-overview-page-features.md#records-added","records-added","markdown/servicenow-platform/sgcc-overview-page-features.md","Records added","monitoring-and-analyzing-connections-added-for-service-graph-connectors-in-sgc-central","Monitoring and analyzing connections added for Service Graph Connectors in SGC Central","h1","12","12","link/candidate token overlap 0.50","access-the-sgc-central-overview-page","0"
"none","0","missing target anchor","markdown/servicenow-platform/sgcc-overview-page-features.md","300","sgcc-overview-page-features.md#records-updated","","markdown/servicenow-platform/sgcc-overview-page-features.md#records-updated","records-updated","markdown/servicenow-platform/sgcc-overview-page-features.md","Records updated","","","","","12","","access-the-sgc-central-overview-page","0"
"none","0","missing target anchor","markdown/servicenow-platform/sgcc-overview-page-features.md","302","sgcc-overview-page-features.md#errors","","markdown/servicenow-platform/sgcc-overview-page-features.md#errors","errors","markdown/servicenow-platform/sgcc-overview-page-features.md","Errors","","","","","12","","access-the-sgc-central-overview-page","0"
"none","0","missing target anchor","markdown/servicenow-platform/sgcc-settings.md","44","sgcc-settings.md#sys-prop-save","","markdown/servicenow-platform/sgcc-settings.md#sys-prop-save","sys-prop-save","markdown/servicenow-platform/sgcc-settings.md","6","","","","","4","","configure-system-properties-for-a-service-graph-connector-in-sgc-central","0"
"none","0","missing target anchor","markdown/servicenow-platform/sgcc-settings.md","44","sgcc-settings.md#sys-prop-select","","markdown/servicenow-platform/sgcc-settings.md#sys-prop-select","sys-prop-select","markdown/servicenow-platform/sgcc-settings.md","4","","","","","4","","configure-system-properties-for-a-service-graph-connector-in-sgc-central","0"
"none","0","missing target anchor","markdown/source-to-pay-operations/accounts-payable-operations/apm-docintel-how-it-works.md","44","apm-docintel-how-it-works.md#ip-case-low","","markdown/source-to-pay-operations/accounts-payable-operations/apm-docintel-how-it-works.md#ip-case-low","ip-case-low","markdown/source-to-pay-operations/accounts-payable-operations/apm-docintel-how-it-works.md","step 1","","","","","5","","invoice-ingestion-process-flow-when-extraction-confidence-is-high","0"
"none","0","missing target anchor","markdown/source-to-pay-operations/accounts-payable-operations/resolution-plan-scenarios.md","69","exploring-now-assist-apo.md#invoice-finder","","markdown/source-to-pay-operations/accounts-payable-operations/exploring-now-assist-apo.md#invoice-finder","invoice-finder","markdown/source-to-pay-operations/accounts-payable-operations/exploring-now-assist-apo.md","Relevant invoice finder skill","","","","","3","","now-assist-for-apo-overview","0"
"none","0","missing target anchor","markdown/source-to-pay-operations/sourcing-and-procurement-operations/map-spend-product-categories.md","63","map-spend-product-categories.md#spend-category-form","","markdown/source-to-pay-operations/sourcing-and-procurement-operations/map-spend-product-categories.md#spend-category-form","spend-category-form","markdown/source-to-pay-operations/sourcing-and-procurement-operations/map-spend-product-categories.md","step 3","","","","","4","","before-you-begin","0"
"none","0","missing target anchor","markdown/source-to-pay-operations/sourcing-and-procurement-operations/purchase-requisition.md","365","installed-with-FSC.md#section_fls_xdt_flb","","markdown/source-to-pay-operations/sourcing-and-procurement-operations/installed-with-FSC.md#section_fls_xdt_flb","section_fls_xdt_flb","markdown/source-to-pay-operations/sourcing-and-procurement-operations/installed-with-FSC.md","Purchasing properties","","","","","9","","roles-installed","0"
